Unnamed: 0,case_id,solver_status,termination_condition,objective_metric,objective_value,objective_unit,total_costs,operating_costs,methanol_output_period,CAPEX_technologies,CAPEX_total_technologies,OPEX_fix_technologies,CAPEX_industries,CAPEX_total_industries,OPEX_fix_industries,solver_time,start_time,end_time,time_step,direct_emitted_co2,indirect_emitted_co2,technology_symbiosis,direct_symbiosis,wt_scale,pv_scale,bess_scale,anaerobic_digester_lvl2_scale,compressor_biogas_scale,steam_generator_scale,reformer_auto_scale,reverse_water_gas_shift_scale,compressor_syngas_mp_to_hp_scale,electrolyzer_lvl2_scale,storage_o2_l_scale,compressor_h2_lp_to_mp_scale,compressor_h2_mp_to_hp_scale,cgh2_scale,biogas_storage_scale,compressor_cgh2_scale,meohsyn_syngas_scale,distillery_syngas_scale,fuel_boiler_aux_scale,storage_meoh_scale,genset_gas_scale,wt_CAPEX,pv_CAPEX,bess_CAPEX,anaerobic_digester_lvl2_CAPEX,compressor_biogas_CAPEX,steam_generator_CAPEX,reformer_auto_CAPEX,reverse_water_gas_shift_CAPEX,compressor_syngas_mp_to_hp_CAPEX,electrolyzer_lvl2_CAPEX,storage_o2_l_CAPEX,compressor_h2_lp_to_mp_CAPEX,compressor_h2_mp_to_hp_CAPEX,cgh2_CAPEX,biogas_storage_CAPEX,compressor_cgh2_CAPEX,meohsyn_syngas_CAPEX,distillery_syngas_CAPEX,fuel_boiler_aux_CAPEX,storage_meoh_CAPEX,genset_gas_CAPEX,wt_OPEX_fix,pv_OPEX_fix,bess_OPEX_fix,anaerobic_digester_lvl2_OPEX_fix,compressor_biogas_OPEX_fix,steam_generator_OPEX_fix,reformer_auto_OPEX_fix,reverse_water_gas_shift_OPEX_fix,compressor_syngas_mp_to_hp_OPEX_fix,electrolyzer_lvl2_OPEX_fix,storage_o2_l_OPEX_fix,compressor_h2_lp_to_mp_OPEX_fix,compressor_h2_mp_to_hp_OPEX_fix,cgh2_OPEX_fix,biogas_storage_OPEX_fix,compressor_cgh2_OPEX_fix,meohsyn_syngas_OPEX_fix,distillery_syngas_OPEX_fix,fuel_boiler_aux_OPEX_fix,storage_meoh_OPEX_fix,genset_gas_OPEX_fix,optimization_mode,bo_penalized,bo_objective,_termination_condition_norm,abs_cost_gap,rel_cost_gap,layout_distance
0.0,0.0,ok,optimal,lcom,27727808.34580738,USD/ton,213177370132.3754,213161067676.9414,9708.04323429,11493328.91665925,230493611.8635219,4809126.517281874,0,0,0,583.492317199707,01.01.2025 00:00:00,31.12.2025 22:00:00,1,,,1.0,1.0,27.60249705311444,53.75668818617284,2.720359218131537,20000,205479.4520547945,1213097.698766512,10174,12540038.28734183,167689.8851058087,28.60804277577373,0,1012038.121235771,201257.5809275682,5.512984204454809,0.2524419150517242,537645.2519065036,21132,16406,86357.12294666216,288,0.7115512775918348,39046371.75449607,41574181.97527848,1013554.280807199,17237350.05768161,1999119.308959896,696898.6027442485,799641.6756253854,5734707.685855009,1744630.608451359,62510616.52009497,0,4806619.943390841,1628815.47330644,12730493.11702167,25244.19150517242,3216114.289715953,19646460.73209291,12948475.67876864,367837.5671872156,681169.5217856169,2085308.878753225,585708.2829369613,293460.5851617501,12159.87450864308,603169.5106371151,83832.3545775171,20902.18480422646,31978.36436131113,286669.9195931409,73160.46176882673,1249926.948022358,0,201563.8914634638,68303.7954201019,0,0,0,589259.2571632522,647275.9702891302,974.4011741727013,20430.42010889874,40350.29529100483,BO,0.0,27727808.34580738,optimal,27727004.332367394,3448574.7318821778,1.2947271301192318
1.0,1.0,ok,optimal,lcom,1365.375310892371,USD/ton,-9232077.085425258,-26910183.48965217,18367.8057074,12758468.86547979,257000034.5113823,4919637.538747122,0,0,0,1295.070496082306,01.01.2025 00:00:00,31.12.2025 22:00:00,1,,,1.0,1.0,50.28721624627656,38.96490821856244,189.5656366739546,20000,205479.4520547945,1279511.638044372,10731,12540038.28734183,273357.0491257287,7.183432981152372,0,254121.1251412463,50535.45102240693,9.286928227407078,5.638173241551391,135001.8477312871,34448,18372,91084.95049544246,288,4.846576569567982,66994474.57142258,31120083.23830111,34718399.64242867,17237350.05768161,1999119.308959896,727257.7584490627,838936.3958768969,5734707.685855009,2420433.597473773,18022427.62937404,0,1904299.246706376,645308.3695760235,21445223.03941043,563817.324155139,1274168.561558291,27999243.47707715,14304541.01726447,381211.1114320867,681169.5217856169,7987862.956594129,1004938.920169287,219668.010372994,416525.6768060141,603169.5106371151,83832.3545775171,21812.75153594826,33549.79431547889,286669.9195931409,101500.0188659712,360366.2740311602,0,79856.10911569191,27060.77611660048,0,0,0,839785.5286720602,715063.7570159932,1009.827673196985,20430.42010889874,104397.8891400535,BO,0.0,1365.375310892371,optimal,561.3618709042391,69.81996108330296,1.5887773639179783
2.0,2.0,ok,optimal,lcom,1663.095612137686,USD/ton,-4480312.206238952,-24588354.54695841,16790.994894,14162901.34501236,283955437.009049,5945140.995707096,0,0,0,813.118007183075,01.01.2025 00:00:00,31.12.2025 22:00:00,1,,,1.0,1.0,64.10760433830994,31.91403654649372,89.58159842140014,20000,205479.4520547945,3145421.397037604,26380,12540038.28734183,133663.0903237858,24.65527180089848,0,872204.8952285845,173449.8371193208,8.380288304811536,0.6413878456956162,463358.8505901856,16844,31642,223913.9869601875,288,0.7647906908646823,83357703.80675921,26002674.66757195,16592852.54218542,17237350.05768161,1999119.308959896,1493468.407639285,1884951.467110698,5734707.685855009,1498689.24333542,54680599.26238954,0,4350831.741776408,1474362.888312507,19351624.93243725,64138.78456956163,2911145.940738894,16667681.07071345,25082574.8878414,696451.2631347209,681169.5217856169,2193339.528251171,1250392.68368393,183545.6468693432,199068.7706362464,603169.5106371151,83832.3545775171,44793.8229935098,75380.84451577863,286669.9195931409,62846.99841860521,1093362.349579468,0,182450.5759356028,61826.88140471872,0,0,0,499916.2699222888,1253842.413628509,1844.898371152882,20430.42010889874,41766.63483127132,BO,0.0,1663.095612137686,optimal,859.082172149554,106.8492303017018,1.595490471515028
3.0,3.0,ok,optimal,lcom,4543199.63704134,USD/ton,31474029698.85691,31459731916.80831,8750.977641306,9919607.712550446,199209539.0087123,4378174.336046536,0,0,0,637.5629019737244,01.01.2025 00:00:00,31.12.2025 22:00:00,1,,,1.0,1.0,12.69677222691555,11.13702219887199,116.1509695468644,20000,205479.4520547945,2302548.6200983,19311,12540038.28734183,195392.2033390274,21.95514178110435,0,776685.0956483474,154454.4224300691,8.550400547067293,4.449421494118045,412613.9570631846,24623,16270,163912.1683922737,288,1.300651181890855,19411144.63716002,10081534.3662013,23462283.51322506,17237350.05768161,1999119.308959896,1163643.688336989,1423564.495898908,5734707.685855009,1932821.424296833,49260302.19914016,0,4025520.20459882,1364124.826714036,19744445.34491152,444942.1494118045,2693479.660556934,21949497.78182907,12853970.81833534,565100.6567900102,681169.5217856169,3180816.667023361,291173.4864062719,71162.7465380552,281483.1219298973,603169.5106371151,83832.3545775171,34901.34048786081,56929.5792469528,286669.9195931409,81052.17645112758,984981.1538274803,0,168808.7527534647,57204.08764426557,0,0,0,658334.5944289691,642551.8060900727,1496.950808240035,20430.42010889874,53992.3345172067,BO,0.0,4543199.63704134,optimal,4542395.623601352,564965.135864943,1.014671994489833
5.0,5.0,ok,optimal,lcom,1965.210044461639,USD/ton,-488469.6779307462,-25972936.50649539,17727.9514822,18809984.90559663,376707213.5412772,6674481.922968015,0,0,0,930.1459782123566,01.01.2025 00:00:00,31.12.2025 22:00:00,1,,,1.0,1.0,63.68699894269174,145.5862356422339,124.9364374856725,20000,205479.4520547945,2680404.587013091,22480,12540038.28734183,140709.6840193167,29.00511424081163,0,1026084.921382952,204050.9786841098,9.120349561537283,6.66038478770693,545107.6144846934,17732,29242,190810.7060979915,288,0.1873504146027838,82865328.42187405,101916087.5589478,24871575.76769841,17237350.05768161,1999119.308959896,1314054.121278116,1632185.580535325,5734707.685855009,1551175.577754115,63290943.90514799,0,4851216.924601224,1643928.016822203,21060562.30383559,666038.478770693,3245954.175173535,17300224.42431687,23400551.15798511,625662.5291300592,681169.5217856169,819378.0231241132,1243006.892679973,719397.3103362458,298390.7679089078,603169.5106371151,83832.3545775171,39412.6232676498,65272.51741702468,286669.9195931409,65047.99411593131,1265529.933261578,0,203434.0499503332,68937.53453757394,0,0,0,518888.2380416683,1169760.428319825,1657.379118946555,20430.42010889874,21644.04909568599,BO,0.0,1965.210044461639,optimal,1161.196604473507,144.42502410042394,1.7404530056594527
6.0,6.0,ok,optimal,lcom,1258.373381371529,USD/ton,-15588934.30937469,-38880366.40648869,26540.3066327,16896466.98646186,338746928.5836077,6394965.110652138,0,0,0,620.5449588298798,01.01.2025 00:00:00,31.12.2025 22:00:00,1,,,1.0,1.0,7.660936156547247,145.4829688076969,161.4712176882167,20000,205479.4520547945,3097846.600319711,25981,12540038.28734183,242163.1754577874,37.8903276873335,0,1340408.23226711,266558.4552803912,7.756958121559832,5.558224159831151,712091.8733919021,30517,29134,220527.2666873628,288,0.9455603358001624,12319151.85354936,101851023.4918863,30537121.93660488,17237350.05768161,1999119.308959896,1475369.827245472,1859272.891226859,5734707.685855009,2231702.580153142,80498905.48513502,0,5802387.487661417,1966250.42822823,17912241.05009174,555822.4159831151,3882383.365715491,25644558.13396316,23324479.68897878,689375.8232670296,681169.5217856169,2544535.549635415,184791.2867487169,718938.0411868443,366361.7998914871,603169.5106371151,83832.3545775171,44250.98954457481,74353.93598796742,286669.9195931409,93585.65102765016,1609610.604621536,0,243321.0479642964,82454.00979753683,0,0,0,769161.0963604428,1165957.723265273,1826.155541355518,20430.42010889874,46250.56379778417,BO,0.0,1258.373381371529,optimal,454.359941383397,56.51148585154295,1.5764989668187341
7.0,7.0,ok,optimal,lcom,6983161.000164693,USD/ton,83603955853.15607,83580889135.5724,15120.77293693,16479431.64489377,330240351.5098244,6587285.93876066,0,0,0,666.8555083274841,01.01.2025 00:00:00,31.12.2025 22:00:00,1,,,1.0,1.0,16.86622583488221,139.1445808872647,103.0786203358136,20000,205479.4520547945,2606717.30788613,21862,12540038.28734183,182013.1977414317,43.48344219071163,0,1538270.250938615,305906.0158116563,1.481581932918228,1.087909642043345,817206.0708111391,22937,31508,185565.1092844435,288,0.5554013384652906,25063589.55530293,97848489.41558422,21324894.17194345,17237350.05768161,1999119.308959896,1285073.947364285,1591745.979382854,5734707.685855009,1843116.623120759,91118376.83918045,0,6363114.667956658,2156263.601377942,3421244.81040199,108790.9642043345,4257566.491991015,20849297.84986278,24989076.0584067,614085.5053252114,681169.5217856169,1753278.454136711,375961.9996186428,690685.266595635,255840.3056957271,603169.5106371151,83832.3545775171,38543.41654457674,63655.30268235187,286669.9195931409,77290.43763654382,1821951.550177654,0,266834.94210212,90422.14438284756,0,0,0,625336.1320859529,1249168.539495009,1626.711599924151,20430.42010889874,35866.98522700246,BO,0.0,6983161.000164693,optimal,6982356.986724705,868437.8443758069,1.4716619970752685
8.0,8.0,ok,optimal,lcom,1187.705787915813,USD/ton,-14434472.75820154,-32859976.12749381,22436.8758518,13298855.14861054,267435624.5305886,5126648.220681734,0,0,0,1302.64647936821,01.01.2025 00:00:00,31.12.2025 22:00:00,1,,,1.0,1.0,67.59245073259268,39.08206960691321,182.538818049745,20000,205479.4520547945,1507131.404797396,12640,12540038.28734183,179815.1048882086,7.727010566049186,0,273350.725784556,54359.51933215603,7.699268870517618,5.715152910276675,145217.5730730454,22660,22442,107288.5820764507,288,3.280111305458762,87424976.3885552,31204286.49431954,33684972.27483215,17237350.05768161,1999119.308959896,829036.9097278744,972131.9730108083,5734707.685855009,1828173.548745323,19245305.34032772,0,1999679.687055534,677629.8634576251,17779025.97345038,571515.2910276675,1337987.711143462,20666447.04557127,17058876.85456815,425409.4762309305,681169.5217856169,6077823.124282822,1311403.095998257,220262.3777329672,404127.3797027123,603169.5106371151,83832.3545775171,24865.4289568381,38876.40100287066,286669.9195931409,76663.80514697447,384818.245394545,0,83855.85383291467,28416.1664244292,0,0,0,619851.8603599765,852749.1066912538,1126.909076507233,20430.42010889874,85529.38544481584,BO,0.0,1187.705787915813,optimal,383.6923479276811,47.72213110434383,1.3859780736503866
9.0,9.0,ok,optimal,lcom,1926.83950945779,USD/ton,-906370.9151114132,-22916795.24754425,15642.4282098,16360250.79752347,328215997.6534181,5650173.534909366,0,0,0,960.9938623905182,01.01.2025 00:00:00,31.12.2025 22:00:00,1,,,1.0,1.0,60.65171271624485,146.2237359448256,134.5666758577033,20000,205479.4520547945,3570852.160670287,29948,12540038.28734183,124156.5371174277,9.880249139658043,0,349523.6935645429,69507.55269749434,8.043937613910952,1.756057543133919,185684.4622061634,15646,26901,254199.2449387299,288,1.527980960830744,79302323.52410689,102317647.5052886,26393806.37700989,17237350.05768161,1999119.308959896,1652990.915198098,2112924.128635217,5734707.685855009,1426407.168150918,24010740.64323137,0,2357692.794171796,798949.4800250437,18574929.40844947,175605.7543133919,1577534.645010248,15799552.97322824,21743831.60735716,758233.664652485,681169.5217856169,3560480.490307208,1189560.659726795,722231.8102886624,316653.3647258256,603169.5106371151,83832.3545775171,49578.4056003594,84497.66903464506,286669.9195931409,59815.87539892982,480105.1956078993,0,98869.00567665554,33503.66123662217,0,0,0,473878.3730805923,1086943.363112065,2008.55986185505,20430.42010889874,58425.38664178945,BO,0.0,1926.83950945779,optimal,1122.826069469658,139.6526492748967,1.6925657960732785
10.0,10.0,ok,optimal,lcom,1339.127599067698,USD/ton,-8066943.732531978,-21290440.66370226,15412.2565891,8686871.653310109,175017358.982114,4536625.277860174,0,0,0,861.1131203174591,01.01.2025 00:00:00,31.12.2025 22:00:00,1,,,1.0,1.0,10.87094380252996,7.203506655380409,138.7336721638518,20000,205479.4520547945,3299950.060061135,27676,12540038.28734183,214667.1764093478,9.563652658451776,0,338323.7764453901,67280.29645220825,3.747773649526252,1.752009665713161,179734.5062366135,27052,33605,234914.4618313173,288,2.922583659293678,16879814.72483437,6811206.129913045,27045655.53715913,17237350.05768161,1999119.308959896,1551882.603290639,1968094.058793399,5734707.685855009,2058575.823757013,23317171.42178664,0,2306803.854039394,781704.7853988758,8654297.723344807,175200.9665713161,1543484.803442607,23498867.7814135,26446931.73880209,719193.6529181624,681169.5217856169,5606126.802366851,253202.713966333,48078.40928127347,324473.7687595063,603169.5106371151,83832.3545775171,46545.84876581992,78705.78889001197,286669.9195931409,86325.64230080391,466236.9775601061,0,96734.99613848883,32780.51112346857,0,0,0,704805.0822932172,1322044.681326646,1905.142928221737,20430.42010889874,80683.50960960542,BO,0.0,1339.127599067698,optimal,535.114159079566,66.55537488122894,1.0372479552833138
11.0,11.0,ok,optimal,lcom,2551807.622068898,USD/ton,29879183798.52961,29860279460.07455,14795.7209961,12914464.49331249,259962346.6758702,5989873.96174425,0,0,0,856.0575997829437,01.01.2025 00:00:00,31.12.2025 22:00:00,1,,,1.0,1.0,14.92446144899038,20.23861159237741,175.5759035310286,20000,205479.4520547945,1960463.17703155,16442,12540038.28734183,158286.4914918402,39.70987525856632,0,1404776.547147042,279358.9724440141,3.744907201141811,4.964464772091951,746287.5406718662,19947,33455,139560.0369067249,288,4.166468697902293,22451013.52539368,17258263.76831637,32653063.77507685,17237350.05768161,1999119.308959896,1023151.445689842,1231720.132558503,5734707.685855009,1678461.051788422,83969800.4105036,0,5987626.974194195,2029022.385546554,8647678.56753461,496446.4772091951,4006327.294437561,18841420.36721388,26343020.66901936,507371.6906952828,681169.5217856169,7185611.566410092,336772.5089755279,121821.2829139383,391747.3048522234,603169.5106371151,83832.3545775171,30687.53548408096,49257.55671665476,286669.9195931409,70385.66503131206,1679012.657304501,0,251088.9997054322,85086.3294194069,0,0,0,565113.5601919831,1316850.314036936,1344.026862008495,20430.42010889874,96604.0153335739,BO,0.0,2551807.622068898,optimal,2551003.6086289096,317283.70220609306,1.1536272172886706
12.0,12.0,ok,optimal,lcom,1328.085476991208,USD/ton,-14092005.71693437,-38795825.68390918,26480.9524158,18155074.40274205,364199061.433494,6548745.564232757,0,0,0,666.4275434017181,01.01.2025 00:00:00,31.12.2025 22:00:00,1,,,1.0,1.0,66.74422491587676,134.00717205684,110.4246190754998,20000,205479.4520547945,2389232.522890049,20038,12540038.28734183,218888.7843440577,23.58586925679326,0,834373.7108283186,165926.5902215406,8.186445851767246,6.138428656212841,443261.0338775442,27584,26487,170082.9594658164,288,1.695536264551781,86436958.05545776,94590973.7526975,22532259.00579684,17237350.05768161,1999119.308959896,1198559.793647946,1471708.491266706,5734707.685855009,2085612.58053878,52541340.45612872,0,4223470.743133434,1431204.168104001,18904007.10464212,613842.8656212841,2825928.567093329,23833009.71820065,21449081.60173661,579267.3489554985,681169.5217856169,3829490.606190714,1296582.499477094,667691.3697302017,270325.3758531078,603169.5106371151,83832.3545775171,35948.58449578327,58854.89939047415,286669.9195931409,87459.4190448915,1050586.939903578,0,177109.7379227182,60017.03587953401,0,0,0,714827.0517534289,1072209.227557129,1534.478354938845,20430.42010889874,61496.73995320841,BO,0.0,1328.085476991208,optimal,524.072037003076,65.18199957090417,1.591599843263006
13.0,13.0,ok,optimal,lcom,983.0306114511138,USD/ton,-17290642.29335372,-30883219.55717839,21467.3315668,9429338.147113504,189940402.4011935,4163239.116711169,0,0,0,894.5337824821472,01.01.2025 00:00:00,31.12.2025 22:00:00,1,,,1.0,1.0,24.43891373829147,23.77195293798106,185.3412492208677,20000,205479.4520547945,1434755.711544863,12033,12540038.28734183,198590.1507031028,4.864423743668228,0,172083.8543560072,34221.22103670599,4.288323278360052,2.139379410383691,91419.54762662886,25026,22785,102136.3534909756,288,3.149111715232269,34994585.87609552,19947700.25856516,34098060.39425556,17237350.05768161,1999119.308959896,797031.233398458,930013.7844344171,5734707.685855009,1953959.461502226,12689447.40576464,0,1466573.264851301,496976.5146112582,9902526.100947753,213937.9410383691,981285.6621812014,22209367.07950253,17288105.81271493,411611.1630398894,681169.5217856169,5906873.874008107,524930.1762133077,140805.2669320264,409083.3053875209,603169.5106371151,83832.3545775171,23905.47788391677,37192.05810080658,286669.9195931409,81938.59249549925,253731.0164406858,0,61500.22632560544,20840.53273001802,0,0,0,666128.8934324764,864207.9378296643,1090.357365169631,20430.42010889874,83783.07065779992,BO,0.0,983.0306114511138,optimal,179.01717146298188,22.265445147984636,0.9748691335551173
14.0,14.0,ok,optimal,lcom,1456.172537666276,USD/ton,-9460137.263411738,-32178686.3843829,21963.9841386,16452521.35789903,329574653.3164916,6266027.76307213,0,0,0,764.0540804862976,01.01.2025 00:00:00,31.12.2025 22:00:00,1,,,1.0,1.0,59.44848108272002,72.86256577100252,178.046225186469,20000,205479.4520547945,3120739.735582456,26173,12540038.28734183,186853.7632304788,30.8355479949848,0,1090838.345870582,216928.0801447181,6.806584405754994,5.793182739545822,579507.871243747,23547,21969,222156.9666682709,288,0.2921482448351037,77885002.1767042,54662371.87847168,33020087.77124956,17237350.05768161,1999119.308959896,1484085.805395979,1871634.384701092,5734707.685855009,1875815.522823314,66874562.5545842,0,5054257.281520664,1712732.140915846,15717653.58186077,579318.273954582,3381808.68436466,21249841.07348619,16742076.31494525,692784.988613956,681169.5217856169,1118274.308617501,1168300.378285625,385846.4767226016,396150.5872611008,603169.5106371151,83832.3545775171,44512.40919060952,74848.28283658538,286669.9195931409,78661.65432274825,1337185.945803477,0,211948.4748365958,71822.8109198099,0,0,0,637349.6853479181,836912.6961546247,1835.18641534263,20430.42010889874,26550.97005842068,BO,0.0,1456.172537666276,optimal,652.159097678144,81.11295971467473,1.4753646412308012
15.0,15.0,ok,optimal,lcom,15234798.90507179,USD/ton,196713542799.9654,196690917157.174,16305.3216222,15743892.55385773,316270454.1019009,6881750.237608977,0,0,0,675.1765401363373,01.01.2025 00:00:00,31.12.2025 22:00:00,1,,,1.0,1.0,56.26208852076203,47.78359978573184,31.80714005089803,20000,205479.4520547945,3521727.307918979,29536,12540038.28734183,159778.337904858,47.18567577025362,0,1669240.466048492,331951.2290437342,2.055908024313394,2.33175158110762,886783.9975882614,20135,31031,250702.1803963646,288,2.862270363982609,74117611.36214712,37392580.38638076,7247124.207775536,17237350.05768161,1999119.308959896,1634773.355150584,2086744.953946357,5734707.685855009,1689043.672648846,98071679.2482223,0,6721180.303022369,2277601.018049769,4747469.243899196,233175.158110762,4497148.572362167,18969999.64158986,24655859.19868426,751228.8280825539,681169.5217856169,5524888.377546314,1111788.290068552,263943.822813403,86945.63535849062,603169.5106371151,83832.3545775171,49032.00357674254,83450.74112631155,286669.9195931409,70829.44345932,1960985.854150905,0,281850.2966866696,95510.38563606462,0,0,0,568970.0577433011,1232511.500354318,1990.004060089553,20430.42010889874,79839.99765813815,BO,0.0,15234798.90507179,optimal,15233994.8916318,1894743.8107324014,1.4815774784569002
16.0,16.0,ok,optimal,lcom,1218.446262357638,USD/ton,-12352230.72450301,-29234804.12274435,19955.4428104,11976824.87664429,240625675.8350772,4905748.521597041,0,0,0,846.8712892532349,01.01.2025 00:00:00,31.12.2025 22:00:00,1,,,1.0,1.0,67.44371943284085,34.62230964446498,88.54604247682386,20000,205479.4520547945,1430701.718842085,11999,12540038.28734183,171475.0486111783,10.33622478277664,0,365654.2879155063,72715.34134683364,4.162359531540583,1.943209582053608,194253.8404551127,21609,19960,101847.7607860231,288,2.035365196366442,87251823.38452761,27980462.61716938,16439224.71653129,17237350.05768161,1999119.308959896,795229.0741620956,927648.4186462869,5734707.685855009,1770918.247173216,25005768.21264586,0,2430050.110432504,823469.1461772266,9611652.673343206,194320.9582053608,1625948.998866441,19966986.46129596,15387126.90211902,410831.5669896678,681169.5217856169,4351867.772509931,1308805.744589731,197506.3018104278,197225.6576265494,603169.5106371151,83832.3545775171,23851.42545038231,37097.46507079541,286669.9195931409,74262.82451449143,500001.2043544542,0,101903.2839040021,34531.88468370678,0,0,0,598872.833657637,769180.6929723641,1088.29221637984,20430.42010889874,67318.70582944695,BO,0.0,1218.446262357638,optimal,414.4328223695061,51.54550928596711,1.2281683315877039
17.0,17.0,ok,optimal,lcom,29763860.94739248,USD/ton,307063868737.7235,307044296104.8961,13026.97118494,13189035.74763873,265111698.730969,6383597.07980113,0,0,0,608.2596640586853,01.01.2025 00:00:00,31.12.2025 22:00:00,1,,,1.0,1.0,39.0132077023453,0.290212602428963,105.1637974115796,20000,205479.4520547945,2748964.757721833,23055,12540038.28734183,248828.8721968031,36.96833930388006,0,1307791.971214061,260072.2670027962,3.711512140502276,5.072197784611718,694764.4847074699,31357,34846,195691.3180199819,288,2.807128952258081,53311100.00741615,378337.2467089634,21669306.61792795,17237350.05768161,1999119.308959896,1340875.045553008,1669711.63891386,5734707.685855009,2272675.359369625,78733833.55874318,0,5707406.253962609,1934064.213186395,8570563.238731278,507219.7784611718,3818831.325705834,26154408.63953255,27304513.5036951,636340.0460862507,681169.5217856169,5450165.682692988,799683.8488131462,2670.577375971427,259972.3114517986,603169.5106371151,83832.3545775171,40217.06729093577,66773.21704843656,286669.9195931409,95303.82989766952,1574317.224251729,0,239338.0438354477,81104.29235956201,0,0,0,784453.1194007742,1364913.979825122,1685.663845650575,20430.42010889874,79061.69948821492,BO,0.0,29763860.94739248,optimal,29763056.93395249,3701810.872016247,1.2587975836511438
18.0,18.0,ok,optimal,lcom,1160.783029132539,USD/ton,-16310873.64476255,-35719086.52632928,24540.1822713,13393196.33311286,269677591.2470682,6015016.548453871,0,0,0,663.9969966411591,01.01.2025 00:00:00,31.12.2025 22:00:00,1,,,1.0,1.0,32.08325708448284,36.27338845865153,162.0720299967417,20000,205479.4520547945,1327205.669841758,11131,12540038.28734183,220832.9458929372,32.72214938544424,0,1157578.756659476,230200.3209266003,0.1661372734902344,0.3241387674211001,614963.7144753465,27829,27336,94480.15878900101,288,4.723154477584361,44707229.34509263,29178554.43627454,30627987.72646782,17237350.05768161,1999119.308959896,748865.0346129707,867029.0024838398,5734707.685855009,2098005.76295457,70545950.78547688,0,5259406.603627182,1782250.92836333,383641.4794983679,32413.87674211002,3519074.304306075,23986293.78584524,22052946.93317734,390674.0121903794,681169.5217856169,7844920.655672734,670622.9889738209,205963.2986677845,367451.9404224728,603169.5106371151,83832.3545775171,22460.82182582328,34673.24202627161,286669.9195931409,87979.12272539113,1410596.949276299,0,220551.3384251221,74738.05645466929,0,0,0,719424.5238918925,1102395.600689308,1034.894883380189,20430.42010889874,103021.5652749628,BO,0.0,1160.783029132539,optimal,356.76958914440706,44.37358524127076,1.3670127591994619
19.0,19.0,ok,optimal,lcom,13435541.23334757,USD/ton,124392755187.5564,124369738922.3917,11691.746565705,16879006.49772518,338443168.5839333,6137258.666992052,0,0,0,773.707288980484,01.01.2025 00:00:00,31.12.2025 22:00:00,1,,,1.0,1.0,49.4840335550011,122.6332586887596,38.23697943406032,20000,205479.4520547945,1885225.841871173,15811,12540038.28734183,148311.7524430988,34.44711009392731,0,1218600.966682773,242335.4195107787,9.622734077957869,5.944352965624821,647381.763550223,18690,24414,134204.0958236362,288,1.069347594613292,66030674.45508791,87333708.04861358,8397168.535225704,17237350.05768161,1999119.308959896,991616.3481130854,1189094.212606356,5734707.685855009,1606835.863039266,73884266.15954743,0,5443586.110459302,1844663.69120442,22220660.42695782,594435.2965624821,3642308.99953304,17972940.29338771,18371242.52368255,494241.6913782944,681169.5217856169,2773379.354252134,990481.6047807498,616464.350002882,100743.016481516,603169.5106371151,83832.3545775171,29741.69855059727,47552.90919637663,286669.9195931409,67382.0883098082,1477348.016204374,0,228274.8402959012,77355.31338436148,0,0,0,539065.1064708547,918352.4088037186,1309.245513139773,20430.42010889874,49085.86408109999,BO,0.0,13435541.23334757,optimal,13434737.219907582,1670959.2839773789,1.5255429568768313
20.0,20.0,ok,optimal,lcom,2245.502898849567,USD/ton,2347690.569893198,-17263986.4528085,12074.2190172,14497396.0161019,291157044.1801646,5114281.006599797,0,0,0,672.3988819122314,01.01.2025 00:00:00,31.12.2025 22:00:00,1,,,1.0,1.0,54.73970493253771,135.2114336811914,156.8958444675212,20000,205479.4520547945,1816546.436082938,15235,12540038.28734183,236537.0099959278,2.183525478909609,0,77244.39734190634,15361.1017441291,3.634166910426015,2.415870492705915,41036.08608788774,29808,21974,129314.9958809119,288,2.286655358508533,72310165.69715264,95355672.65445462,29842909.35366298,17237350.05768161,1999119.308959896,962609.5677567142,1150035.040960401,5734707.685855009,2196829.164177343,6171019.061860316,0,857489.4051848272,290576.7520233943,8391958.89621844,241587.0492705915,573747.0325872012,25211210.31152714,16745429.40930226,482104.3693144778,681169.5217856169,4721353.840429095,1084676.016907759,673089.1665483238,358033.1508484662,603169.5106371151,83832.3545775171,28871.69381648392,45990.89903530232,286669.9195931409,92123.24677778405,123392.2084210975,0,35958.5121006707,12185.23236628755,0,0,0,756163.6298231324,837080.3125951425,1277.09376485389,20430.42010889874,71337.63867782045,BO,0.0,2245.502898849567,optimal,1441.489458861435,179.2867366598639,1.3994040993322967
21.0,21.0,ok,optimal,lcom,23867899.72390585,USD/ton,272595226145.7581,272573470444.8902,14421.66000779,15203886.61170978,304526478.2725614,6551814.256128589,0,0,0,702.7800316810608,01.01.2025 00:00:00,31.12.2025 22:00:00,1,,,1.0,1.0,60.6248818145698,51.94587422034081,26.38775513173012,20000,205479.4520547945,2910170.585196998,24407,12540038.28734183,169253.1496981731,41.34944951162218,0,1462778.125923146,290893.377314262,1.903142058536624,6.165798828081967,777100.8793966714,21329,27812,207167.1220522099,288,0.1990703908834129,79270749.47881208,40311634.87785791,6241198.049220222,17237350.05768161,1999119.308959896,1403420.215654077,1757582.912327375,5734707.685855009,1755510.839640844,87083767.43230002,0,6152157.517658943,2084776.719815355,4394704.569865695,616579.8828081967,4116414.848303619,19779075.87143698,22390521.90462775,661106.2593073283,681169.5217856169,854930.3186429371,1189087.038772426,284548.6164253928,74877.27741790508,603169.5106371151,83832.3545775171,42092.9940023918,70287.26550759442,286669.9195931409,73616.72037974317,1741277.78141418,0,257988.5293116689,87424.36752383968,0,0,0,593236.8030207022,1119270.495666265,1751.269508027488,20430.42010889874,22252.89226177943,BO,0.0,23867899.72390585,optimal,23867095.710465863,2968494.620042442,1.3517940313099401
22.0,22.0,ok,optimal,lcom,11552467.9951798,USD/ton,99270328972.1055,99252754468.63986,10851.623026187,12077907.9350964,242502575.1579434,5496595.530550239,0,0,0,642.6073987483978,01.01.2025 00:00:00,31.12.2025 22:00:00,1,,,1.0,1.0,31.27140824783946,9.544778158658934,132.7903097243403,20000,205479.4520547945,3079365.162998225,25826,12540038.28734183,249431.9590446189,28.67599179574008,0,1014441.885766101,201735.6022830315,5.022309327103113,4.84309649849933,538922.2518132412,31433,23524,219211.6234736089,288,1.563875606969526,43687766.78958809,8774526.96856713,26114704.38415693,17237350.05768161,1999119.308959896,1468324.091379712,1849286.897368875,5734707.685855009,2276364.436750705,62644226.77975847,0,4814266.036490914,1631406.498787634,11597434.70125954,484309.649849933,3221230.298380932,26200351.4321464,17780586.951376,686617.5637997555,681169.5217856169,3618825.104000217,655330.718883852,61936.9449107728,313304.9054745841,603169.5106371151,83832.3545775171,44039.66572706685,73954.587429939,286669.9195931409,95458.53004072176,1252598.54323902,0,201884.5276481204,68412.44914871396,0,0,0,785831.0885025279,888826.3728319108,1818.848916085737,20430.42010889874,59096.1428802521,BO,0.0,11552467.9951798,optimal,11551663.981739812,1436750.1097880062,1.0913892915318069
24.0,24.0,ok,optimal,lcom,11004111.10390339,USD/ton,107741299929.322,107725464478.2682,12364.62653172,10832623.60130761,217520862.1043747,5002827.452491364,0,0,0,735.9073553085327,01.01.2025 00:00:00,31.12.2025 22:00:00,1,,,1.0,1.0,7.119067362613828,19.50770891082639,184.3456364362189,20000,205479.4520547945,1696238.240874032,14226,12540038.28734183,145629.6030409711,34.98779018851544,0,1237728.065708922,246139.1039762061,1.20302722426423,2.617443935318477,657543.034907865,18352,20196,120750.5829604104,288,1.40205462192169,11532087.84610258,16696294.55750262,33951447.63242666,17237350.05768161,1999119.308959896,911260.3009097297,1081253.147019065,5734707.685855009,1587307.844893188,74927167.05813964,0,5500685.183164144,1864012.808511058,2778010.825010157,261744.3935318477,3680514.047117065,17736701.35117507,15547113.94831044,460470.8041010049,681169.5217856169,3352443.782178401,172985.0705076378,117854.4985873975,407324.3539243735,603169.5106371151,83832.3545775171,27331.56751838155,43240.25142279903,286669.9195931409,66563.18783994585,1498201.272976335,0,230669.2695266059,78166.7117113858,0,0,0,531979.556279422,777178.2189457911,1219.786482439147,20430.42010889874,56011.50185217808,BO,0.0,11004111.10390339,optimal,11003307.090463402,1368547.6564453726,0.9907814633166988
25.0,25.0,ok,optimal,lcom,1873.399047854177,USD/ton,-1339574.743357506,-19481341.82743407,13359.9489028,13416145.11695196,269784505.5141078,4725621.967124606,0,0,0,812.9089829921722,01.01.2025 00:00:00,31.12.2025 22:00:00,1,,,1.0,1.0,3.020016101231516,114.4154558655471,145.5097124450575,20000,205479.4520547945,1828946.884350258,15339,12540038.28734183,157992.883421193,25.95953992162854,0,918344.6842675313,182625.3633486568,9.39130037489076,6.555216221153978,487870.613517126,19910,13363,130197.7500372372,288,3.283731052504863,5330101.53841161,82048507.20254011,28097364.97945582,17237350.05768161,1999119.308959896,967862.9049957729,1157098.160798659,5734707.685855009,1676374.432503941,57277195.1451504,0,4503723.399600348,1526173.162670797,21686237.49834469,655521.6221153978,3013445.904392573,18816075.69828219,10809653.05770139,484306.8838449413,681169.5217856169,6082517.34901707,79953.25761818688,579157.5875052249,337091.4006713344,603169.5106371151,83832.3545775171,29029.25795189376,46273.35932545512,286669.9195931409,70298.16339649675,1145282.412884929,0,188862.0330273306,63999.52676475097,0,0,0,564353.3937176556,540359.255019113,1282.928222603888,20430.42010889874,85577.18610295931,BO,0.0,1873.399047854177,optimal,1069.3856078660451,133.0059368014831,1.3422581160152793
26.0,26.0,ok,optimal,lcom,1011.382623133291,USD/ton,-16585581.38892382,-30410368.50597496,21182.5030923,9612200.417812485,193066687.4670349,4212586.699238655,0,0,0,889.1979377269745,01.01.2025 00:00:00,31.12.2025 22:00:00,1,,,1.0,1.0,15.22224937885867,46.82782500210693,133.5441482316543,20000,205479.4520547945,2496782.564593155,20940,12540038.28734183,194765.3104314295,4.409488616739654,0,155990.069305782,31020.75241876347,6.250078438797829,3.652769470493216,82869.7243186967,24544,27269,177739.154167791,288,1.332634390521438,22853782.98555978,36718763.34618281,26233237.8488048,17237350.05768161,1999119.308959896,1241530.94572782,1531199.822838621,5734707.685855009,1928664.397399206,11616193.92239249,0,1373196.972339122,465334.1647115212,14432579.08877499,365276.9470493216,918807.4899508285,21898419.00014789,22005374.75222931,596610.6396746291,681169.5217856169,3235368.568969626,342814.1819487964,259187.5357738641,314726.9823011403,603169.5106371151,83832.3545775171,37237.42473522003,61234.00935351901,286669.9195931409,80877.85301214713,232270.8465430738,0,57584.52483248756,19513.62208262863,0,0,0,656802.5808332027,1100017.534703334,1580.420706531602,20430.42010889874,54636.97749603888,BO,0.0,1011.382623133291,optimal,207.369183145159,25.791755812965018,0.8235629631976884
27.0,27.0,ok,optimal,lcom,1298022.130152066,USD/ton,11109615533.82414,11092155495.19911,10823.343224117,12236537.918924,246357712.4617958,5223500.706105493,0,0,0,682.8727879524231,01.01.2025 00:00:00,31.12.2025 22:00:00,1,,,1.0,1.0,36.62030552734368,39.91236903217815,33.72102222979171,20000,205479.4520547945,2093767.995905244,17560,12540038.28734183,105770.3236123095,31.19976796383898,0,1103722.991488768,219490.3676256072,4.287663474178506,6.643188344428874,586352.8392284078,13329,22792,149049.6440872211,288,4.027526180030051,50358979.04786287,31800299.76859873,7593930.060419114,17237350.05768161,1999119.308959896,1078439.574523744,1306847.528865211,5734707.685855009,1281172.637852394,67585056.0182312,0,5094178.280976765,1726260.138217435,9901002.49190404,664318.8344428875,3408519.865677642,14066324.26651065,17292779.6230724,530234.5746042429,681169.5217856169,7017023.175754239,755401.0737293622,224469.4696328908,91106.3554371926,603169.5106371151,83832.3545775171,32345.80066328408,52261.96647397965,286669.9195931409,53725.51721654618,1351392.571430353,0,213622.5476978268,72390.1026574404,0,0,0,421893.3833085626,864441.5749935382,1404.590607838529,20430.42010889874,94943.54734000683,BO,0.0,1298022.130152066,optimal,1297218.116712078,161342.83983253143,0.9990987888514761
28.0,28.0,ok,optimal,lcom,1019.14844578461,USD/ton,-19914475.61639522,-37449452.09119281,25635.4183379,12338446.72077408,247356356.1768059,5196529.754023515,0,0,0,617.949143409729,01.01.2025 00:00:00,31.12.2025 22:00:00,1,,,1.0,1.0,27.03962089956513,94.38456779881419,84.7718506561449,20000,205479.4520547945,1499500.359709814,12576,12540038.28734183,217357.2611647362,12.50215152781469,0,442276.1124479725,87952.63599817635,3.203714905146572,0.1938369722244429,234959.1847379854,27391,33030,106745.3487494813,288,0.5812712102403222,38329017.62725777,68999405.74739717,15876228.44100519,17237350.05768161,1999119.308959896,825677.0817672261,967700.8809275109,5734707.685855009,2075824.19295302,29675683.65718292,0,2760403.147915018,935415.6169701116,7397966.153414992,19383.69722244428,1846988.552026759,23711995.66011982,26048301.33919657,423965.1065763363,681169.5217856169,1810052.700590938,574947.7375842652,487047.6104252575,190471.2447757855,603169.5106371151,83832.3545775171,24764.65713053892,38699.19778613313,286669.9195931409,87048.946505732,593378.1934813536,0,115756.5206017172,39226.31997386138,0,0,0,711197.4588744156,1302117.711921708,1123.082943417734,20430.42010889874,36648.86710265789,BO,0.0,1019.14844578461,optimal,215.13500579647803,26.757638006605166,1.2769924893597209
29.0,29.0,ok,optimal,lcom,1613.364398285881,USD/ton,-4810614.580636418,-21763706.81925312,15709.90431806,11551004.76092331,232814009.5458221,5402087.477693384,0,0,0,622.6885848045349,01.01.2025 00:00:00,31.12.2025 22:00:00,1,,,1.0,1.0,11.41283835540088,64.76161432682721,25.41246967089701,20000,205479.4520547945,2873088.47547453,24096,12540038.28734183,212429.4067898211,28.59952130111942,0,1011736.665548401,201197.6323533751,0.2640543871762968,4.369292939202412,537485.1035725878,26770,30177,204527.3476039681,288,4.783064801891782,17635243.04716749,49160960.27315101,6055967.090824298,17237350.05768161,1999119.308959896,1389095.712207609,1737414.01171743,5734707.685855009,2044173.213072686,62493858.2428663,0,4805660.625499603,1628490.390016421,609750.0797754691,436929.2939202412,3215472.409139846,23321015.47779731,24057738.38415683,655450.2596006261,681169.5217856169,7914444.460626747,264534.3846357015,347013.5426224657,72655.01339923179,603169.5106371151,83832.3545775171,41663.35701203507,69480.69367406979,286669.9195931409,85721.67396318696,1249591.858985061,0,201523.6628101512,68290.16316838289,0,0,0,699470.7313511948,1202612.287491126,1736.286773127748,20430.42010889874,103691.6168909779,BO,0.0,1613.364398285881,optimal,809.350958297749,100.66385933917918,0.9801715337037182
30.0,30.0,ok,optimal,lcom,123658.6325730433,USD/ton,2432312296.391383,2411233870.580486,25243.59611299,14761018.85939725,296912469.2369592,6317406.951499205,0,0,0,712.3152871131897,01.01.2025 00:00:00,31.12.2025 22:00:00,1,,,1.0,1.0,10.35504614496015,47.85482210408547,206.9669061888731,20000,205479.4520547945,3411792.564626005,28614,12540038.28734183,211445.4229854902,45.2341134462178,0,1600201.997273401,318221.9880941422,4.818275796692403,4.93313031640661,850107.3110514942,26646,26371,242876.2252797121,288,4.105721869000512,16157121.26627342,37442737.53480573,40391593.30987757,17237350.05768161,1999119.308959896,1593819.240844159,2028026.269012681,5734707.685855009,2037824.3159177,94413462.46383746,0,6533636.992082875,2214048.365588989,11126283.8039948,493313.0316406609,4371663.152387887,23242648.00523904,21366395.81118051,735434.9484960833,681169.5217856169,7112114.151497456,242362.0769062516,264297.8681710624,484588.4578190516,603169.5106371151,83832.3545775171,47803.660655182,81102.52997266254,286669.9195931409,85455.43522741593,1887838.219476075,0,273985.7348914553,92845.32784208746,0,0,0,697120.2439379572,1068075.881931043,1948.166096307114,20430.42010889874,95881.14365598235,BO,0.0,123658.6325730433,optimal,122854.61913305517,15280.169835826206,1.3682478060822774
31.0,31.0,ok,optimal,lcom,33003247.15160444,USD/ton,365906586635.1006,365887595564.6445,13999.56988992001,13171578.51826045,264093814.6030259,5819491.937895109,0,0,0,703.0371735095978,01.01.2025 00:00:00,31.12.2025 22:00:00,1,,,1.0,1.0,14.707079659635,12.15679864635926,170.8238119918211,20000,205479.4520547945,2580127.885159087,21639,12540038.28734183,271523.9825224993,39.7537484036563,0,1406328.603527745,279667.620019722,9.837736596276685,0.7586677941249236,747112.0706241146,34217,24929,183672.2806607846,288,0.7226686617135691,22156489.43545305,10908668.87555496,31944105.69741908,17237350.05768161,1999119.308959896,1274576.646017405,1577125.772511186,5734707.685855009,2409546.862892638,84053291.83936867,0,5992058.473081228,2030524.084046154,22717140.73201442,75866.77941249235,4009292.414847184,27862994.36871246,18711841.82865494,609881.6063577962,681169.5217856169,2108062.612400154,332354.5517812634,77001.25894141986,383241.7502712279,603169.5106371151,83832.3545775171,38228.56940349463,63070.62792535614,286669.9195931409,101043.4875376475,1680682.104714827,0,251274.8330293076,85149.30260991273,0,0,0,835698.9886341905,935378.4859324185,1615.575477745885,20430.42010889874,40650.19671962594,BO,0.0,33003247.15160444,optimal,33002443.138164453,4104712.868811198,1.6335879637112152
32.0,32.0,ok,optimal,lcom,13280130.39438781,USD/ton,126522401141.6883,126505001336.5704,12031.099390284,12142204.75472301,243128216.3396026,5257600.363117813,0,0,0,769.4905669689178,01.01.2025 00:00:00,31.12.2025 22:00:00,1,,,1.0,1.0,11.97072731364171,37.47809825348985,79.72489493740964,20000,205479.4520547945,1999691.5181849,16771,12540038.28734183,210413.8270615949,35.03714764001302,0,1239474.134913101,246486.3336474916,9.182332458331446,0.95506946303138,658470.6341725847,26516,24177,142352.5957281768,288,0.04705102055229338,18409230.43541428,30049292.35046166,15115453.17604438,17237350.05768161,1999119.308959896,1039497.320738753,1253879.851014047,5734707.685855009,2031157.735916437,75022290.46967652,0,5505883.069386137,1865774.212076678,21203692.197147,95506.946303138,3683991.958071488,23160380.79182564,18214211.87972025,514151.5184741956,681169.5217856169,311475.8530498848,276144.4473333373,212109.5953759631,181344.0259120503,603169.5106371151,83832.3545775171,31177.7997775,50143.74308301847,286669.9195931409,85175.87457489237,1500103.306936112,0,230887.2410297887,78240.5755411259,0,0,0,694652.7910096197,910502.6691928635,1361.986615817705,20430.42010889874,11654.10181905236,BO,0.0,13280130.39438781,optimal,13279326.38094782,1651629.9007568625,1.3746197661490072
33.0,33.0,ok,optimal,lcom,45819.99929375026,USD/ton,603975212.9764535,583650888.349249,17402.89772182,14397742.08003392,289267636.935402,5926582.547170667,0,0,0,888.0614547729492,01.01.2025 00:00:00,31.12.2025 22:00:00,1,,,1.0,1.0,59.96761179832642,16.51600787958241,157.0888269737832,20000,205479.4520547945,2972172.8265336,24927,12540038.28734183,188813.7954858798,31.57979015256654,0,1117166.656437194,222163.8237233056,6.476016327335802,3.187395386057835,593494.7862322594,23794,18693,211580.892833836,288,2.660157473603505,78496849.76041293,14373053.14372999,29872271.26024589,17237350.05768161,1999119.308959896,1427289.983826507,1791248.63681091,5734707.685855009,1888976.176250784,68325491.77037372,0,5135667.716124636,1740319.630073145,14954311.17220502,318739.5386057835,3436280.488906194,21411214.11890221,14524252.42980437,670510.4170682618,681169.5217856169,5248814.117779476,1177478.291151035,101455.3837434027,358385.4132838815,603169.5106371151,83832.3545775171,42808.92355600187,71633.58703739717,286669.9195931409,79213.54162615161,1366197.906130333,0,215362.3923498935,72979.68242946551,0,0,0,642189.771415567,726046.8195218409,1776.181108097132,20430.42010889874,76952.44890092885,BO,0.0,45819.99929375026,optimal,45015.985853762126,5598.909622011618,1.3637255744036152
34.0,34.0,ok,optimal,lcom,10245182.56760518,USD/ton,74996706163.1858,74982254954.788,9244.47164610502,9731632.019280087,195070521.4988219,4719576.378521493,0,0,0,714.4410059452057,01.01.2025 00:00:00,31.12.2025 22:00:00,1,,,1.0,1.0,42.00894024480586,6.065619899004976,51.6342146698594,20000,205479.4520547945,2896220.080896263,24290,12540038.28734183,198296.5426324557,18.05717936224326,0,638790.7771187178,127032.2568133814,0.9383374197400041,3.672970305046761,339357.6003443188,24989,20480,206174.023626344,288,0.362450372603289,56981608.30668288,5834748.362061338,10678151.26253417,17237350.05768161,1999119.308959896,1398035.562749431,1749998.288316456,5734707.685855009,1952023.455778862,41314202.23772708,0,3531410.198652064,1196686.162396871,2166793.44986901,367297.0305046762,2362870.153349683,22185556.34424513,15739343.76876892,658981.2460769241,681169.5217856169,1300469.094826276,854742.6677729855,41185.8655359776,128108.5599414716,603169.5106371151,83832.3545775171,41931.4912964367,69983.94981313036,286669.9195931409,81857.40678660347,826095.431267748,0,148088.4260410091,50182.6070282209,0,0,0,665414.7344619823,786787.5155643723,1745.640351107296,20430.42010889874,29349.87774377617,BO,0.0,10245182.56760518,optimal,10244378.554165192,1274155.1377942648,0.9102671262299935
35.0,35.0,ok,optimal,lcom,1218.087837539309,USD/ton,-11951991.50274131,-27434811.08512909,19299.9918489,10647849.38469006,214056371.4517216,4834970.197697713,0,0,0,976.0226948261261,01.01.2025 00:00:00,31.12.2025 22:00:00,1,,,1.0,1.0,61.98077918635355,8.593226747373617,145.9737822691388,20000,205479.4520547945,2801905.133016932,23499,12540038.28734183,251979.2074413141,4.296944576197137,0,152008.7113275499,30229.00509354686,1.058595362015263,6.960712527013351,80754.6278927609,31754,22762,199459.9992258319,288,2.151538759469016,80864606.64445522,7983164.94372831,28169030.22167669,17237350.05768161,1999119.308959896,1361493.938468466,1698624.186710018,5734707.685855009,2291913.587885795,11349016.49377686,0,1349614.575176126,457342.8165606108,2444491.126776061,696071.2527013351,903028.48403921,26394063.51166539,17272747.79373655,644524.9082608726,681169.5217856169,4524290.391821962,1212995.414936164,56350.94052415415,337951.1872348555,603169.5106371151,83832.3545775171,40835.49285310558,67929.45491875053,286669.9195931409,96110.57814285053,226928.5177272533,0,56595.60542587913,19178.50775066409,0,0,0,791641.1240930323,863440.2122005966,1707.345533506383,20430.42010889874,69203.61144022914,BO,0.0,1218.087837539309,optimal,414.07439755117707,51.500929829890566,1.182667053086472
36.0,36.0,ok,optimal,lcom,1970.183559423213,USD/ton,-340067.3335542679,-20874272.27513638,14400.7110876,14964890.66832471,300966653.6869597,5569314.273257403,0,0,0,729.4331250190735,01.01.2025 00:00:00,31.12.2025 22:00:00,1,,,1.0,1.0,16.52609158789786,129.4801224534125,180.0735670611073,20000,205479.4520547945,2097583.518449035,17592,12540038.28734183,114300.8283675974,30.08441779131841,0,1064266.36378568,211643.8791619251,2.627903116355545,3.187540277007653,565391.5057611426,14404,23512,149321.2607507058,288,3.994939767146968,24608225.03374038,91710117.40459794,33320536.15758159,17237350.05768161,1999119.308959896,1080011.500815951,1308990.682724103,5734707.685855009,1349512.680789248,65406649.16973881,0,4971433.167663578,1684665.599395581,6068310.971747549,318754.0277007653,3326390.985597962,14879990.1862531,17772604.943802,530881.7735678343,681169.5217856169,6977232.826961163,369131.3836087416,647356.206186083,399755.1447508213,603169.5106371151,83832.3545775171,32392.94768543184,52347.67305615396,286669.9195931409,56591.33252113939,1307834.379634055,0,208475.2751884725,70645.85052032497,0,0,0,446297.7878465913,888427.3635720189,1406.305036940671,20430.42010889874,94550.41873395721,BO,0.0,1970.183559423213,optimal,1166.170119435081,145.04361014814563,1.2230234997317757
37.0,37.0,ok,optimal,lcom,12440346.98958003,USD/ton,153135750468.5481,153117716009.9211,15544.92895644,12520743.4217563,252044869.9574715,5513715.205226813,0,0,0,793.0799562931061,01.01.2025 00:00:00,31.12.2025 22:00:00,1,,,1.0,1.0,8.472808706643558,19.02640558007877,99.97302419123339,20000,205479.4520547945,3469383.108021348,29097,12540038.28734183,235426.0605394251,44.17162116049684,0,1562615.270173736,310747.3548640953,8.656748713456748,3.480911539442102,830139.3622797974,29668,18014,246975.939294184,288,4.018736266070899,13488132.11036546,16325088.08674567,18115581.18292635,17237350.05768161,1999119.308959896,1615305.896351911,2058809.925071502,5734707.685855009,2189910.800005905,92415210.11642353,0,6430411.461105246,2179068.412092183,19990022.79444145,348091.1539442101,4302594.844689221,25125307.40909616,14058960.23113382,743729.3554511783,681169.5217856169,7006299.603345579,202326.371014981,115234.2553751813,217337.3424658479,603169.5106371151,83832.3545775171,48448.11315154123,82333.59508573629,286669.9195931409,91833.12764596587,1847882.295234331,0,269657.0090992607,91378.45597930952,0,0,0,753587.131126247,702787.5211430924,1970.137968125191,20430.42010889874,94837.64502052245,BO,0.0,12440346.98958003,optimal,12439542.97614004,1547180.9745274484,1.4377578946802
38.0,38.0,ok,optimal,lcom,1663.039295183029,USD/ton,-4517126.281028514,-24705423.56730705,16926.1346872,14487090.90219985,291022914.2702872,5701206.384078682,0,0,0,846.7666671276093,01.01.2025 00:00:00,31.12.2025 22:00:00,1,,,1.0,1.0,4.975230886837033,137.1773071127296,178.041990818372,20000,205479.4520547945,2156843.352957287,18089,12540038.28734183,134345.5307042089,30.8703031052125,0,1092067.842649997,217172.5823451699,0.1374732659297506,6.111642513540035,580161.0414078111,16930,28766,153539.8070554523,288,2.540321068748927,8353318.982259769,96602530.72283365,33019459.53197698,17237350.05768161,1999119.308959896,1104352.844543531,1342226.977448135,5734707.685855009,1503811.654296036,66942396.33128836,0,5058073.369801479,1714025.295713293,317451.0212234956,611164.2513540036,3384362.032912141,16729335.18626159,23065018.19277067,540884.2988687953,681169.5217856169,5082157.002453092,125302.5031028837,681890.3907931626,396143.0501110334,603169.5106371151,83832.3545775171,33123.02127572687,53676.82131730955,286669.9195931409,63061.80489364526,1338542.311653131,0,212108.5011363882,71877.03890461165,0,0,0,501765.4711002706,1152987.610344094,1432.801711743296,20430.42010889874,75192.85281801039,BO,0.0,1663.039295183029,optimal,859.0258551948971,106.84222582244112,1.1661091994937063
39.0,39.0,ok,optimal,lcom,1154.396789418226,USD/ton,-15472973.87679613,-33847690.62632586,23103.7239846,13307617.96038659,267300903.1108173,5067098.789143139,0,0,0,1042.270750522614,01.01.2025 00:00:00,31.12.2025 22:00:00,1,,,1.0,1.0,29.52140065385607,94.8636143398582,77.13253988682976,20000,205479.4520547945,2967284.188274368,24886,12540038.28734183,225514.8043167697,15.61911954341742,0,552541.9729679347,109880.5059879415,8.943616767185185,3.90326439705727,293537.9231392153,28419,23109,211232.8839837463,288,2.153471133792543,41481114.16716286,69314510.21097596,14720959.35972954,17237350.05768161,1999119.308959896,1425411.586237428,1788596.792874125,5734707.685855009,2127703.828035476,36258125.207552,0,3204369.679349862,1085862.202002404,20652453.8205511,390326.439705727,2144047.009470754,24353913.67449452,17504256.8481938,669771.3019095236,681169.5217856169,4527134.408290097,622230.211450144,489271.8451756586,176611.1809212484,603169.5106371151,83832.3545775171,42752.58449406643,71527.53749767861,286669.9195931409,89224.50048297181,724996.9733880195,0,134374.0986106858,45535.24381091127,0,0,0,730450.6026069281,875013.0221260334,1774.223193129309,20430.42010889874,69234.56046899185,BO,0.0,1154.396789418226,optimal,350.3833494300941,43.57929009685038,1.2127209048971381
40.0,40.0,ok,optimal,lcom,1326.498856264294,USD/ton,-11915269.99693559,-32236758.29804231,22337.7984794,15062951.51590725,302107089.7683771,5258536.785199475,0,0,0,1073.084685564041,01.01.2025 00:00:00,31.12.2025 22:00:00,1,,,1.0,1.0,55.56048118277386,125.6594949543334,165.9841342199152,20000,205479.4520547945,1830139.235145193,15349,12540038.28734183,219618.8368440451,5.416398401236955,0,191610.5098421585,38104.36275270198,7.053639486987252,5.607612254770386,101793.0833536467,27676,22702,130282.6302445761,288,1.119818082239825,73285245.71485025,89270966.55655219,31218013.84852398,17237350.05768161,1999119.308959896,968367.6574950332,1157777.054081833,5734707.685855009,2090270.589399734,13978288.23545992,0,1576082.071293782,534085.6766622526,16288149.14188995,560761.2254770385,1054558.115879911,23890613.17535099,17232674.62502438,484518.4039686043,681169.5217856169,2864371.102185106,1099302.534487489,630138.9188900654,374530.6373772233,603169.5106371151,83832.3545775171,29044.39706966267,46300.50885684341,286669.9195931409,87654.75098366402,279501.9490346677,0,66092.43903142094,22396.69219343298,0,0,0,716554.760923712,861437.0112212517,1283.488539100201,20430.42010889874,50196.49167427014,BO,0.0,1326.498856264294,optimal,522.4854162761621,64.98466198324677,1.424189287382608
41.0,41.0,ok,optimal,lcom,1525.750225304216,USD/ton,-7143142.752828289,-27511493.54055839,19017.6571896,14736769.00414392,296342944.2871413,5631581.783586178,0,0,0,732.2730116844177,01.01.2025 00:00:00,31.12.2025 22:00:00,1,,,1.0,1.0,67.58039284908784,81.837853819241,33.6068171158668,20000,205479.4520547945,1457410.376648621,12223,12540038.28734183,189829.5207032536,21.52941287733947,0,761624.5099487612,151459.4195920832,4.871666435248214,3.951627972269602,404613.0209102794,23922,19022,103749.0774304159,288,3.763443313671077,87410940.0188826,60686664.26938504,7573348.008955652,17237350.05768161,1999119.308959896,807083.4774350576,943219.7615599289,5734707.685855009,1895778.527505308,48399783.4120818,0,3973052.38096406,1346345.097092493,11249572.59486399,395162.7972269602,2658373.386433042,21494659.28577667,14748970.23240229,415954.4301687768,681169.5217856169,6691690.032125473,1311192.545885399,428370.2808295391,90859.42720881314,603169.5106371151,83832.3545775171,24206.9763540282,37720.17658329623,286669.9195931409,79498.79579771319,967774.706649376,0,166608.533299255,56458.50102957716,0,0,0,644692.5548795619,737280.1443800173,1101.862673402543,20430.42010889874,91715.0730995272,BO,0.0,1525.750225304216,optimal,721.736785316084,89.7667563028222,1.3293586858002635
42.0,42.0,ok,optimal,lcom,35327687.6799195,USD/ton,414970287436.494,414952825943.196,14832.05048616,11879527.63692017,239119318.4438573,5581965.661121997,0,0,0,688.2292404174805,01.01.2025 00:00:00,31.12.2025 22:00:00,1,,,1.0,1.0,4.314928506012998,4.884760411238798,215.454395814078,20000,205479.4520547945,2173536.264086372,18229,12540038.28734183,119212.8120359911,42.03698566472971,0,1487100.404875478,295730.1941513735,4.25472368766278,0.2030610029093585,790022.0900900977,15023,28093,154728.1299581978,288,3.657045004430507,7348579.445749301,4801682.042591227,41711378.81161803,17237350.05768161,1999119.308959896,1111185.2888803,1351572.731143751,5734707.685855009,1388098.39267422,88385873.91096365,0,6220508.323983168,2107938.703135245,9824938.474674359,20306.10029093585,4162148.442288973,15340904.69247718,22589478.62878323,543685.4696930853,681169.5217856169,6558692.41062847,110231.0830890469,33893.73777257707,500422.2679892476,603169.5106371151,83832.3545775171,33327.94780826598,54050.56611578535,286669.9195931409,58209.41057474483,1767313.966425297,0,260854.7959750693,88395.6570260164,0,0,0,460122.0660846409,1129216.060678557,1440.222009134665,20430.42010889874,90385.67465694196,BO,0.0,35327687.6799195,optimal,35326883.66647951,4393817.554467867,1.392901399154551
43.0,43.0,ok,optimal,lcom,992.2125438471693,USD/ton,-20186446.94468967,-36976841.66110548,25290.98561990001,11927459.43810369,239597282.6103054,4862935.278312128,0,0,0,1099.452223062515,01.01.2025 00:00:00,31.12.2025 22:00:00,1,,,1.0,1.0,23.00173962271949,83.01675602949238,66.06683650388327,20000,205479.4520547945,1629824.301596172,13669,12540038.28734183,202787.9525780305,14.66147240770041,0,518664.2478948096,103143.4583881724,5.981260677240361,4.267608141359875,275540.3816941176,25555,25323,116022.7554116301,288,1.902466752401487,33136891.40490252,61472891.43718702,13005672.60771301,17237350.05768161,1999119.308959896,882603.411841837,1043075.944379313,5734707.685855009,1981536.732498577,34251080.69966604,0,3071366.969975395,1040791.679770104,13811829.5026479,426760.8141359875,2055054.761440342,22548746.5388426,20617366.86899455,448311.8705707439,681169.5217856169,4150954.791457345,497064.1546073783,433920.0396887857,156032.4393128089,603169.5106371151,83832.3545775171,26472.05712640688,41713.51196746138,286669.9195931409,83095.03551022317,684865.2460760599,0,128796.6774722487,43645.22755033208,0,0,0,676307.9526958336,1030632.985380445,1187.577485410455,20430.42010889874,65100.16852206222,BO,0.0,992.2125438471693,optimal,188.19910385903734,23.4074574501908,0.890981847489766
44.0,44.0,ok,optimal,lcom,1040.152205798626,USD/ton,-19083161.0836608,-36664605.54230388,25102.8345366,12520266.90826364,252230443.5632661,5061177.550379436,0,0,0,828.889710187912,01.01.2025 00:00:00,31.12.2025 22:00:00,1,,,1.0,1.0,22.05407569820952,89.71137979212064,67.98475080808382,20000,205479.4520547945,1317786.098561774,11052,12540038.28734183,228244.5658384618,16.55746784999494,0,585736.9826614211,116481.7863247144,5.775771924189919,0.4549364832645514,311172.7720388799,28763,25122,93809.6051510232,288,4.841376368033637,31905615.31871426,65916970.73332416,13306848.60437581,17237350.05768161,1999119.308959896,744610.0749332443,861488.8268366568,5734707.685855009,2144925.368453929,38212810.33671017,0,3332104.80324008,1129147.701735576,13337318.22902223,45493.64832645514,2229514.710699522,24567285.30979349,20473286.71272353,388814.1013588782,681169.5217856169,7981862.508735919,478594.612627985,465289.5591546197,159645.7261330457,603169.5106371151,83832.3545775171,22333.20217899094,34451.68559559568,286669.9195931409,89946.67963269049,764081.7521639247,0,139730.6254322587,47350.40579020516,0,0,0,736850.2902163403,1023430.622317537,1029.967982324569,20430.42010889874,104340.2162372462,BO,0.0,1040.152205798626,optimal,236.13876581049408,29.37000229921278,1.3099344310726078
45.0,45.0,ok,optimal,lcom,1090.542117784945,USD/ton,-16772255.47017852,-33886625.47138509,23285.3996367,12217446.3527919,245352106.0682331,4896923.648414673,0,0,0,792.7604014873505,01.01.2025 00:00:00,31.12.2025 22:00:00,1,,,1.0,1.0,21.49238886072465,97.04392469453177,68.6263111322993,20000,205479.4520547945,1204155.067804502,10099,12540038.28734183,228085.8587732472,13.44621609287055,0,475673.3405013885,94594.13021334431,5.916735935491086,0.1811591738397305,252701.4621413627,28743,25487,85720.52139161993,288,1.74024056230211,31173342.45546971,70746665.49139223,13407213.69978593,17237350.05768161,1999119.308959896,692785.6843715799,794334.4452489583,5734707.685855009,2143925.983878437,31685059.58785669,0,2898376.393785988,982170.5009475647,13662830.02246564,18115.91738397304,1939306.591079184,24554899.2685107,20734823.13226043,366018.5781861317,681169.5217856169,3899891.741327833,467610.2813802829,499381.0308929714,160849.832305103,603169.5106371151,83832.3545775171,20778.82542372019,31766.12361411137,286669.9195931409,89904.77079727658,633556.5386053257,0,121542.3794137578,41186.96934294172,0,0,0,736478.7938137557,1036504.457718816,969.5826749856368,20430.42010889874,62291.85751495211,BO,0.0,1090.542117784945,optimal,286.5286777968131,35.6372995208939,1.2706177962557088
46.0,46.0,ok,optimal,lcom,1085.709424296087,USD/ton,-16752379.59607009,-33645237.14861385,23134.870906,12028622.70103568,241612541.8911472,4864234.851508078,0,0,0,784.2589836120605,01.01.2025 00:00:00,31.12.2025 22:00:00,1,,,1.0,1.0,21.05740972199671,93.50782702122093,64.96291266569436,20000,205479.4520547945,1194854.731604012,10021,12540038.28734183,226554.3355939257,13.59132972120729,0,480806.8802174291,95615.0045886933,5.665392132008862,0.3877874492190134,255428.6551155092,28550,25317,85058.45577437601,288,1.870289363890303,30604944.94233889,68422293.31981711,12831528.67149206,17237350.05768161,1999119.308959896,688501.76328897,788810.7425665562,5734707.685855009,2134270.097670106,31992649.19895687,0,2919296.666655661,989259.7371587134,13082431.01503679,38778.74492190134,1953304.366920277,24435251.85614821,20613067.96109303,364122.0942453758,681169.5217856169,4101684.138554489,459084.1337132297,482973.9343442111,153943.1891848322,603169.5106371151,83832.3545775171,20650.33713316712,31545.22595158864,286669.9195931409,89499.85465607932,639706.9265753793,0,122419.6635884484,41484.25393274742,0,0,0,732890.1909457055,1030418.089059661,964.5588918174218,20430.42010889874,64552.28861453952,BO,0.0,1085.709424296087,optimal,281.6959843079551,35.036228288934225,1.2269465770472143
47.0,47.0,ok,optimal,lcom,1130.011375810851,USD/ton,-14633743.52786765,-31114130.2696678,21238.15000000001,11850423.68631738,238428329.8919095,4629963.055482768,0,0,0,984.9942667484283,01.01.2025 00:00:00,31.12.2025 22:00:00,1,,,1.0,1.0,20.95029750273853,93.8789016877374,63.92674581844039,20000,205479.4520547945,1205585.888758424,10111,12540038.28734183,203279.944480196,14.12534709023688,0,499698.2786642197,99371.81677981642,5.68796588103358,0.06386981962215015,265464.7105403667,25617,21243,85822.37764042667,288,3.233167648477424,30464799.54786757,68666618.0462665,12667534.20483555,17237350.05768161,1999119.308959896,693444.160723679,795183.8662359623,5734707.685855009,1984756.459373052,33121779.81255133,0,2995657.3880354,1015136.034016171,13134557.94773367,6386.981962215014,2004397.403210795,22588395.4680259,16254222.86840353,366309.9152206848,681169.5217856169,6016803.213165407,456981.90718951,484698.5546202266,151975.7048848626,603169.5106371151,83832.3545775171,20798.57520417117,31800.09269632224,286669.9195931409,83230.05360732926,662284.3839791955,0,125621.8231803298,42569.36720416901,0,0,0,677497.1490033246,812525.59293081,970.3544263614392,20430.42010889874,84907.2916394838,BO,0.0,1130.011375810851,optimal,325.997935822719,40.54632915433989,1.2243607014494609
48.0,48.0,ok,optimal,lcom,1103.800395331605,USD/ton,-16100760.48118283,-32970992.39695975,22683.833965,12052228.52721374,242041872.9397257,4818003.388563186,0,0,0,806.9645020961761,01.01.2025 00:00:00,31.12.2025 22:00:00,1,,,1.0,1.0,23.73776597273871,95.23853213519368,59.41837429157449,20000,205479.4520547945,1206420.534314878,10118,12540038.28734183,202438.7970345583,12.79981733067172,0,452806.3378898428,90046.71492127556,5.970866296526442,0.0593437165049045,240553.367003979,25511,25598,85881.79378556395,288,1.731137498120027,34089686.65748124,69561010.45330623,11947653.52821926,17237350.05768161,1999119.308959896,693828.1997434152,795679.315250712,5734707.685855009,1979250.201054457,30310831.12880282,0,2804266.300604553,950279.4885992709,13787826.96840749,5934.371650490451,1876337.432075155,22520592.5403817,20814269.48260901,366479.8091295682,681169.5217856169,3885600.488128227,511356.3934583315,491011.8218130767,143339.1090412936,603169.5106371151,83832.3545775171,20810.09374435901,31819.90613226369,286669.9195931409,82999.15063035782,606078.2432479523,0,117595.9062515262,39849.63112453938,0,0,0,675463.5255776125,1040475.868314437,970.804475076057,20430.42010889874,62130.72983568833,BO,0.0,1103.800395331605,optimal,299.786955343473,37.2863114511989,1.2442135882131777
49.0,49.0,ok,optimal,lcom,3786.997821612545,USD/ton,6908769.732984001,-6981543.89935628,4881.479989400001,9853332.730376163,197599456.3510721,4036980.901964118,0,0,0,3178.673728227615,01.01.2025 00:00:00,31.12.2025 22:00:00,1,,,1.0,1.0,22.47435762049053,83.52183973221544,57.01210272748443,20000,205479.4520547945,1670244.993544456,14008,12540038.28734183,200113.7385291635,0.8805647014625966,0,31150.85687894082,6194.772674789368,5.634027922318698,1.391925769279069,16548.89271693731,25218,25623,118900.194440421,288,0.5602394326831615,32452316.90826018,61809396.73508149,11558983.79842559,17237350.05768161,1999119.308959896,900071.7139802197,1066329.392496048,5734707.685855009,1963990.638416211,2725207.624899101,0,466640.8755985379,158130.2219862987,13010005.29408899,139192.5769279068,312229.8841708088,22332770.46823533,20832157.09513364,455731.0608841881,681169.5217856169,1763955.488205486,486795.3143808944,436295.3369751849,138676.1371323443,603169.5106371151,83832.3545775171,26995.9865446533,42643.43753187401,286669.9195931409,82359.24631846718,54491.71099156224,0,19568.41853720725,6631.134409818685,0,0,0,669830.1498657704,1041370.044744179,1207.23090963276,20430.42010889874,36014.5487058584,BO,0.0,3786.997821612545,optimal,2982.984381624413,371.01175593139897,1.0584744214467394
50.0,50.0,ok,optimal,lcom,19285.27609281362,USD/ton,13703241.25091873,-1434506.997596682,1000.97170526,10751054.86829693,215538632.5219932,4386693.38021849,0,0,0,3611.17475938797,01.01.2025 00:00:00,31.12.2025 22:00:00,1,,,1.0,1.0,23.39349531399107,84.70145535349329,121.2706381461102,20000,205479.4520547945,1593219.132191678,13362,12540038.28734183,202621.3101595551,0.1779463383569513,0,6295.029665715508,1251.852490341152,6.084773648147951,4.453772245677221,3344.234509911363,25534,32164,113416.9330463239,288,0.4898057867206089,33644397.43073121,62594509.9008408,24286030.5651481,17237350.05768161,1999119.308959896,866709.1491290051,1021967.726862365,5734707.685855009,1980445.595598529,646211.3782499043,0,159840.3395108411,54164.96858916369,14050859.96506001,445377.2245677221,106949.3336332344,22535311.06750053,25446350.77281989,441540.4576499976,681169.5217856169,1605620.071819771,504676.9101493591,441837.2324039133,291365.8297117357,603169.5106371151,83832.3545775171,25995.33810983502,40869.37603589321,286669.9195931409,83049.27907383269,12921.2773886748,0,6702.84757773424,2271.388622027437,0,0,0,675904.9805793479,1272027.055184682,1169.640022548144,20430.42010889874,33800.02044223637,BO,0.0,19285.27609281362,optimal,18481.262652825488,2298.626084297582,1.0767058076734486
51.0,51.0,ok,optimal,lcom,66680.03162221886,USD/ton,14835352.32336506,-415602.0933480817,289.602602055,10719876.44261125,216225135.5401245,4531077.974101894,0,0,0,3420.855933189392,01.01.2025 00:00:00,31.12.2025 22:00:00,1,,,1.0,1.0,26.94486608718103,79.72911882867204,121.3293803357287,20000,205479.4520547945,1649975.030030567,13838,12540038.28734183,203843.3545617081,0.05081568145746831,0,1797.655547239399,357.4883190532896,3.018354562665956,1.391545198077542,955.0045094709307,25688,33185,117457.2309156586,288,4.995439725088185,38208111.84770337,59277479.08291323,24295441.22246176,17237350.05768161,1999119.308959896,891322.4967742368,1054675.491995054,5734707.685855009,1988440.409115331,209176.2769965967,0,69025.76381897532,23390.7056287518,6969935.07685006,139154.5198077542,46185.20873113972,22633767.48913787,26155839.62753083,452018.02029467,681169.5217856169,8158825.726082731,573134.1115453283,418423.234615396,291478.7318168769,603169.5106371151,83832.3545775171,26733.56995461906,42177.38794014933,286669.9195931409,83384.53872467883,4182.570578567032,0,2894.570764996993,980.8808905497841,0,0,0,678857.998869416,1307493.39873239,1197.395070575201,20430.42010889874,106037.3796816793,BO,0.0,66680.03162221886,optimal,65876.01818223072,8193.3976356419,1.1904710578062918
52.0,52.0,ok,optimal,lcom,3916.990511287825,USD/ton,7669089.150523043,-7223104.18037686,5051.24741873,10457519.11566505,209824182.7167268,4434674.215234857,0,0,0,3095.054942846298,01.01.2025 00:00:00,31.12.2025 22:00:00,1,,,1.0,1.0,25.91071635315913,80.63094367672481,116.3264471567599,20000,205479.4520547945,1611104.394115698,13512,12540038.28734183,179386.5958121291,0.9126855399589757,0,32287.16366158873,6420.742773611395,3.011647944841204,1.379782003226618,17152.55569521901,22606,32711,114690.1361564084,288,0.8769082765572754,36885750.80732176,59880583.89620741,23490636.15685457,17237350.05768161,1999119.308959896,874484.0978072064,1032287.179102456,5734707.685855009,1825253.453673893,2814514.583234154,0,477978.0022546709,161972.0250699261,6954448.264464945,137978.2003226618,319815.5671398242,20630729.62343501,25826789.62928411,444855.307849595,681169.5217856169,2413759.348422427,553298.2656118207,422680.3837164516,281823.2759749757,603169.5106371151,83832.3545775171,26228.53331710793,41282.05988392387,286669.9195931409,76541.3520025668,56277.44244140339,0,20043.83689641547,6792.239050687381,0,0,0,618780.5823357665,1291044.655098573,1178.421055848777,20430.42010889874,44600.96293264421,BO,0.0,3916.990511287825,optimal,3112.9770712996933,387.1797306455031,1.06611102223578
53.0,53.0,ok,optimal,lcom,1121.288500211841,USD/ton,-15831096.21262285,-33325555.43377448,22747.8049952,12250634.58825343,245717936.8948975,5243824.632898202,0,0,0,759.5655739307404,01.01.2025 00:00:00,31.12.2025 22:00:00,1,,,1.0,1.0,25.67662964648581,67.9867858768973,120.7921486825234,20000,205479.4520547945,1561264.13088743,13094,12540038.28734183,180553.0927414568,18.66035133149077,0,660128.5887028177,131275.5716170376,2.900238714955535,4.572693565125759,350693.3127483719,22753,29659,111142.1434896397,288,0.8735012023491295,36585699.68474992,51358995.04394542,24209341.25446872,17237350.05768161,1999119.308959896,852774.2466533488,1003501.355609139,5734707.685855009,1833197.224535116,42554185.754922,0,3610014.969824205,1223322.898620824,6697183.889739159,457269.3565125759,2415464.685637217,20727905.57233899,23693956.45932248,435587.1764639216,681169.5217856169,2407190.747272372,548797.4011294602,362528.8586045519,290445.7680912837,603169.5106371151,83832.3545775171,25577.38648010284,40130.88982842399,286669.9195931409,76874.47119787238,850889.4406620922,0,151384.6890598561,51299.60905301553,0,0,0,621695.1952141946,1184427.344011107,1153.869789447021,20430.42010889874,44517.50486012294,BO,0.0,1121.288500211841,optimal,317.27506022370903,39.46141251424756,0.867810424190991
54.0,54.0,ok,optimal,lcom,1085.394864109673,USD/ton,-18437765.09288793,-37162346.26804247,25453.6143707,13349934.36039361,268077455.4589095,5374646.814760942,0,0,0,679.709929227829,01.01.2025 00:00:00,31.12.2025 22:00:00,1,,,1.0,1.0,27.1227204066899,105.7605613515358,89.81163284565535,20000,205479.4520547945,1328040.315398212,11138,12540038.28734183,227736.703229775,18.31588436208927,0,647942.72519327,128852.246487298,3.210016220526977,0.6783217275971565,344219.5727589247,28699,26678,94539.5749341383,288,1.917829835371249,38435016.53315317,76440906.8549782,16626930.50653815,17237350.05768161,1999119.308959896,749241.7645143847,867519.7141001163,5734707.685855009,2141726.529651279,41846539.90355507,0,3565228.86639665,1208146.267409903,7412517.048012806,67832.17275971564,2385498.258311897,24527641.63124236,21585133.475915,390838.6039653266,681169.5217856169,4174390.754123381,576537.7556672652,539575.0966139479,199477.6128441933,603169.5106371151,83832.3545775171,22472.12114252391,34692.86600953805,286669.9195931409,89812.5374694198,836739.754280493,0,149506.5998003224,50663.18244092496,0,0,0,735661.2513918512,1079010.268162462,1035.330886749812,20430.42010889874,65360.23313457956,BO,0.0,1085.394864109673,optimal,281.38142412154116,34.997104541647296,1.2114442560332435
55.0,55.0,ok,optimal,lcom,1194.074736802652,USD/ton,-13023881.28815583,-29183869.28524119,20404.2425603,11606729.4402091,233158047.9051793,4553258.556876264,0,0,0,863.1303124427795,01.01.2025 00:00:00,31.12.2025 22:00:00,1,,,1.0,1.0,19.84926300926541,106.3316485820009,45.12697966712501,20000,205479.4520547945,1341752.349539961,11253,12540038.28734183,230212.5334471237,6.686150044754456,0,236529.2439832336,47037.06556484759,7.388748663101135,0.7559595575628618,125656.1608660929,29011,26487,95515.69731853639,288,1.841300825724407,29019979.24739492,76812296.68115266,9587271.398776386,17237350.05768161,1999119.308959896,755424.1459153433,875577.0055065398,5734707.685855009,2157298.754058992,16895574.23883725,0,1814933.534937447,615025.0819796282,17061977.78020191,75595.95575628619,1214373.872979702,24720676.13071609,21449081.60173661,393537.7460594376,681169.5217856169,4057078.154888025,435309.1325034764,542196.634081049,115020.9902883337,603169.5106371151,83832.3545775171,22657.55023947458,35015.08408322507,286669.9195931409,90465.55314099934,337834.3506921939,0,76108.58989434894,25790.85726174494,0,0,0,741450.9642219571,1072209.227557129,1042.480910185081,20430.42010889874,64054.93708547537,BO,0.0,1194.074736802652,optimal,390.0612968145201,48.51427568428182,1.292929951167551
56.0,56.0,ok,optimal,lcom,1073.706335962351,USD/ton,-15236600.55820954,-29788372.51821271,20768.9340485,10165014.95533735,204111176.910151,4386757.004665814,0,0,0,797.1588115692139,01.01.2025 00:00:00,31.12.2025 22:00:00,1,,,1.0,1.0,18.93153015438286,61.08290505503761,47.34607095210927,20000,205479.4520547945,1330305.781908588,11157,12540038.28734183,233267.6444525058,7.810781243335727,0,276314.1972642447,54948.84604686684,7.26241382613194,0.5023719334773213,146791.91729663,29396,26527,94700.84732808232,288,1.268670500626083,27809571.40315631,46640390.00607076,9962610.77720993,17237350.05768161,1999119.308959896,750264.0785220341,868851.4902364644,5734707.685855009,2176438.522466837,19432983.30620188,0,2014178.815894727,682543.171703519,16770247.43728223,50237.19334773214,1347689.092987117,24958090.84306896,21477583.85942177,391285.1810952728,681169.5217856169,3125865.157203322,417152.6209443508,329221.5382973169,119524.034502472,603169.5106371151,83832.3545775171,22502.78356060266,34746.12489265283,286669.9195931409,91268.17249668593,388570.9478978186,0,84463.86962490095,28622.20425177263,0,0,0,748571.7794643765,1073634.015073148,1036.513868909861,20430.42010889874,53340.19487413373,BO,0.0,1073.706335962351,optimal,269.692895974219,33.54333181024934,1.2163920989567059
57.0,57.0,ok,optimal,lcom,1140.73257072633,USD/ton,-14571179.50690841,-30772427.75132849,21411.2083108,11627402.5546889,233369033.6288631,4573845.689731169,0,0,0,841.4688251018524,01.01.2025 00:00:00,31.12.2025 22:00:00,1,,,1.0,1.0,18.58412707571871,106.0857010717516,49.39674264981526,20000,205479.4520547945,1422236.028198049,11928,12540038.28734183,230768.0081753749,7.538171514139995,0,266670.3554842165,53031.03660197487,7.395114625486044,0.5349532867235708,141668.62635099,29081,26441,101245.1113139165,288,1.220788688041401,27349859.50041926,76652376.44968109,10306344.54245519,17237350.05768161,1999119.308959896,791462.4434341635,922706.8143779997,5734707.685855009,2160784.917010705,18821484.02953538,0,1966803.42420298,666489.1104400372,17076677.95660706,53495.32867235707,1315990.170252396,24763906.5780938,21416297.6187898,409201.2320814146,681169.5217856169,3042806.938527402,410256.7928020908,541067.8016548391,123647.897949072,603169.5106371151,83832.3545775171,23738.45232738494,36899.84602887003,286669.9195931409,90611.7441398923,376343.7540681763,0,82477.19948632999,27948.9829236521,0,0,0,742747.581544334,1070570.402656169,1083.973461607062,20430.42010889874,52349.05577207876,BO,0.0,1140.73257072633,optimal,336.71913073819815,41.87978881835215,1.312112726711646
58.0,58.0,ok,optimal,lcom,263436.0841196738,USD/ton,3197554860.239923,3180647687.042868,15442.84430484,12092202.71951811,242656476.242009,4814970.477536907,0,0,0,725.3427340984344,01.01.2025 00:00:00,31.12.2025 22:00:00,1,,,1.0,1.0,34.25214154491532,109.0216732759326,4.43614868149431,20000,205479.4520547945,1358802.965907526,11396,12540038.28734183,237774.9251046022,7.734634818767931,0,273620.4413487344,54413.15595003241,5.248176506913069,0.6110630767932744,145360.8594665152,29964,26633,96729.48428348357,288,1.172216593308625,47418313.85791717,78559012.76286939,1498824.841930838,17237350.05768161,1999119.308959896,763094.212195526,885584.6028063741,5734707.685855009,2204525.580116446,19262394.93151507,0,2001001.440145714,678077.7648749477,12119003.50524926,61106.30767932744,1338872.097479572,25306800.10494542,21553089.92508665,396881.4086398946,681169.5217856169,2957546.324275353,711290.1389176722,554526.2169879801,17981.79173374011,603169.5106371151,83832.3545775171,22887.59969317951,35415.29658163579,286669.9195931409,92445.99323273104,385159.9591984538,0,83911.28107691322,28434.9490104732,0,0,0,759030.6689010684,1077408.456415003,1051.33826744021,20430.42010889874,51324.58260394439,BO,0.0,263436.0841196738,optimal,262632.0706796857,32665.134389241353,1.3392965664251402
59.0,59.0,ok,optimal,lcom,249304.5836187125,USD/ton,2835893851.500018,2822217370.826577,14478.8018181048,9547312.258451415,191765715.4309331,4129168.414990075,0,0,0,711.4796168804169,01.01.2025 00:00:00,31.12.2025 22:00:00,1,,,1.0,1.0,18.9389813852841,59.06526204532114,3.056943680693142,20000,205479.4520547945,1388134.795462918,11642,12540038.28734183,240353.9149143403,7.782712097580049,0,275321.2231639918,54751.37960647565,7.448832078565584,0.5124349231203559,146264.3998058707,30289,24216,98817.5373840221,288,1.326685293503219,27819422.18187973,45251541.66387925,1112694.542386041,17237350.05768161,1999119.308959896,776244.047889346,902771.2003455689,5734707.685855009,2220517.452225733,19370120.34441025,0,2009326.317532052,680898.8094467972,17200721.42223869,51243.49231203559,1344442.281400426,25505507.30649955,18240065.0164173,402601.2406735001,681169.5217856169,3225251.537114723,417300.3858308801,319418.0442095004,13349.28603043417,603169.5106371151,83832.3545775171,23282.00469662634,36102.60352797492,286669.9195931409,93116.60668087062,387313.9756529425,0,84260.38183830248,28553.24850753989,0,0,0,764990.5239394624,911795.0309005851,1066.490094079981,20430.42010889874,54517.62816420467,BO,0.0,249304.5836187125,optimal,248500.57017872436,30907.514454284803,1.243044743445978
60.0,60.0,ok,optimal,lcom,996.9192001670552,USD/ton,-18301118.20334347,-33341564.01280133,23036.5016286,10436748.16076772,209547658.2679803,4603697.648690142,0,0,0,832.584974527359,01.01.2025 00:00:00,31.12.2025 22:00:00,1,,,1.0,1.0,17.67488210844521,58.95508019138325,75.20795393469167,20000,205479.4520547945,1414485.748030974,11863,12540038.28734183,235949.7938546335,8.723213305410953,0,308592.3938922179,61367.80560356606,6.681158829052032,0.5122880752664535,163939.7092552408,29734,30478,100693.3899662132,288,1.259557010517161,26142554.55601753,45175562.52577216,14426368.67738367,17237350.05768161,1999119.308959896,788010.1862648946,918180.2310872002,5734707.685855009,2193173.653756602,21464624.40203615,0,2168932.19693983,734984.3267275072,15428022.88790281,51228.80752664535,1451234.737540388,25165818.34874896,24268780.37566527,407705.8618689391,681169.5217856169,3110129.918459605,392146.8257502759,318881.7286100197,173076.8998308578,603169.5106371151,83832.3545775171,23634.90825790392,36718.82403589824,286669.9195931409,91969.9542532309,429194.4946768942,0,90953.3974153121,30821.30536730977,0,0,0,754802.1818436414,1213161.977911393,1080.012228114787,20430.42010889874,53152.93359261806,BO,0.0,996.9192001670552,optimal,192.9057601789233,23.992852679399334,1.2152422719351068
61.0,61.0,ok,optimal,lcom,1016.087796686748,USD/ton,-19419574.04885835,-36319688.03569052,24920.5814508,11762179.91377316,236114612.3326153,5137934.073059009,0,0,0,994.9839029312134,01.01.2025 00:00:00,31.12.2025 22:00:00,1,,,1.0,1.0,34.36306562907156,30.12798943082341,192.6573957960874,20000,205479.4520547945,1482807.44858073,12436,12540038.28734183,241076.032061067,10.41537297788421,0,368454.2344656318,73272.1488994154,6.592668960732906,1.790878924358957,195741.3120598669,30380,30518,105557.0258467359,288,1.359360653095003,47556497.45491219,24689232.72250607,35170663.00752126,17237350.05768161,1999119.308959896,818315.5008658582,957999.9857310903,5734707.685855009,2224985.012219754,25178032.77170015,0,2442501.616845807,827688.5782419251,15223683.52871282,179087.8924358957,1634280.314463668,25561040.06064292,24296806.94673605,420797.0613420633,681169.5217856169,3280653.303455586,713362.9378408317,174274.4255617486,421951.5981094126,603169.5106371151,83832.3545775171,24543.86012528489,38311.2505709265,286669.9195931409,93303.9522143946,503445.709088813,0,102425.433380517,34708.82506109105,0,0,0,766656.1262024336,1214562.986526906,1114.69079625421,20430.42010889874,55170.07266372289,BO,0.0,1016.087796686748,optimal,212.07435669861604,26.376966621571214,1.306288839243852
62.0,62.0,ok,optimal,lcom,1189829.187148916,USD/ton,12775047319.43115,12762521627.48248,13579.486365816,8515423.986367892,171141120.9222365,4010267.96230104,0,0,0,619.5239098072052,01.01.2025 00:00:00,31.12.2025 22:00:00,1,,,1.0,1.0,17.01639515060947,29.24198714176066,5.079501443123743,20000,205479.4520547945,2423691.460863661,20327,12540038.28734183,191257.8842901856,10.59171452415444,0,374692.4930064874,74512.71167742649,6.631321080517604,1.769390958698941,199055.3869096964,24102,24333,172535.9974579125,288,1.421764345348534,25264339.90816131,24034807.69997334,1670332.295734147,17237350.05768161,1999119.308959896,1212369.038658891,1490798.060341605,5734707.685855009,1905324.049615797,25561367.86594087,0,2470131.788424611,837051.5924863837,15312938.37266463,176939.0958698941,1652767.690351183,21611796.65452116,18317594.48698054,584851.6542999909,681169.5217856169,3385364.093929983,378973.3202404655,169655.0213802991,20039.41129594474,603169.5106371151,83832.3545775171,36362.76726224168,59618.30781950592,286669.9195931409,79899.08385986509,511110.6609175977,0,103584.0947622817,35101.45972103249,0,0,0,648205.8736311516,915670.6193891286,1549.271171578596,20430.42010889874,56395.86593327524,BO,0.0,1189829.187148916,optimal,1189025.173708928,147886.23107176906,0.9048644245049806
63.0,63.0,ok,optimal,lcom,1191.779444147179,USD/ton,-13123092.92019431,-29334456.99547843,20501.2872389,11380481.66801051,229360365.2601263,4830882.407273605,0,0,0,827.2692415714264,01.01.2025 00:00:00,31.12.2025 22:00:00,1,,,1.0,1.0,28.76196818390047,73.20338892301373,15.27297950798516,20000,205479.4520547945,1748582.440771663,14665,12540038.28734183,195979.4194803217,10.43544901357895,0,369164.444304369,73413.38381052794,6.523751274839801,1.986487506917114,196118.6110366961,24697,31105,124476.824062591,288,4.611047351883562,40519482.60785684,54892438.80929759,4029814.201657668,17237350.05768161,1999119.308959896,933688.1801955615,1111237.071190285,5734707.685855009,1936711.357684314,25221707.03699796,0,2445654.985645104,828757.1578163096,15064539.93363518,198648.7506917114,1636390.236732456,21997302.86483779,24707593.27180994,469943.4549044348,681169.5217856169,7714108.764891055,607805.4251227365,387470.455185646,48346.72983303815,603169.5106371151,83832.3545775171,28004.25028134496,44439.3345638563,286669.9195931409,81215.29941910689,504318.9950067858,0,102557.6687754289,34753.63556408235,0,0,0,659768.4194871552,1235097.61343899,1244.879520477571,20430.42010889874,101757.4961582846,BO,0.0,1191.779444147179,optimal,387.76600415904704,48.22879629534189,1.1680994049303284
64.0,64.0,ok,optimal,lcom,982.129208429798,USD/ton,-19568831.54301731,-35316371.59873433,24274.3193338,11042237.39234091,221730767.171252,4705302.663376122,0,0,0,1090.883380413055,01.01.2025 00:00:00,31.12.2025 22:00:00,1,,,1.0,1.0,16.93947066418541,73.3881991321488,75.0346192276227,20000,205479.4520547945,1508204.520512838,12649,12540038.28734183,194090.8054042672,11.24863500799405,0,397931.7120427974,79134.14728123813,6.548988950057552,1.83779015531814,211401.2220227361,24459,30992,107364.9742630558,288,1.443459571146524,25161527.43073688,55017147.01575615,14399763.3292978,17237350.05768161,1999119.308959896,829509.1123274354,972754.9151564259,5734707.685855009,1924186.712523035,26983873.5498594,0,2571755.094309793,871488.6012417644,15122818.36120433,183779.015531814,1720763.947611945,21843410.29633656,24628587.98836307,425612.3969480274,681169.5217856169,3421442.829765366,377431.0996214697,388350.7357228208,172757.708545192,603169.5106371151,83832.3545775171,24879.59180056055,38901.312999726,286669.9195931409,80690.08289530461,539554.2803701938,0,107845.6318171854,36545.56338989863,0,0,0,655152.6964908068,1231148.251153444,1127.446613188207,20430.42010889874,56816.05703965843,BO,0.0,982.129208429798,optimal,178.1157684416661,22.15333221846332,1.056132429444548
65.0,65.0,ok,optimal,lcom,1278.304112987622,USD/ton,-10837163.64665782,-27109092.81035665,18959.907738,11411089.65160308,229953935.5040147,4860839.512095757,0,0,0,811.164580821991,01.01.2025 00:00:00,31.12.2025 22:00:00,1,,,1.0,1.0,29.90229923439361,74.03498102748921,74.26974777557469,20000,205479.4520547945,1485907.56064756,12462,12540038.28734183,259668.5647509643,3.428390676633369,0,121282.7485765821,24118.72841011575,6.377487835025107,1.035605763143392,64431.46018130922,32723,34475,105777.7143858172,288,4.529508685009731,41962492.31472068,55453342.73332524,14282215.01665126,17237350.05768161,1999119.308959896,819683.8996122763,959802.4027521303,5734707.685855009,2338540.359566548,9261806.966219036,0,1160120.845778248,393129.2273497133,14726790.78638961,103560.5763143392,776238.0370919612,26975586.41872414,27048527.30922032,421386.2989143402,681169.5217856169,7618365.73710276,629451.0403154278,391429.7199491127,171347.4508436052,603169.5106371151,83832.3545775171,24584.90271508327,38383.33079133869,286669.9195931409,98065.85516850214,185193.8560026345,0,48649.253528871,16485.7338100113,0,0,0,809082.8282711849,1352117.592318215,1116.251685716054,20430.42010889874,100829.491779382,BO,0.0,1278.304112987622,optimal,474.29067299948997,58.990391131582456,1.4001470040547555
66.0,66.0,ok,optimal,lcom,1287.018566546784,USD/ton,-10428177.32149618,-26405069.13768099,18467.3680683,11140252.67588219,223973345.7326394,4836639.140302619,0,0,0,898.9398040771484,01.01.2025 00:00:00,31.12.2025 22:00:00,1,,,1.0,1.0,29.41274593987609,45.46853066339338,191.8849917659751,20000,205479.4520547945,1524182.021164962,12783,12540038.28734183,216992.2349147425,3.339316867781295,0,118131.6735146311,23492.09416484141,6.232924326010985,2.150220670662544,62757.45155464776,27345,34973,108502.3690413979,288,2.357902661271139,41343683.21389335,35758087.77557485,35057812.43919698,17237350.05768161,1999119.308959896,836531.7679329873,982024.6078656521,5734707.685855009,2073487.854640057,9044953.082842287,0,1139838.544397806,386256.1800291835,14392967.09159476,215022.0670662544,762667.1286227664,23683118.37223796,27392066.91105036,428628.0503961959,681169.5217856169,4823854.071015867,620168.7024277953,252406.3941685079,420597.7004691605,603169.5106371151,83832.3545775171,25090.22336834624,39272.01605336711,286669.9195931409,86950.9729926017,180857.7683473678,0,47798.7224608389,16197.5150241588,0,0,0,710331.338027603,1369290.650724764,1135.435074734598,20430.42010889874,72439.49624670234,BO,0.0,1287.018566546784,optimal,483.00512655865214,60.0742602717912,1.2559389580389808
67.0,67.0,ok,optimal,lcom,1180.95875011448,USD/ton,-13500612.94631206,-29825333.57400955,20812.4175308,11339400.35079054,227727883.2455,4985320.276906948,0,0,0,981.236328125,01.01.2025 00:00:00,31.12.2025 22:00:00,1,,,1.0,1.0,34.10873326363104,29.83579978964264,195.1588080304386,20000,205479.4520547945,1544094.27944037,12950,12540038.28734183,266270.7786638942,4.072286814791135,0,144061.2183600512,28648.53774205564,7.996097889569785,2.504156101337658,76532.5222537772,33555,34260,109919.8685039586,288,1.59158027331649,47239596.73528361,24473629.09458308,35535508.34051058,17237350.05768161,1999119.308959896,845263.3172652163,993563.5536829567,5734707.685855009,2378212.389050397,10813566.93210388,0,1301920.381440229,441180.7231022502,18464458.69805758,250415.6101337658,871116.2505327079,27471121.477226,26900028.3749733,432371.8042957298,681169.5217856169,3663582.988976583,708609.3239193597,172752.5395303915,426328.7425290297,603169.5106371151,83832.3545775171,25352.1100431807,39733.46850755868,286669.9195931409,99729.48756282387,216221.9710044791,0,54595.56643739239,18500.75613101654,0,0,0,823945.4859504976,1344694.340799177,1145.352273305192,20430.42010889874,59608.92730206429,BO,0.0,1180.95875011448,optimal,376.945310126348,46.882961326108195,1.4412682743964107
68.0,68.0,ok,optimal,lcom,1111.583943137006,USD/ton,-16664362.56140275,-34364000.98739668,23683.5676904,12301165.08598639,246968660.9643956,5398473.340007543,0,0,0,971.443113565445,01.01.2025 00:00:00,31.12.2025 22:00:00,1,,,1.0,1.0,34.41248024363421,24.08522374875792,194.2472508705766,20000,205479.4520547945,1551606.089448459,13013,12540038.28734183,243424.896626244,15.99114466286,0,565702.7335933353,112497.7027032201,7.025712000607387,2.833119433432575,300529.5772214594,30676,30336,110454.6138101941,288,1.554204752126233,47618041.30627438,20184131.86440939,35402661.43151861,17237350.05768161,1999119.308959896,848551.3934404652,997912.6945905912,5734707.685855009,2239486.417432772,37034462.61776732,0,3255307.552908331,1103123.478659704,16223659.44630053,283311.9433432575,2178129.592443514,25741358.71390439,24169250.35294803,433779.9738485708,681169.5217856169,3603145.610323608,714286.1156391,142474.1718654545,424734.9435852602,603169.5106371151,83832.3545775171,25450.72980736848,39907.39442568226,286669.9195931409,93912.06346530463,740520.1773460878,0,136510.1601546064,46259.08928562093,0,0,0,772064.4507410089,1208186.612963005,1149.082512378419,20430.42010889874,58916.14329999308,BO,0.0,1111.583943137006,optimal,307.57050314887397,38.254398229140804,1.2855704055533217
69.0,69.0,ok,optimal,lcom,1065.314938919588,USD/ton,-16240788.36177857,-31729316.5768653,21938.9896824,10826717.8785913,217278573.6333026,4661810.336495436,0,0,0,1408.036980867386,01.01.2025 00:00:00,31.12.2025 22:00:00,1,,,1.0,1.0,34.12524771858146,26.07234261171076,191.7832362880665,20000,205479.4520547945,1530143.775139635,12833,12540038.28734183,174133.3919535239,5.758091512334827,0,203698.2453403569,40508.17378927551,7.912591202332491,2.772594175588496,108214.6928370646,21944,30186,108926.7700780927,288,1.046689930556275,47260181.06989287,21676866.70869796,35042938.88962088,17237350.05768161,1999119.308959896,839148.383982369,985480.9543547106,5734707.685855009,1789265.823680376,14769478.36111332,0,1642023.479958747,556431.1893156512,18271626.4192637,277259.4175588496,1098679.579442471,20190930.74500449,24064052.26157431,429750.6185385684,681169.5217856169,2732113.157021304,708918.0956371315,153010.9718716877,420419.2586236981,603169.5106371151,83832.3545775171,25168.70392779996,39410.23834812133,286669.9195931409,75032.22358561875,295322.1394937633,0,68857.66846408468,23333.74328967333,0,0,0,605589.6283039359,1202927.909285773,1138.408756091783,20430.42010889874,48579.14199138452,BO,0.0,1065.314938919588,optimal,261.3014989314561,32.49964315712349,1.2262197167363054
70.0,70.0,ok,optimal,lcom,1003.3429569383,USD/ton,-19149882.59099986,-35275700.7560658,24260.2456421,11102536.15437877,222972730.33686,5023282.010687163,0,0,0,922.0177121162415,01.01.2025 00:00:00,31.12.2025 22:00:00,1,,,1.0,1.0,32.73211107931733,28.99137139960822,87.87468780689036,20000,205479.4520547945,1705538.577074522,14304,12540038.28734183,245567.4420066419,11.92457945348917,0,421843.9227466331,83889.41645529635,7.833874025101177,2.73448367138571,224104.5839591488,30946,31841,121412.6485776544,288,1.549726138730078,45520158.38961045,23849338.72233876,16339435.33370902,17237350.05768161,1999119.308959896,915255.2069707596,1086587.267915314,5734707.685855009,2252673.82865647,28438927.54998723,0,2674296.672279097,906236.7841271863,18089853.99877956,273448.367138571,1789374.621657551,25905421.67765442,25221340.03900776,462160.8425187346,681169.5217856169,3595874.460227032,682817.1891880647,168345.8474622563,196028.4584282515,603169.5106371151,83832.3545775171,27451.38733784217,43453.56754521615,286669.9195931409,94465.07284734084,568648.7175527619,0,112145.6762841329,38002.71603482541,0,0,0,776985.21593458,1260779.087109758,1224.263391720669,20430.42010889874,58832.60665374095,BO,0.0,1003.3429569383,optimal,199.329516950168,24.791814046430655,1.1901860572969312
71.0,71.0,ok,optimal,lcom,1015.184323699909,USD/ton,-17113401.40157698,-32142473.747735,21940.98913380001,10451992.56499526,209727702.7386371,4577079.781162751,0,0,0,1231.815296649933,01.01.2025 00:00:00,31.12.2025 22:00:00,1,,,1.0,1.0,13.90921984607255,56.22865785456631,93.95383323204302,20000,205479.4520547945,1745601.563784326,14640,12540038.28734183,174149.2626600453,12.31848216818,0,435778.6251815357,86660.5220531463,6.981314357711973,2.840245527051344,231507.3946276908,21946,30553,124264.6235442436,288,0.9138616976982336,21071703.38030154,43290878.96171889,17237632.23120827,17237350.05768161,1999119.308959896,932414.6071190987,1109531.993345031,5734707.685855009,1789375.082710142,29283024.41807935,0,2733166.250625133,926185.8712708236,16121137.13418591,284024.5527051344,1828764.316365694,20192264.89022414,24321326.5804349,469406.5460281629,681169.5217856169,2484519.348032763,316082.407938767,305578.271626051,206804.3603848247,603169.5106371151,83832.3545775171,27966.05181215434,44371.14702153333,286669.9195931409,75036.80532402874,585526.8013232272,0,114614.3510368676,38839.27388278762,0,0,0,605629.6435225444,1215788.688307355,1243.457249654436,20430.42010889874,45496.31681628446,BO,0.0,1015.184323699909,optimal,211.17088371177704,26.264596237955196,0.9595604325814949
72.0,72.0,ok,optimal,lcom,1007.585016912371,USD/ton,-20114627.18434703,-37387089.11625028,25591.3675012,12068312.63884357,242114729.8473992,5204149.293059676,0,0,0,968.4701547622681,01.01.2025 00:00:00,31.12.2025 22:00:00,1,,,1.0,1.0,40.72627256518623,54.46521681703636,92.5838146547985,20000,205479.4520547945,1716865.909626401,14399,12540038.28734183,206985.7544529583,11.98410407961598,0,423949.6659204949,84308.17220009843,5.369692812116364,2.734421501028323,225223.2600202629,26084,31962,122219.0105473745,288,0.9966459780326147,55413342.45680897,42067022.25483978,17036252.34649108,17237350.05768161,1999119.308959896,920114.9189497656,1093080.027664026,5734707.685855009,2008926.245469539,28566659.96361586,0,2683233.4494921,909265.1827061184,12399606.97328503,273442.1501028323,1795354.228374381,22886199.3710637,25305663.92404615,464215.1207725556,681169.5217856169,2640004.659435139,831218.1696738105,296939.4075933577,204388.3534939299,603169.5106371151,83832.3545775171,27597.14541151386,43713.21864055508,286669.9195931409,84243.60495917812,571202.782683107,0,112520.4368463179,38129.71084815807,0,0,0,686429.2263416982,1264994.31876025,1229.705171791984,20430.42010889874,47441.0077193347,BO,0.0,1007.585016912371,optimal,203.57157692423903,25.319424626439574,1.0886823550983893
73.0,73.0,ok,optimal,lcom,1047.476050829143,USD/ton,-19264999.95632138,-37293861.55991056,25536.8853618,12667653.99978381,254739554.7527959,5361207.603805364,0,0,0,890.018132686615,01.01.2025 00:00:00,31.12.2025 22:00:00,1,,,1.0,1.0,38.66617821224111,56.18169357157836,95.24897176938421,20000,205479.4520547945,1775291.098578199,14889,12540038.28734183,277594.5277669601,11.51321972506569,0,407291.660993924,80995.50076583716,7.911476310267484,3.039548688392704,216373.6949030221,34982,31616,126378.1407069838,288,3.049343598851234,52884118.93711273,43258335.25374226,17427466.02187444,17237350.05768161,1999119.308959896,945080.1271952186,1126501.66381165,5734707.685855009,2445508.575282536,27554438.4159292,0,2612128.738489806,885169.9859005613,18269051.92870951,303954.8688392704,1747777.993969779,28313251.63512792,25064437.04523486,474740.7650465644,681169.5217856169,5775246.222247467,793278.993808783,305348.5546446842,209081.8457802415,603169.5106371151,83832.3545775171,28345.93066430043,45049.77886603856,286669.9195931409,102551.5291091398,550962.9728675098,0,109538.6861733291,37119.28737159754,0,0,0,849203.6226727748,1252935.728551179,1257.587587984396,20430.42010889874,82430.8807911291,BO,0.0,1047.476050829143,optimal,243.46261084101116,30.280913070881617,1.3246831001196318
74.0,74.0,ok,optimal,lcom,1001.470678129131,USD/ton,-19840780.98038904,-36584934.01226023,25088.3880805,11668631.14888123,234120253.6623537,5075521.882989953,0,0,0,960.2424783706665,01.01.2025 00:00:00,31.12.2025 22:00:00,1,,,1.0,1.0,39.01359021569768,43.42501114918786,90.79906670626988,20000,205479.4520547945,1427959.312013736,11976,12540038.28734183,208437.9240996724,11.57238701927642,0,409384.7631939226,81411.7426806096,6.961207562894876,1.596405184972583,217485.6554467714,26267,31627,101652.5363091435,288,1.014098774215977,53311570.43727589,34308395.10311546,16773014.23138631,17237350.05768161,1999119.308959896,794009.3873666185,926047.9382781998,5734707.685855009,2018358.471933491,27681849.61159708,0,2621115.158605415,888215.2069303751,16074706.85186848,159640.5184972583,1753790.8168032,23002496.94987279,25072110.96623569,410303.7798016252,681169.5217856169,2672281.658503647,799690.9054141312,242173.4168794392,201230.217312988,603169.5106371151,83832.3545775171,23814.84320053714,37033.460472331,286669.9195931409,84639.14200883666,553510.6151051101,0,109915.5284929134,37246.98762840267,0,0,0,689917.357147212,1253319.336999382,1086.894108895402,20430.42010889874,47840.97330310228,BO,0.0,1001.470678129131,optimal,197.45723814099904,24.558947440469865,1.2241519042340971
75.0,75.0,ok,optimal,lcom,1025.049542668271,USD/ton,-18988388.82102086,-35799131.83948397,24591.2376676,11735527.92730289,235605980.440357,5075215.091160211,0,0,0,915.6082894802094,01.01.2025 00:00:00,31.12.2025 22:00:00,1,,,1.0,1.0,40.48753513604761,53.15650692349882,93.98771715421307,20000,205479.4520547945,1741786.041240535,14608,12540038.28734183,208850.5624692305,9.4534534799359,0,334425.3703062125,66505.04523134907,5.346767669976139,2.162530585892356,177663.4779751754,26319,31855,123993.0068807589,288,1.433636176190585,55120906.84850531,41156198.10781987,17242605.37605951,17237350.05768161,1999119.308959896,930783.7986522195,1107349.068720174,5734707.685855009,2021034.706741703,23075222.24947156,0,2288960.800073175,775658.323907536,12346668.60934286,216253.0585892356,1531545.997897593,23035502.55687406,25231098.48608273,468718.8609506027,681169.5217856169,3405127.016386685,826831.5403837423,290510.1533190859,206864.0244979852,603169.5106371151,83832.3545775171,27917.13872806897,44283.84997192377,286669.9195931409,84751.36896015926,461399.0986946641,0,95986.75404001195,32526.95491928932,0,0,0,690907.2992914487,1261266.898065709,1241.63557289597,20430.42010889874,56626.16979855435,BO,0.0,1025.049542668271,optimal,221.03610268013904,27.491593011604603,1.0898938602713306
76.0,76.0,ok,optimal,lcom,1075.718372251511,USD/ton,-17050965.31673788,-34028596.52916673,23292.680462,11955537.02212459,239866078.4107759,5022094.190304259,0,0,0,1178.179900884628,01.01.2025 00:00:00,31.12.2025 22:00:00,1,,,1.0,1.0,45.99024970701878,52.22304098767601,101.3479018880874,20000,205479.4520547945,1736539.697742823,14564,12540038.28734183,184877.8602685563,9.204587180954821,0,325621.4761134578,64754.27081801718,5.317803047482324,3.115555457667316,172986.4091852744,23298,28791,123619.5339684674,288,1.020789235691289,61819621.35694948,40505164.46311443,21037969.28907151,17237350.05768161,1999119.308959896,928540.2697520803,1104346.766249181,5734707.685855009,1862502.111192629,22527776.78542247,0,2248410.564913467,761917.0980040474,12279783.97597194,311555.5457667316,1504413.794335754,21086689.48156201,23082657.20928037,467772.4816719086,681169.5217856169,2684610.64323572,927314.4379316807,285914.6879302816,252397.9931968333,603169.5106371151,83832.3545775171,27849.8482277011,44163.78529137144,286669.9195931409,78103.36115862452,450452.6886897716,0,94286.29440417408,31950.72151635633,0,0,0,632456.2550668496,1153869.359810943,1239.128615579392,20430.42010889874,47993.42354741978,BO,0.0,1075.718372251511,optimal,271.7049322633791,33.793580896780746,1.0313249679158212
77.0,77.0,ok,optimal,lcom,1134.403799299111,USD/ton,-14200027.5775571,-30287277.14032526,20713.269923,11179654.362324,224260370.2351285,4907595.20044416,0,0,0,1254.468425512314,01.01.2025 00:00:00,31.12.2025 22:00:00,1,,,1.0,1.0,42.79042370695708,43.23093345721296,86.29603701092822,20000,205479.4520547945,1908238.212213412,16004,12540038.28734183,164404.6488558653,8.879372381379012,0,314116.677363664,62466.38470300136,5.298381518129663,3.377605787407513,166874.4848494465,20718,32246,135842.2838252783,288,0.8262121720832905,57934742.09944674,34170364.37154283,16104182.71732049,17237350.05768161,1999119.308959896,1001288.069026351,1202149.690653698,5734707.685855009,1721655.798206274,21810141.9983924,0,2194870.223096125,743773.924999884,12234936.09747696,337760.5787407513,1468589.897205756,19366652.67483025,25503430.98862502,498275.7412556654,681169.5217856169,2315208.790027129,869039.9848368848,241199.096343639,193206.0715593052,603169.5106371151,83832.3545775171,30031.78393333146,48075.00909016031,286669.9195931409,72197.02130272507,436103.2691978231,0,92041.09928284434,31189.89403315943,0,0,0,580866.9319389155,1274880.414374301,1319.93170532846,20430.42010889874,43342.48792906899,BO,0.0,1134.403799299111,optimal,330.39035931097897,41.09264135135053,1.0096156383806325
78.0,78.0,ok,optimal,lcom,1014.74992951814,USD/ton,-20499999.53408891,-38465006.11581627,26271.33818210001,12501417.52378327,250689567.0859643,5463589.05794408,0,0,0,940.7625594139099,01.01.2025 00:00:00,31.12.2025 22:00:00,1,,,1.0,1.0,42.94531996460955,42.57336460441594,106.9764670342063,20000,205479.4520547945,3214577.743143814,26960,12540038.28734183,209731.3866811719,15.20472006991993,0,537882.1771934873,106965.2056918867,5.414803955995889,2.165808752262301,285749.9066340402,26430,32051,228837.0389858474,288,0.7502874456524987,58123453.1872569,33702229.74677607,21967599.77936827,17237350.05768161,1999119.308959896,1519679.893375888,1922209.678589769,5734707.685855009,2026741.608663069,35391179.46157479,0,3147156.017929987,1066474.254109135,12503776.89022316,216580.8752262301,2105765.290461029,23105896.9097919,25367662.82314099,706673.7268505606,681169.5217856169,2164140.368344416,871870.7125651207,237894.6642564312,263551.0121475442,603169.5106371151,83832.3545775171,45579.98803488365,76870.8327173024,286669.9195931409,84990.68585498731,707662.0163728074,0,131974.864143122,44722.21713709831,0,0,0,693018.6477258814,1268093.555965002,1871.977662492862,20430.42010889874,41385.67844473515,BO,0.0,1014.74992951814,optimal,210.73648953000804,26.210568014027068,1.2134792437308688
79.0,79.0,ok,optimal,lcom,1044.033632790603,USD/ton,-18476975.3709286,-35537587.9298517,24404.11625080001,12015188.86097579,241065340.6633592,5045423.697947309,0,0,0,1252.43080329895,01.01.2025 00:00:00,31.12.2025 22:00:00,1,,,1.0,1.0,48.82104389466051,43.16528749805441,105.3630790202138,20000,205479.4520547945,1946154.967492334,16322,12540038.28734183,194733.5690183866,8.766593632618488,0,310127.0163475117,61672.98620547107,6.793799612505579,4.177527769450557,164754.9774346156,24540,28726,138541.4744186573,288,1.034766224949811,65233924.25455281,34123662.04723889,21702150.44217528,17237350.05768161,1999119.308959896,1017173.192711409,1223626.564356957,5734707.685855009,1928453.797676783,21560669.30680899,0,2176152.931677947,737431.2113592448,15688131.14602054,417752.7769450557,1456066.138493035,21895831.53118297,23036791.93910557,504887.6882955945,681169.5217856169,2710289.120476027,978530.0924912281,240869.4376283624,260366.3473596865,603169.5106371151,83832.3545775171,30508.22884166616,48933.88790245776,286669.9195931409,80869.02158796701,431114.9542944573,0,91256.196348904,30923.91460085513,0,0,0,656724.9744866452,1151576.619878346,1337.446743307154,20430.42010889874,48310.37086675547,BO,0.0,1044.033632790603,optimal,240.020192802471,29.85275878050172,1.0836531331186807
80.0,80.0,ok,optimal,lcom,1099.646185815119,USD/ton,-17340290.50227509,-35624755.78462208,24317.44703559999,12812464.81885888,256890114.7368959,5472000.463488109,0,0,0,1048.614540100098,01.01.2025 00:00:00,31.12.2025 22:00:00,1,,,1.0,1.0,46.85629905427193,42.49355087249515,110.8011874463738,20000,205479.4520547945,1875567.800432203,15730,12540038.28734183,193011.5973608076,15.39083603579689,0,544466.2156023507,108274.5315118311,6.814040099519249,2.318066150129613,289247.6770387487,24323,32448,133516.5661441906,288,0.6865457294397218,62866362.78683713,33645359.97000511,22593709.40739332,17237350.05768161,1999119.308959896,987550.2089799597,1183610.232191234,5734707.685855009,1917011.719679596,35780832.48407829,0,3172914.779390637,1075203.105096825,15734870.14817557,231806.6150129613,2123000.50393633,21755286.8732647,25643969.03688795,492543.8088135186,681169.5217856169,2033736.48287069,943015.900014592,237493.2363226441,271062.612315001,603169.5106371151,83832.3545775171,29619.74222687153,47333.6000617847,286669.9195931409,80389.20213173713,715453.2979233408,0,133055.0486096361,45088.25838725013,0,0,0,652509.5973837406,1281905.712471829,1304.74782472427,20430.42010889874,39667.30289828659,BO,0.0,1099.646185815119,optimal,295.63274582698705,36.76962736236734,1.2321224562290323
81.0,81.0,ok,optimal,lcom,1083.70435641792,USD/ton,-18893073.41396503,-38140953.38307086,26034.0544466,13744837.87439935,275893013.712231,5503042.094706484,0,0,0,1073.600646972656,01.01.2025 00:00:00,31.12.2025 22:00:00,1,,,1.0,1.0,46.83847874982444,66.40276917185173,108.5510897109327,20000,205479.4520547945,1639959.283353116,13754,12540038.28734183,206636.598909486,14.75830032221254,0,522089.632198591,103824.6427667652,8.308910634512046,4.163644184366782,277360.1171055014,26040,29611,116744.2371740113,288,1.630307176214962,62844844.07648037,50280782.75088882,22225900.04973875,17237350.05768161,1999119.308959896,886991.4287579927,1048911.817959782,5734707.685855009,2006655.135144232,34454595.82530466,0,3084942.518173197,1045392.014979382,19186800.78153139,416364.4184366782,2064138.174538087,22858203.69494085,23660208.52566937,450177.7888295313,681169.5217856169,3725758.136575758,942693.1123565396,354918.0579726325,266649.9077200164,603169.5106371151,83832.3545775171,26603.66757898117,41946.893615031,286669.9195931409,84148.36675842515,688934.6194725626,0,129365.9632397372,43838.14096510984,0,0,0,685589.5478092191,1182740.332578836,1192.520300132116,20430.42010889874,60318.75942258877,BO,0.0,1083.70435641792,optimal,279.6909164297881,34.78684590569986,1.2341133086932148
82.0,82.0,ok,optimal,lcom,1102.445351015679,USD/ton,-15785363.91037319,-32028262.72587595,22205.9069728,11438471.46107063,229732962.5793664,4804427.354432133,0,0,0,1029.503063201904,01.01.2025 00:00:00,31.12.2025 22:00:00,1,,,1.0,1.0,47.45991067589444,33.85743765618562,130.5798959137813,20000,205479.4520547945,1631612.827788573,13684,12540038.28734183,194035.2579314421,5.311885408575784,0,187913.258213777,37369.11384933065,7.621186994304625,4.07217923525867,99828.91842606901,24452,27994,116150.0757226386,288,1.659804831725608,63594766.15258671,27423516.08815466,25766359.47053307,17237350.05768161,1999119.308959896,883378.1634108709,1044106.067499155,5734707.685855009,1923817.733338005,13735304.06976544,0,1555640.901669818,527158.793786527,17598720.57970548,407217.9235258669,1040880.908507496,21838877.82689322,22519410.92363655,448641.4278824626,681169.5217856169,3772818.974188901,953942.1875406427,193574.971197461,309125.7208807241,603169.5106371151,83832.3545775171,26495.2943669603,41754.70748473796,286669.9195931409,80674.60988489822,274643.375026737,0,65235.24588030935,22106.21583279151,0,0,0,655016.7534518177,1125713.475280871,1188.450482244225,20430.42010889874,60854.14220526674,BO,0.0,1102.445351015679,optimal,298.43191102754713,37.11777641825891,1.1268311343559592
83.0,83.0,ok,optimal,lcom,1170.280721548304,USD/ton,-16356648.90970033,-36272861.67333658,24890.7492188,14091776.8770426,282845831.4324995,5824435.886593656,0,0,0,692.6009197235107,01.01.2025 00:00:00,31.12.2025 22:00:00,1,,,1.0,1.0,46.33214295778924,66.87977843953956,81.34940218393295,20000,205479.4520547945,1274146.059467166,10686,12540038.28734183,206842.9180942651,20.48270873249419,0,724596.3041207145,144095.8559330966,7.636150825082109,2.331209792544896,384941.7865641296,26066,33749,90702.98956241712,288,1.654425340353533,62233080.49079517,50605742.49005767,15361354.10248931,17237350.05768161,1999119.308959896,724816.953605822,835769.4907374252,5734707.685855009,2007997.307806784,46276776.61244894,0,3842574.326496917,1302130.102658571,17633274.8134294,233120.9792544896,2571070.387567256,22874748.16537626,26546634.01276204,380139.3117460914,681169.5217856169,3764255.310985183,933516.4594888175,357211.8583718131,184294.163328221,603169.5106371151,83832.3545775171,21739.54410849243,33423.14703140815,286669.9195931409,84204.65028990175,925324.2629100668,0,161136.9826631077,54604.36102181747,0,0,0,686085.7686039906,1327028.656870832,1006.988477406034,20430.42010889874,60756.83851111044,BO,0.0,1170.280721548304,optimal,366.267281560172,45.554870521266224,1.3650014922342923
84.0,84.0,ok,optimal,lcom,1090.567273071891,USD/ton,-18848061.35138659,-38335931.41938356,26168.02382100001,13748525.46951818,275639684.1535112,5739344.598478793,0,0,0,821.9591691493988,01.01.2025 00:00:00,31.12.2025 22:00:00,1,,,1.0,1.0,37.84375486288487,67.90453144327053,80.7526078326708,20000,205479.4520547945,3351936.554720285,28112,12540038.28734183,207699.9362464242,20.62675598084403,0,729692.1195783386,145109.2283252378,8.258783134747391,1.623018617868034,387648.9385259924,26174,33893,238615.2388712961,288,0.7138459319398409,51870680.83469418,51303068.22530477,15271132.76662123,17237350.05768161,1999119.308959896,1571410.325353416,1995976.530228639,5734707.685855009,2013567.764872965,46569576.45683793,0,3860659.05455694,1308258.460057663,19071047.17748301,162301.8617868034,2583170.897494079,22943422.84406403,26646285.25054779,726765.1418150221,681169.5217856169,2090013.987510603,778077.0924756046,362134.086749888,183211.7544795462,603169.5106371151,83832.3545775171,47131.54667618226,79820.83311297922,286669.9195931409,84438.24541843556,931178.9230662485,0,161895.3592784356,54861.35150165317,0,0,0,688145.5385901122,1332010.081188911,1925.199791167387,20430.42010889874,40412.3812329592,BO,0.0,1090.567273071891,optimal,286.55383308375895,35.64042823562611,1.4328007422457127
85.0,85.0,ok,optimal,lcom,1000.05920695574,USD/ton,-19739841.65021412,-36327314.04634567,24925.5182517,11467861.55388842,229846695.7074943,5119610.842243139,0,0,0,811.6114375591278,01.01.2025 00:00:00,31.12.2025 22:00:00,1,,,1.0,1.0,36.98284590953319,48.06863841267164,79.98120908310614,20000,205479.4520547945,3312469.743407948,27781,12540038.28734183,223078.6508657247,11.71897723201473,0,414570.5385597531,82443.00482722363,4.552989992566943,1.61940907817463,220240.5986098688,28112,31139,235805.7040083764,288,0.402633654824886,50807455.45305417,37593269.36791816,15154317.42779443,17237350.05768161,1999119.308959896,1556590.969997829,1974812.864152756,5734707.685855009,2112276.429544257,27997238.04154339,0,2643314.461388392,895737.8669899136,10513690.15630509,161940.907817463,1768644.392859329,24162891.43437572,24731358.02754651,721020.6385489462,681169.5217856169,1399790.69337583,762128.3657521374,265360.4305049867,181810.2904556489,603169.5106371151,83832.3545775171,46687.06751794858,78974.4797454332,286669.9195931409,88577.55803450063,559816.9438478067,0,110846.4483304315,37562.44769256736,0,0,0,724721.2437748717,1236285.579938653,1909.982610469108,20430.42010889874,30827.79912101246,BO,0.0,1000.05920695574,optimal,196.04576696760807,24.38339425899422,1.1963298289471611
86.0,86.0,ok,optimal,lcom,1048.676976959963,USD/ton,-20007649.91620445,-38902526.56113867,26554.79119690001,13218591.9212182,265013791.5972844,5676284.723716029,0,0,0,728.7247130870819,01.01.2025 00:00:00,31.12.2025 22:00:00,1,,,1.0,1.0,36.69273745036266,62.34985574269214,81.36883738257679,20000,205479.4520547945,2625914.155684578,22023,12540038.28734183,221436.032740753,20.02626445288608,0,708449.131285298,140884.7704260536,6.280480409106445,2.56321429095372,376363.6009953146,27905,33944,186931.6806226008,288,0.6714418467026905,50448615.47916077,47510146.08591424,15364290.01919823,17237350.05768161,1999119.308959896,1292639.402889988,1602292.100204223,5734707.685855009,2101842.852784173,45347609.95835567,0,3784989.598216358,1282616.411633656,14502782.82225294,256321.429095372,2532540.387343883,24033767.61081608,26681566.20452615,617111.8146169778,681169.5217856169,2002312.845993608,756745.6493686608,335360.9045099974,184329.3862851207,603169.5106371151,83832.3545775171,38770.32839215929,64077.05120360095,286669.9195931409,88140.02971763487,906745.1717922948,0,158722.1876392041,53786.06135466658,0,0,0,720848.4134778327,1333773.726137213,1634.728288784552,20430.42010889874,39248.88063218862,BO,0.0,1048.676976959963,optimal,244.66353697183104,30.430279495756007,1.220029043902097
87.0,87.0,ok,optimal,lcom,1002.256074894509,USD/ton,-19536888.72663358,-36008093.12719133,24723.5670151,11392975.57793272,228347825.1918667,5078228.822625034,0,0,0,857.0817711353302,01.01.2025 00:00:00,31.12.2025 22:00:00,1,,,1.0,1.0,37.39940941012311,47.69399335996547,78.09121407823356,20000,205479.4520547945,3272764.461936625,27448,12540038.28734183,214103.7663278357,11.35186628341612,0,401583.6216421285,79860.37930383238,4.616690283051463,2.597171104250425,213341.2989973808,26981,31142,232979.1931039889,288,0.4030797662500613,51322218.29347592,37329465.91016975,14867150.83742069,17237350.05768161,1999119.308959896,1541646.393158349,1953495.859766127,5734707.685855009,2054954.320397515,27206645.04075212,0,2587544.304974875,876839.0784888668,10660785.82708721,259717.1104250425,1731328.52451658,23454137.58669556,24733454.76821868,715218.5875658023,681169.5217856169,1400876.174471469,769849.9758745544,263498.3152834636,178365.0781289457,603169.5106371151,83832.3545775171,46238.83257287952,78121.99424580716,286669.9195931409,86173.7758502242,544008.6931598742,0,108507.7467300082,36769.93374324757,0,0,0,703463.4828228757,1236390.393036866,1894.612985953002,20430.42010889874,30843.78327366399,BO,0.0,1002.256074894509,optimal,198.24263490637702,24.656631972383856,1.1205303037768912
88.0,88.0,ok,optimal,lcom,1036.187249317143,USD/ton,-18868605.46000364,-36000078.02859985,24718.4909891,12000773.34401708,240513366.8921849,5130699.224579132,0,0,0,875.3853900432587,01.01.2025 00:00:00,31.12.2025 22:00:00,1,,,1.0,1.0,36.35677369514778,62.60488402046438,73.22916658078464,20000,205479.4520547945,2624006.394412682,22007,12540038.28734183,224213.4063820095,11.35465983093855,0,401682.446179282,79880.03191065267,6.185226227077896,2.646444728895053,213393.7995327436,28255,31223,186795.8722908585,288,0.3999645878911985,50032701.49498475,47685007.12907892,14121904.84950471,17237350.05768161,1999119.308959896,1291888.052629827,1601244.38442488,5734707.685855009,2119469.362353934,27212670.64984396,0,2587970.917656866,876983.6443887547,14282823.42028294,264644.4728895053,1731613.971495722,24251940.21788109,24790057.61292852,616811.3908812564,681169.5217856169,1393288.746677086,750506.8042577022,336595.1999696079,169424.1680437839,603169.5106371151,83832.3545775171,38747.79303058913,64035.15214060788,286669.9195931409,88879.19110414808,544129.1778327414,0,108525.6365805357,36775.99606265238,0,0,0,727392.097356858,1239219.889121163,1633.932466750726,20430.42010889874,30731.98169532088,BO,0.0,1036.187249317143,optimal,232.17380932901096,28.87685675160332,1.1445139306174448
89.0,89.0,ok,optimal,lcom,913.2743846439051,USD/ton,-22387129.12485421,-38046897.28906775,26010.77657361,10708194.1068244,214608409.7328818,4951574.057389136,0,0,0,902.0769431591034,01.01.2025 00:00:00,31.12.2025 22:00:00,1,,,1.0,1.0,16.05920259784204,47.76678318741193,75.58574348657773,20000,205479.4520547945,3214220.037905334,26957,12540038.28734183,212976.9461648116,17.22897484053829,0,609492.2139588825,121205.8380031869,4.644810780483249,3.648614679486019,323792.7386656563,26839,31148,228811.5749236457,288,0.340372293213531,23981631.71225451,37380736.4824805,14484313.60275805,17237350.05768161,1999119.308959896,1519544.608793884,1922017.171356487,5734707.685855009,2047701.863903259,39604810.85266346,0,3422051.558609426,1159627.887114232,10725721.22064652,364861.4679486019,2289698.176141741,23364579.94500998,24737648.1768514,706621.039896858,681169.5217856169,1244497.392170764,359732.2798780603,263860.2199905925,173772.0801821302,603169.5106371151,83832.3545775171,45575.93042403026,76863.13418602804,286669.9195931409,85869.64667611265,791915.4075237582,0,143502.5105095647,48628.58148327143,0,0,0,700777.3669808129,1236600.01559854,1871.838094830038,20430.42010889874,28502.84094473306,BO,0.0,913.2743846439051,optimal,109.26094465577319,13.589442566704605,0.976081203355143
90.0,90.0,ok,optimal,lcom,1050.088116555205,USD/ton,-16838452.90206957,-32306169.83187278,22381.7316392,10754173.98577649,215296632.0964585,4713542.944026724,0,0,0,765.1547827720642,01.01.2025 00:00:00,31.12.2025 22:00:00,1,,,1.0,1.0,40.60113918388157,50.55984021745235,75.381746493246,20000,205479.4520547945,2443722.954218563,20495,12540038.28734183,222507.3054309519,6.354300322203569,0,224789.7281982735,44702.50276670211,3.917117886345236,1.963016748584625,119419.5431053328,28040,27354,173961.9849412071,288,0.007164987361436884,55260084.80656061,39342285.13381723,14453031.9921777,17237350.05768161,1999119.308959896,1220378.492696845,1501882.617783832,5734707.685855009,2108650.244114796,16138955.11092857,0,1754074.801634197,594401.9314793552,9045344.670203337,196301.6748584625,1173653.23266785,24118008.55158476,22065725.1334192,588085.8480198841,681169.5217856169,83421.28022978999,828919.2550463949,277706.2462428183,173396.7865582086,603169.5106371151,83832.3545775171,36602.99602410605,60061.58888835994,286669.9195931409,88425.49524298843,322705.4223595447,0,73556.50063857011,24926.03280754871,0,0,0,723375.0647081484,1103034.364831536,1557.838545983184,20430.42010889874,5173.147215846122,BO,0.0,1050.088116555205,optimal,246.07467656707308,30.60579143685775,1.070903527671208
91.0,91.0,ok,optimal,lcom,1025.727586354436,USD/ton,-18820242.48466286,-35536976.34876859,24390.4395704,11589961.72444394,232074515.0883698,5126772.139661795,0,0,0,806.0476217269897,01.01.2025 00:00:00,31.12.2025 22:00:00,1,,,1.0,1.0,40.20352406150089,50.78538156216597,71.56553861615744,20000,205479.4520547945,1402323.769922641,11761,12540038.28734183,213889.5117897959,11.73967477573987,0,415302.7348665735,82588.61204732997,4.585668123673758,5.311152115836259,220629.5778978672,26954,32818,99827.61185135576,288,0.0484036703768805,54772789.64119232,39500201.02815935,13864658.06018341,17237350.05768161,1999119.308959896,782585.1580394433,911071.9704047935,5734707.685855009,2053576.30385141,28041736.85891376,0,2646441.449666437,896797.507018065,10589149.96313644,531115.2115836259,1770736.663894534,23437119.02019046,25901118.56474986,405353.8178123049,681169.5217856169,317717.2952915384,821609.6689884156,278820.9306108123,166337.9113576525,603169.5106371151,83832.3545775171,23472.19456886796,36434.55852422464,286669.9195931409,86115.98921828633,560706.7170428683,0,110977.577467602,37606.88331887859,0,0,0,702953.0423932465,1294760.253368031,1073.781666870009,20430.42010889874,11800.42621936786,BO,0.0,1025.727586354436,optimal,221.71414636630402,27.57592539368207,1.104889359704449
92.0,92.0,ok,optimal,lcom,1013.05164665864,USD/ton,-18633522.7816225,-34648337.24281106,23838.3043547,11000540.97983459,220227823.7894825,5014273.481353967,0,0,0,775.4802720546722,01.01.2025 00:00:00,31.12.2025 22:00:00,1,,,1.0,1.0,32.46849858635392,48.02620966995851,57.49971559058213,20000,205479.4520547945,3554516.954779683,29811,12540038.28734183,213706.9986647991,11.80090912671801,0,417468.9612667763,83019.3957064612,4.562498865639252,1.561621735513907,221780.3856729749,26931,32851,253036.3860981861,288,0.006770131440306722,45190082.64507648,37563403.84517124,11638005.68619657,17237350.05768161,1999119.308959896,1646938.73030126,2104222.938747682,5734707.685855009,2052402.078575529,28173342.16793791,0,2655682.111452314,899928.8827202616,10535647.89075676,156162.1735513906,1776919.600087951,23422618.0247792,25924036.57071484,755907.9364483516,681169.5217856169,80175.93268266901,677865.9456055448,265149.6180881198,139624.1832872734,603169.5106371151,83832.3545775171,49396.88150677548,84149.70090206497,286669.9195931409,86066.7485005161,563338.2224000297,0,111365.08132087,37738.19644111468,0,0,0,702518.1118527954,1295905.892045207,2002.39901126482,20430.42010889874,5050.295475718782,BO,0.0,1013.05164665864,optimal,209.0382066705081,25.99934233358011,1.2511242617205958
93.0,93.0,ok,optimal,lcom,1033.816651973943,USD/ton,-18214393.76159149,-34572377.4506482,23802.9065272,11247379.38647321,225269977.961954,5110604.302583502,0,0,0,798.6184995174408,01.01.2025 00:00:00,31.12.2025 22:00:00,1,,,1.0,1.0,44.28557287703636,36.61040110258151,56.54741032546539,20000,205479.4520547945,3179761.099931722,26668,12540038.28734183,217777.8348875551,11.673176926982,0,412950.3069689153,82120.79968131839,4.546983224822439,1.614788268871943,219379.8505772363,27444,30929,226358.5369315496,288,0.1156500398340411,59753478.19147864,29422427.16500836,11483550.49065147,17237350.05768161,1999119.308959896,1506498.016841016,1903462.224574478,5734707.685855009,2078514.456302181,27898741.41903506,0,2636388.457234364,893390.8574765491,10499819.42629916,161478.8268871943,1764010.19644007,23745250.78848967,24584525.79233283,701536.4155075449,681169.5217856169,584558.6631132863,896321.6180774131,207684.7284176657,137771.1441056515,603169.5106371151,83832.3545775171,45184.62202566308,76121.10576631648,286669.9195931409,87161.76173891137,557847.4610684653,0,110556.0088186707,37464.02668645766,0,0,0,712194.884950659,1228945.644345038,1858.368932305232,20430.42010889874,17390.72273361395,BO,0.0,1033.816651973943,optimal,229.803211985811,28.582011264538455,1.22406187151184
94.0,94.0,ok,optimal,lcom,20662.44580799855,USD/ton,321914653.7040084,306704160.7645748,21779.45486205864,10300186.04678947,206369337.8095414,4910306.892644082,0,0,0,756.3645358085632,01.01.2025 00:00:00,31.12.2025 22:00:00,1,,,1.0,1.0,17.17976688332098,37.34814147578232,59.41729739090366,20000,205479.4520547945,3572163.746544715,29959,12540038.28734183,214810.0127680409,17.55967354434087,0,621191.0113046028,123532.3033844381,4.487959746369568,1.6089471898804,330007.7247555702,27070,30918,254292.6131668028,288,0.2098953638417914,25482538.53799476,29955498.67959831,11947480.29615666,17237350.05768161,1999119.308959896,1653476.616608578,2113622.591462906,5734707.685855009,2059493.452752316,40288328.00286222,0,3465921.635668336,1174494.105198928,10363523.37350442,160894.71898804,2319051.689292724,23510202.69846188,24576831.2891608,758420.2495159676,681169.5217856169,887213.2980324405,382246.3706949994,211447.5319455295,143337.0307311507,603169.5106371151,83832.3545775171,49592.9733159518,84525.60116909664,286669.9195931409,86364.12274514763,805582.630037781,0,145342.1865303316,49251.99103172473,0,0,0,705145.0521682503,1228561.00702323,2009.054124883839,20430.42010889874,22799.13620933392,BO,0.0,20662.44580799855,optimal,19858.432368010417,2469.9129865669347,1.148256067966471
95.0,95.0,ok,optimal,lcom,1044.037784264392,USD/ton,-18478544.72694714,-35658973.79956655,24406.29502224,11823227.80577497,236862469.9162529,5357201.266844448,0,0,0,779.0228080749512,01.01.2025 00:00:00,31.12.2025 22:00:00,1,,,1.0,1.0,44.24884661388773,35.69259646806731,58.39549192948481,20000,205479.4520547945,3344424.744712197,28049,12540038.28734183,214524.3400506546,16.52418220595181,0,584559.4697177513,116247.621818871,4.595811049703359,1.559159833493293,310547.2182875553,27034,30988,238080.4935650606,288,0.217493752437401,59708877.84962709,28757742.18323585,11782826.01295045,17237350.05768161,1999119.308959896,1568592.423918953,1991950.329289278,5734707.685855009,2057657.993249245,38143665.74514,0,3327615.275493189,1127626.339042436,10612571.8423252,155915.9833493293,2226510.763120787,23487530.79010157,24625790.70838458,725673.504389969,681169.5217856169,909575.5983528417,895652.5984356261,202992.902038131,141361.6304403014,603169.5106371151,83832.3545775171,47047.02893384313,79659.82184436313,286669.9195931409,86287.15340610694,762699.1760012698,0,139542.3586888601,47286.60798876296,0,0,0,704465.0502044847,1231008.41908694,1922.308045234865,20430.42010889874,23174.00681385165,BO,0.0,1044.037784264392,optimal,240.02434427626008,29.853275124331642,1.257107451949735
96.0,96.0,ok,optimal,lcom,955.1115948040228,USD/ton,-20749394.68949924,-36673669.08417417,25073.23321637,10925075.65485439,218887295.6652779,4999198.739820534,0,0,0,931.8545763492584,01.01.2025 00:00:00,31.12.2025 22:00:00,1,,,1.0,1.0,24.33179220478261,38.27961997478791,89.65708905496496,20000,205479.4520547945,3226620.486172654,27061,12540038.28734183,200066.1264095991,17.18276653216452,0,607857.548841852,120880.7625537774,5.01226435678616,1.196738641677771,322924.3228222338,25212,29668,229694.329079971,288,0.224835580447441,34856504.98715074,30627060.32594879,16604037.86998814,17237350.05768161,1999119.308959896,1524232.719912256,1928689.507054079,5734707.685855009,1963677.546483941,39509199.51846162,0,3415899.586473385,1157543.173214538,11574239.01980314,119673.8641677771,2285581.885332466,22328918.03227634,23700283.466939,708446.393777397,681169.5217856169,930961.1940122169,522858.9179443254,216187.8987873206,199202.9639251454,603169.5106371151,83832.3545775171,45716.5416472313,77129.96667935915,286669.9195931409,82346.11692005473,790003.6173382172,0,143244.529754165,48541.15975008696,0,0,0,669714.6031735484,1184743.622165819,1876.673454573412,20430.42010889874,23529.92336401627,BO,0.0,955.1115948040228,optimal,151.0981548158909,18.79298868662211,1.1265077784461566
97.0,97.0,ok,optimal,lcom,10312.15124841978,USD/ton,148750560.2704039,133880552.1495946,22595.3977935,10097594.54653663,202348046.2998841,4772413.574272672,0,0,0,842.6538586616516,01.01.2025 00:00:00,31.12.2025 22:00:00,1,,,1.0,1.0,16.63365604830979,39.31640400679253,62.38517175267199,20000,205479.4520547945,3282541.738455088,27530,12540038.28734183,185290.4986381144,17.34545582470935,0,613612.8452549179,122025.2817268303,4.051458156198461,1.154920796030287,325981.8240416751,23350,29616,233675.2108041684,288,0.2700656126355673,24752330.48971,31372625.71971877,12422560.13834636,17237350.05768161,1999119.308959896,1545329.788180993,1958747.48039952,5734707.685855009,1865286.285806725,39845712.39329724,0,3437535.219701875,1164874.823020927,9355561.028037874,115492.0796030287,2300058.309516757,21120800.75524122,23663724.24154705,716649.466518095,681169.5217856169,1058411.5069555,371293.0123436342,221450.637495257,149036.6872488184,603169.5106371151,83832.3545775171,46349.30919482581,78332.01111113712,286669.9195931409,78220.11452717465,796732.338538372,0,144151.8123101339,48848.60986747249,0,0,0,633479.3596383648,1182916.078238977,1898.403382191958,20430.42010889874,25602.99545963914,BO,0.0,10312.15124841978,optimal,9508.137808431647,1182.5844364706138,1.0488370890528818
98.0,98.0,ok,optimal,lcom,992.3213423444503,USD/ton,-19994474.58498723,-36697726.39273443,25053.1739723,11605620.32982898,232564804.6911547,5097631.477918217,0,0,0,1010.206606864929,01.01.2025 00:00:00,31.12.2025 22:00:00,1,,,1.0,1.0,25.29394815508032,56.28934226261454,88.16896386331243,20000,205479.4520547945,3282064.798137115,27526,12540038.28734183,198883.75877375,16.98114491983065,0,600724.9826839293,119462.3545110087,4.990484005999137,3.752748148666723,319135.1470508374,25063,29660,233641.2587212328,288,0.3238418143807835,36094589.87416355,43332925.94952315,16383194.88863815,17237350.05768161,1999119.308959896,1545150.161331155,1958491.340110386,5734707.685855009,1955894.522892723,39091714.82108356,0,3388992.398471623,1148425.15583921,11523944.18936331,375274.8148666723,2267578.258491212,22233168.13582255,23694659.47154487,716579.7002043319,681169.5217856169,1201874.434526145,541430.5941518332,305875.0696160311,196553.4531982095,603169.5106371151,83832.3545775171,46343.92161965156,78321.76783875248,286669.9195931409,82019.73860413338,781655.829351323,0,142116.1864306136,48158.79894639377,0,0,0,666842.7621011435,1184462.486596973,1898.218571329467,20430.42010889874,27850.44597515846,BO,0.0,992.3213423444503,optimal,188.30790235631832,23.420989375388793,1.010217383997018
99.0,99.0,ok,optimal,lcom,6179.226118265497,USD/ton,69090160.49170059,53386604.48055761,20873.493957319,10858527.99620772,217638730.4422657,4845028.014935254,0,0,0,773.7238149642944,01.01.2025 00:00:00,31.12.2025 22:00:00,1,,,1.0,1.0,24.84364180070641,57.45808090707883,41.46555137254071,20000,205479.4520547945,3297684.593550758,27657,12540038.28734183,199962.9668172096,13.72620432420119,0,485578.2041729414,96563.8474207554,5.025556505171071,1.153516205630935,257963.4209668751,25199,29526,234753.1894373732,288,0.3819183625663824,35515741.21564717,44141843.12228619,8959751.477201082,17237350.05768161,1999119.308959896,1551030.231726481,1966878.002863722,5734707.685855009,1962999.096265216,32278241.29476236,0,2938674.833386147,995826.4010902621,11604933.03183891,115351.6205630935,1966270.317976197,22320570.22264693,23600430.44520821,718862.8113012969,681169.5217856169,1348979.743220253,532747.6759029448,311584.9909082308,107492.4704620919,603169.5106371151,83832.3545775171,46520.28345705656,78657.15775835852,286669.9195931409,82317.666352325,645417.4646657325,0,123232.2800926917,41759.62464055546,0,0,0,669464.2260614446,1179752.110953957,1904.266529265523,20430.42010889874,30075.59223392753,BO,0.0,6179.226118265497,optimal,5375.212678277365,668.5476151190593,1.1345637006327893
100.0,100.0,ok,optimal,lcom,8511619.003496706,USD/ton,63184048661.65028,63169112751.23944,9375.01892699,10002532.99633219,200530331.1794321,4933377.414509616,0,0,0,806.2992570400238,01.01.2025 00:00:00,31.12.2025 22:00:00,1,,,1.0,1.0,15.6520610311325,13.56262562005188,85.45487236428154,20000,205479.4520547945,3241286.40095035,27184,12540038.28734183,186798.2157576537,22.86331111002807,0,808812.493828353,160843.3936590475,4.957707809387798,1.130548390624942,429681.6373463126,23540,29651,230738.3556302402,288,0.4379614919271008,23433735.80022368,12037709.38831181,15978480.30476958,17237350.05768161,1999119.308959896,1529772.664889239,1936577.518835773,5734707.685855009,1875441.886844748,51090442.45373984,0,4136337.243119235,1401677.308327699,11448257.93126999,113054.8390624942,2767627.453668717,21245260.9846358,23688332.25913643,710602.2405542136,681169.5217856169,1484674.327760689,351513.6628992162,84970.84183644757,191697.9869988658,603169.5106371151,83832.3545775171,45882.70205171217,77445.41511398966,286669.9195931409,78645.9860313673,1021575.603702235,0,173455.825704457,58778.83755528522,0,0,0,637212.3140528778,1184146.198205003,1882.384289512676,20430.42010889874,32067.45115197442,BO,0.0,8511619.003496706,optimal,8510814.990056718,1058541.383360749,1.0940832918300678
101.0,101.0,ok,optimal,lcom,61588.04805811388,USD/ton,819046461.9147193,805767309.7100996,17354.983202606,8767543.250651035,175820703.8682351,4511608.953968732,0,0,0,835.4128267765045,01.01.2025 00:00:00,31.12.2025 22:00:00,1,,,1.0,1.0,10.24475707320842,13.21930188607439,87.08862620794241,20000,205479.4520547945,3441601.334499371,28864,12540038.28734183,199407.4920889583,14.15821467908716,0,500861.0024873874,99603.0402673782,5.026856999240845,1.276726095405752,266082.4075714246,25129,31606,244998.2304631862,288,0.4650280238191839,16002161.46120057,11763109.14365169,16222402.01357213,17237350.05768161,1999119.308959896,1604949.677463726,2043966.270738339,5734707.685855009,1959343.915200765,33191134.27433627,0,3000325.798811414,1016718.014658968,11607936.11151228,127672.6095405752,2007521.041606139,22275600.09992802,25057460.47538558,739733.8390389136,681169.5217856169,1548322.54730765,240037.6294025468,83032.51509964159,194624.3792258421,603169.5106371151,83832.3545775171,48137.49751790176,81739.98447089683,286669.9195931409,82164.38763921031,663671.1565880167,0,125817.5913196971,42635.70699769072,0,0,0,668115.4303944162,1252586.979699923,1959.553851028865,20430.42010889874,32983.93684524798,BO,0.0,61588.04805811388,optimal,60784.03461812575,7560.0769334183,1.1004751127571113
102.0,102.0,ok,optimal,lcom,1048.032459907991,USD/ton,-18801536.86683077,-36529540.23691744,24937.1047079,12345557.54455901,247456530.1880149,5382445.82552766,0,0,0,783.8991348743439,01.01.2025 00:00:00,31.12.2025 22:00:00,1,,,1.0,1.0,24.11100461447515,57.8864702310313,98.17106905365831,20000,205479.4520547945,3433612.58417331,28797,12540038.28734183,198360.0254585416,22.96643197355739,0,812460.4974965664,161568.8489339763,5.061036933387709,0.8735251183977251,431619.6392950509,24997,29263,244429.5330740151,288,0.4870063599553235,34571715.10037387,44437929.89595445,17853888.74146885,17237350.05768161,1999119.308959896,1601968.618368217,2039695.709380444,5734707.685855009,1952442.131721075,51297786.6093957,0,4148827.61818383,1405909.911781315,11686863.85740448,87352.5118397725,2775984.77632003,22190705.43237675,23415338.91385059,738582.9457673909,681169.5217856169,1599190.839546035,518586.9769652591,313674.9850760297,214197.750133951,603169.5106371151,83832.3545775171,48048.08616324946,81569.20101714139,286669.9195931409,81874.96381278167,1025721.540218249,0,173979.6051239886,58956.33027016182,0,0,0,665569.1718382038,1170499.6473031,1956.505136446245,20430.42010889874,33708.85755242562,BO,0.0,1048.032459907991,optimal,244.01901991985915,30.3501170233499,1.2227297323203068
103.0,103.0,ok,optimal,lcom,216452.0555802954,USD/ton,3183802566.676135,3165814166.464793,18745.228274098,12580719.37899114,252168453.9859449,5407680.832350538,0,0,0,655.0308849811554,01.01.2025 00:00:00,31.12.2025 22:00:00,1,,,1.0,1.0,24.02144513927846,77.08998487936765,67.17105391181995,20000,205479.4520547945,3227097.426490628,27065,12540038.28734183,197804.5507302903,23.12723182468738,0,818148.9530301407,162700.0758866757,3.42024053634038,3.65433817885656,434641.6312972623,24927,29015,229728.2811629066,288,0.4965857037649146,34456119.73292571,57508577.13977224,13179281.6043242,17237350.05768161,1999119.308959896,1524412.959837276,1928946.084080515,5734707.685855009,1948777.215979435,51620919.80506051,0,4168267.420771548,1412497.462206731,7897963.605855387,365433.817885656,2788991.967990673,22145635.52605677,23240621.00043837,708516.553417908,681169.5217856169,1621145.515059897,516853.0088360503,405937.047884492,158115.2716310566,603169.5106371151,83832.3545775171,45721.94761046185,77140.2274172474,286669.9195931409,81721.27687945413,1032182.728917807,0,174794.8063059022,59232.57684563414,0,0,0,664217.3833465929,1161765.746129218,1876.85930735788,20430.42010889874,34019.74632259271,BO,0.0,216452.0555802954,optimal,215648.04214030725,26821.44743046714,1.0028190154348202
104.0,104.0,ok,optimal,lcom,937.7041672842329,USD/ton,-20295595.20196987,-35058889.0783395,24122.9897816,9980517.29665309,200016088.6267927,4782776.579716546,0,0,0,906.2389259338379,01.01.2025 00:00:00,31.12.2025 22:00:00,1,,,1.0,1.0,24.46410210192347,32.91567255815634,69.2549892136928,20000,205479.4520547945,3037632.885175512,25476,12540038.28734183,198550.4739367992,13.05058037450301,0,461677.3313284184,91810.83293462866,3.454752920151043,4.594729192744129,245266.0822682223,25021,31341,216240.8162167451,288,0.2916886478031057,35027045.16871323,26736029.89304013,13505381.62225144,17237350.05768161,1999119.308959896,1452383.141844669,1826715.764626201,5734707.685855009,1953697.894332045,30844752.76293139,0,2840957.318810101,962712.9447261151,7977659.039083482,459472.9192744129,1900887.429650342,22206149.9785856,24872484.56387725,680369.052971193,681169.5217856169,1117042.557792928,525417.0761656004,188722.1973959487,162027.5784214769,603169.5106371151,83832.3545775171,43561.5464256014,73051.94824929816,286669.9195931409,81927.62376959171,616754.2383953511,0,119134.5310020509,40371.02366873521,0,0,0,666032.4024399064,1243340.295721671,1802.296620096123,20430.42010889874,26531.61652454622,BO,0.0,937.7041672842329,optimal,133.69072729610093,16.627921953403458,0.8618103431574121
105.0,105.0,ok,optimal,lcom,56769.8509489298,USD/ton,915925082.7587056,900135094.055929,21115.10336531,10681526.58877397,214066011.8060998,5108462.114002646,0,0,0,821.1284739971161,01.01.2025 00:00:00,31.12.2025 22:00:00,1,,,1.0,1.0,31.04149669543278,22.29397556012324,67.7941468196532,20000,205479.4520547945,3060287.55027927,25666,12540038.28734183,197201.4638824746,19.23922801286199,0,680606.9301830058,135347.9690704841,3.6718929620389,0.9213044522054055,361572.4316597218,24851,30056,217853.5401561855,288,0.323772943811562,43398581.79028847,18827958.25525383,13276994.25873446,17237350.05768161,1999119.308959896,1461042.196729767,1838972.485888247,5734707.685855009,1944794.316960682,43740458.17493899,0,3684668.705733655,1248620.750671025,8479075.27866738,92130.44522054054,2465415.576214533,22096663.05728557,23972829.83807157,683764.5919273482,681169.5217856169,1201695.509231608,650992.84978667,132901.3196284491,159287.5557780773,603169.5106371151,83832.3545775171,43821.25876355925,73542.10516625251,286669.9195931409,81554.25543091423,874609.4733224369,0,154515.2668253991,52360.46544793745,0,0,0,662748.5447113253,1198367.829462503,1811.291397794135,20430.42010889874,27847.6933646568,BO,0.0,56769.8509489298,optimal,55965.837508941666,6960.808703616668,1.1093866272562105
106.0,106.0,ok,optimal,lcom,1022.072511684434,USD/ton,-16946909.15496369,-31711733.58025148,21880.5717449,10126708.73994358,203099353.9363329,4638115.685344214,0,0,0,999.1856591701508,01.01.2025 00:00:00,31.12.2025 22:00:00,1,,,1.0,1.0,31.15853690851817,22.42362250739115,96.94854719569835,20000,205479.4520547945,3048006.337091444,25563,12540038.28734183,246662.520756623,13.05620013025501,0,461876.1358079013,91850.36791634401,4.232069563667364,0.8521005079328765,245371.6971479476,31084,21993,216979.2740205941,288,0.6233791163095879,43545822.78031439,18926471.46792733,17675798.91035885,17237350.05768161,1999119.308959896,1456349.674782716,1832329.1832304,5734707.685855009,2259399.39159787,30856706.4551215,0,2841776.908099505,962990.6782960792,9772625.941407392,85210.05079328764,1901435.817676938,25989123.97260455,16758170.33307598,681924.8858848588,681169.5217856169,1900870.910879155,653201.5125527845,133596.6969916049,212061.1600779764,603169.5106371151,83832.3545775171,43680.51524570899,73276.43372936931,286669.9195931409,94747.10692840337,616993.2576664533,0,119168.9001863259,40382.67032684659,0,0,0,779495.711479694,837717.2133394935,1806.418019194875,20430.42010889874,37885.88388368544,BO,0.0,1022.072511684434,optimal,218.059071696302,27.121321715656986,1.1391190661426538
107.0,107.0,ok,optimal,lcom,1073.400862985284,USD/ton,-18862667.05581649,-37655848.28327557,25703.1307892,13292620.9956622,266326988.3534486,5500560.231796881,0,0,0,808.7375757694244,01.01.2025 00:00:00,31.12.2025 22:00:00,1,,,1.0,1.0,31.41908363171382,87.3568101759648,78.94660812395689,20000,205479.4520547945,3062791.486948633,25687,12540038.28734183,204009.9969801834,19.69917400026899,0,696877.9794335158,138583.6890918923,4.74950662990958,4.657137765665602,370216.4265740553,25709,30143,218031.7885915973,288,0.3073240582195405,43873402.12358391,64357853.19898213,14997289.96154154,17237350.05768161,1999119.308959896,1461998.461875913,1840326.618145422,5734707.685855009,1989529.383894094,44680463.02044877,0,3743457.413391648,1268542.433228992,10967483.16682182,465713.7765665601,2504751.160263108,22647180.77114774,24033883.91841294,684139.3783946172,681169.5217856169,1158626.99246726,658115.3093039491,454284.1822061081,179926.3910728504,603169.5106371151,83832.3545775171,43849.94016818234,73596.25809003488,286669.9195931409,83430.20449328507,893405.2787884821,0,156980.5502946998,53195.87409438245,0,0,0,679260.3054579175,1201419.836515184,1812.284206594399,20430.42010889874,27181.61218853833,BO,0.0,1073.400862985284,optimal,269.38742299715204,33.505338293987776,1.0844772896451393
108.0,108.0,ok,optimal,lcom,57299.643683154,USD/ton,956284843.0290146,941435841.2588618,21834.32436342601,10008362.92312045,200593236.5755385,4840638.847032306,0,0,0,907.5823562145233,01.01.2025 00:00:00,31.12.2025 22:00:00,1,,,1.0,1.0,20.04358818860011,24.00526361908239,69.43665001702588,20000,205479.4520547945,3071614.882831149,25761,12540038.28734183,203422.7808388892,18.70146410317176,0,661582.994113804,131564.7999658133,3.926765857153969,4.659308062821411,351465.9656229584,25635,28361,218659.9021259056,288,0.3291674587328656,29275550.74463742,20123813.77717293,13533714.66375968,17237350.05768161,1999119.308959896,1465366.912995801,1845097.440616148,5734707.685855009,1985690.736948027,42638556.89708532,0,3615341.973441968,1225128.056095549,9067623.606876973,465930.8062821411,2419028.989172388,22599901.50265809,22779008.54959079,685459.2494445154,681169.5217856169,1215676.094478632,439142.7881311672,142048.4032673669,162367.4972948045,603169.5106371151,83832.3545775171,43950.97063019597,73787.0474197089,286669.9195931409,83269.23220391829,852576.4783221905,0,151608.0750549383,51375.30768731471,0,0,0,677842.251233834,1138690.393135365,1815.78054306327,20430.42010889874,28062.41719176791,BO,0.0,57299.643683154,optimal,56495.63024316586,7026.702220798671,0.8385600762019201
109.0,109.0,ok,optimal,lcom,986.7372853950542,USD/ton,-17487385.56768223,-31907024.68187633,21791.0241482,10005077.36170264,200653949.2938356,4414561.752491464,0,0,0,974.6910300254822,01.01.2025 00:00:00,31.12.2025 22:00:00,1,,,1.0,1.0,20.34514098954995,48.17346446696373,75.7624127750958,20000,205479.4520547945,3105477.645407293,26045,12540038.28734183,203383.1040725856,13.23148071362684,0,468076.8617252629,93083.46682036479,3.847649653564827,1.914590232760062,248665.8327915459,25630,21796,221070.5000143322,288,0.598802383597193,29671655.85964936,37667044.96027597,14511391.04578469,17237350.05768161,1999119.308959896,1478276.580090538,1863394.40079075,5734707.685855009,1985431.237120925,31229285.90405086,0,2867281.85357277,971633.5188622056,8884929.761242045,191459.0232760062,1918501.202617093,22596705.60485235,16626002.68724,690513.1325907471,681169.5217856169,1848095.947537222,445084.4937583866,265881.1918880213,174096.9353136744,603169.5106371151,83832.3545775171,44338.17222066074,74518.75873116631,286669.9195931409,83258.35017130479,624443.1456922163,0,120238.440970016,40745.10476067407,0,0,0,677746.3961893728,831110.3398107744,1829.168272080391,20430.42010889874,37169.04979644287,BO,0.0,986.7372853950542,optimal,182.72384540692224,22.726466538870223,0.9058471132198759
110.0,110.0,ok,optimal,lcom,958.6793841712456,USD/ton,-18827228.92590432,-33034864.81481795,22828.4673644,9651388.843882672,193587678.9727992,4556247.045030954,0,0,0,815.0109207630157,01.01.2025 00:00:00,31.12.2025 22:00:00,1,,,1.0,1.0,19.90273876243145,32.69866898199158,73.19374782525446,20000,205479.4520547945,1268303.540571986,10637,12540038.28734183,203026.0131758525,13.16439302285717,0,465703.5675765955,92611.50491580024,4.256971702825918,4.353142957587236,247405.0202750663,25585,28191,90287.07654645618,288,0.6313741839783662,29090334.03932089,26577340.803775,14116440.31108926,17237350.05768161,1999119.308959896,722156.8490704033,832319.5656804009,5734707.685855009,1983094.986362221,31086741.80287772,0,2857533.223701816,968330.0084194499,9830129.554586789,435314.2957587236,1911978.384461636,22567934.80385239,22658809.40217218,378970.5455878541,681169.5217856169,1917903.821800358,436364.4772774912,187602.0552600861,169358.6085541367,603169.5106371151,83832.3545775171,21659.75919232395,33285.18153529207,286669.9195931409,83160.3803297311,621592.9144314089,0,119829.6356564342,40606.57322954113,0,0,0,676883.4692196548,1132681.80790082,1003.892417572809,20430.42010889874,38116.0851097905,BO,0.0,958.6793841712456,optimal,154.66594418311365,19.236736165181103,0.8256287341078173
111.0,111.0,ok,optimal,lcom,1005.204304564204,USD/ton,-17829795.07719548,-33043361.20881776,22630.1416713,10412178.92092353,208799850.0688728,4801387.210698745,0,0,0,918.6680738925934,01.01.2025 00:00:00,31.12.2025 22:00:00,1,,,1.0,1.0,19.82570260610522,46.2387065034259,52.91734633179474,20000,205479.4520547945,3131470.892736869,26263,12540038.28734183,188980.4379043552,16.69677121994527,0,590664.9786767839,117461.785532315,3.942114244428209,4.778307807547725,313790.7699220414,23815,28602,222920.8885343216,288,0.5905624296691231,28988976.24716767,36302753.5156401,10889914.09039357,17237350.05768161,1999119.308959896,1488167.014463849,1877425.709827254,5734707.685855009,1890093.013516856,38502036.12964464,0,3350861.661327866,1135503.823302043,9103065.852184732,477830.7807547725,2242064.943511095,21424912.79041934,22949260.54410781,694380.1923991805,681169.5217856169,1830257.185929941,434844.0774109529,256251.0381086377,130649.1337036532,603169.5106371151,83832.3545775171,44634.81750915887,75079.8829528179,286669.9195931409,79260.37579821686,769864.9476077855,0,140517.1875803646,47616.94747909273,0,0,0,642600.6377345636,1147201.049345296,1839.412107822203,20430.42010889874,36925.49844371085,BO,0.0,1005.204304564204,optimal,201.19086457607204,25.023321075210113,0.8092499105587846
112.0,112.0,ok,optimal,lcom,1027.668117801667,USD/ton,-18521749.84872308,-35220082.18145145,24051.50773819999,11606927.73153271,232505337.1485179,5091404.601195657,0,0,0,841.5538849830627,01.01.2025 00:00:00,31.12.2025 22:00:00,1,,,1.0,1.0,28.29369938502843,71.09009166772022,73.48121837812843,20000,205479.4520547945,3372802.693631642,28287,12540038.28734183,190900.7933934526,14.57247374637327,0,515515.831251701,102517.352805736,2.562131937550212,1.849486394252205,273867.7853524662,24057,30694,240100.642499728,288,0.1726029255210467,39925274.54919148,53464144.87070277,14160777.09891354,17237350.05768161,1999119.308959896,1579231.214468312,2007155.694928702,5734707.685855009,1902939.881009217,34063902.7166297,0,3058862.987976139,1036554.465345374,5916433.239465438,184948.6394252205,2046688.334375217,21582534.93267084,24420071.58173046,729793.2411155924,681169.5217856169,773677.1262878289,598892.1108732988,377388.5256060752,169890.5285373765,603169.5106371151,83832.3545775171,47366.11978189546,80267.89760815342,286669.9195931409,79799.1046004464,681122.5409469499,0,128272.3274507695,43467.54147602781,0,0,0,647328.2223983944,1220724.811146091,1933.221221758476,20430.42010889874,20849.44463174953,BO,0.0,1027.668117801667,optimal,223.65467781353505,27.817280991824767,1.10019386013317
113.0,113.0,ok,optimal,lcom,1121.823872719806,USD/ton,-14645602.80374143,-30808044.42963977,21057.1913282,11419822.29355999,229056749.2303757,4742619.332338348,0,0,0,724.1359856128693,01.01.2025 00:00:00,31.12.2025 22:00:00,1,,,1.0,1.0,28.17245094718443,71.47942635084101,53.74790286223845,20000,205479.4520547945,3124793.728285235,26207,12540038.28734183,190575.4439097625,16.40745621220668,0,580430.1709630233,115426.4544528739,3.482898718645087,3.851632990674384,308353.5283241061,24016,21062,222445.5593732234,288,0.7973899342639571,39771257.06345712,53727596.23508217,11026437.6659921,17237350.05768161,1999119.308959896,1485627.924860412,1873822.452327503,5734707.685855009,1900766.356903851,37901079.42558473,0,3311847.769502878,1122283.216841193,8042652.857442685,385163.2990674384,2215960.708836102,21555861.14549488,16132286.21157207,693387.8335802335,681169.5217856169,2258372.489548177,596581.7984663245,379248.1554984544,132287.0425736422,603169.5106371151,83832.3545775171,44558.66221208045,74935.78555928906,286669.9195931409,79707.95864299047,757848.5570998194,0,138881.1539538259,47062.54606663653,0,0,0,646528.191480288,806430.1520602055,1836.783350771159,20430.42010889874,42610.34045734948,BO,0.0,1121.823872719806,optimal,317.81043273167415,39.528000021537615,0.8667786016396932
114.0,114.0,ok,optimal,lcom,970.7474965940573,USD/ton,-17826633.18914291,-31926232.96596783,21868.662125507,9710076.6302518,194518808.9822123,4389523.146573122,0,0,0,778.9021122455597,01.01.2025 00:00:00,31.12.2025 22:00:00,1,,,1.0,1.0,22.89250140574218,40.54895994175346,53.017627123415,20000,205479.4520547945,1269138.18612844,10644,12540038.28734183,191384.8499423573,14.63154722434551,0,517605.6146084466,102932.9347232706,3.494827179901691,4.815050794517481,274977.9827607373,24118,23324,90346.49269159346,288,0.1494310111965363,32995223.49467875,32256422.98489211,10906420.4723607,17237350.05768161,1999119.308959896,722537.0138059489,832812.5092518476,5734707.685855009,1906171.399927814,34188156.11270855,0,3067165.395042793,1039367.895417883,8070197.865426048,481505.0794517481,2052243.483382332,21622197.20071469,17647489.48725569,379137.6207897234,681169.5217856169,699414.392823564,494939.0898519091,227689.1165291042,130847.1650642945,603169.5106371151,83832.3545775171,21671.16153052226,33304.89477638216,286669.9195931409,79934.61719271324,683607.0416092065,0,128620.4859273242,43585.52166178285,0,0,0,648517.8187803398,882173.0190033398,1004.334999536694,20430.42010889874,19526.67472999493,BO,0.0,970.7474965940573,optimal,166.7340566059254,20.737720081941234,0.8094404764762776
115.0,115.0,ok,optimal,lcom,978.2001802173165,USD/ton,-17438483.18202758,-31492868.28995585,21548.5327162,9629235.364801746,192932256.1772793,4425149.743126531,0,0,0,923.9317245483398,01.01.2025 00:00:00,31.12.2025 22:00:00,1,,,1.0,1.0,22.72921803131905,33.52338819110339,62.8425844489464,20000,205479.4520547945,3366483.234418488,28234,12540038.28734183,209834.5462735614,14.37473064573147,0,508520.4713233964,101126.2300927209,3.398589479758955,4.346751256634322,270151.5003905543,26443,21602,239650.7774008315,288,0.2001460438030082,32783339.78750475,27179882.4163591,12495373.37238707,17237350.05768161,1999119.308959896,1576863.626573901,2003770.737099539,5734707.685855009,2027409.466667311,33647607.89576535,0,3030990.222394633,1027109.243464367,7847967.3394842,434675.1256634322,2028038.638593914,23114135.96969115,16495707.58435787,728876.8139111798,681169.5217856169,858161.3630793846,491760.7652922933,191855.2288840044,149910.2465689944,603169.5106371151,83832.3545775171,47295.10836141857,80132.53020784381,286669.9195931409,85018.69224198388,672798.5450581359,0,127103.4929761025,43071.45946819412,0,0,0,693265.763090942,824597.072053687,1930.793607442593,20430.42010889874,22307.84039881655,BO,0.0,978.2001802173165,optimal,174.18674022918458,21.664655286329012,0.86645494268994
116.0,116.0,ok,optimal,lcom,969.1069321407925,USD/ton,-17641286.69971746,-31576350.46554254,21606.85001,9597463.201838294,192573266.4415267,4337600.563986789,0,0,0,1046.08776640892,01.01.2025 00:00:00,31.12.2025 22:00:00,1,,,1.0,1.0,22.30265109274699,32.37024188271368,84.58059440126415,20000,205479.4520547945,1284638.746462591,10774,12540038.28734183,210921.6896702818,13.08918108619919,0,463042.8701053827,92082.38894141132,4.129910380511666,3.78880525854262,245991.5247434845,26580,21633,91449.935387,288,0.7898139189456973,32229086.12958596,26336969.95291746,15847566.91106418,17237350.05768161,1999119.308959896,729588.1710982473,841961.3090437095,5734707.685855009,2034441.089166186,30926849.35449809,0,2846584.530767873,964619.8335619998,9536721.623569287,378880.525854262,1904652.602890954,23200895.40139273,16516537.33053793,382233.8906305872,681169.5217856169,2243331.210665128,483446.7800561679,185905.3442919562,190127.384941233,603169.5106371151,83832.3545775171,21882.64795369332,33670.76321737361,286669.9195931409,85313.56082133227,618395.7954276195,0,119370.5061267033,40450.98837134866,0,0,0,695867.9517993066,825638.3215802,1012.537013788701,20430.42010889874,42415.77746939482,BO,0.0,969.1069321407925,optimal,165.0934921526606,20.533673187738945,0.819183426826055
117.0,117.0,ok,optimal,lcom,926.9857820970269,USD/ton,-19516541.86089111,-33426270.51610374,22965.304558,9523052.85040787,191212794.6861959,4386675.804804755,0,0,0,999.8596670627594,01.01.2025 00:00:00,31.12.2025 22:00:00,1,,,1.0,1.0,22.68823960064573,33.06811789459683,63.93233213334445,20000,205479.4520547945,3179761.099931722,26668,12540038.28734183,182616.2845892474,13.3443698771898,0,472070.4287754665,93877.64208603028,3.489027071975631,4.270250243328438,250787.4152869666,23013,23590,226358.5369315496,288,1.133488995776428,32730140.51347744,26847446.62781872,12668419.77116125,17237350.05768161,1999119.308959896,1506498.016841016,1903462.224574478,5734707.685855009,1847206.097056413,31468983.47936429,0,2883649.245740877,977179.9240149041,8056804.35089883,427025.0243328438,1929452.641353083,20899359.9181562,17824479.26684754,701536.4155075449,681169.5217856169,2888804.594768377,490962.7588695725,189508.6571320508,151986.329254562,603169.5106371151,83832.3545775171,45184.62202566308,76121.10576631648,286669.9195931409,77461.92826617893,629236.0028969372,0,120924.8017177694,40977.69128080203,0,0,0,626837.6512438765,891020.4875516585,1858.368932305232,20430.42010889874,50493.19495039162,BO,0.0,926.9857820970269,optimal,122.97234210889496,15.29481175224013,0.6924868420634958
118.0,118.0,ok,optimal,lcom,2746.9217416457,USD/ton,13087348.30390044,-947337.8264523977,22123.37485348,9630281.147138547,192908031.3419816,4404404.983214292,0,0,0,1018.199069976807,01.01.2025 00:00:00,31.12.2025 22:00:00,1,,,1.0,1.0,22.22609130445204,31.32328310243351,65.25648210701848,20000,205479.4520547945,3012474.283402391,25265,12540038.28734183,176521.9332850045,15.18367420987152,0,537137.6588484149,106817.1480664461,4.331326957355935,5.136122912951707,285354.3812632204,22245,23465,214449.843841893,288,0.1293943388829135,32129497.59010352,25569074.36276625,12877896.61066533,17237350.05768161,1999119.308959896,1442751.881011467,1813093.633378062,5734707.685855009,1805672.563003887,35347087.86084438,0,3144236.705595979,1065484.989062794,10001829.49438416,513612.2912951707,2103811.975611067,20391345.60464256,17741337.37105983,676588.4084098386,681169.5217856169,632363.425865217,481952.9195554482,180484.9829397377,154499.4774194616,603169.5106371151,83832.3545775171,43272.6745681453,72507.18740239769,286669.9195931409,75720.23434228789,706780.3856514615,0,131852.4438225287,44680.73266052685,0,0,0,611600.7013885601,886864.3418706723,1792.281698216656,20430.42010889874,18294.41497817526,BO,0.0,2746.9217416457,optimal,1942.908301657568,241.6512218609489,0.7738259517618475
119.0,119.0,ok,optimal,lcom,947.1549911042733,USD/ton,-18101565.48116995,-31539202.57038482,21708.334824274,9138596.310435507,183068577.9343715,4299040.778779367,0,0,0,799.2194974422455,01.01.2025 00:00:00,31.12.2025 22:00:00,1,,,1.0,1.0,22.01468764456094,27.41568752335168,62.91861858257059,20000,205479.4520547945,1267468.895015532,10630,12540038.28734183,202026.1586650002,13.35535367866071,0,472458.9917363014,93954.91312937811,3.349553376887794,4.373310398465536,250993.8393599101,25459,23662,90227.66040131892,288,0.1341349062057161,31854326.33429264,22679510.951601,12507466.57322148,17237350.05768161,1999119.308959896,721776.6342957771,831826.5896682398,5734707.685855009,1976546.258049037,31492294.53596143,0,2885239.303405977,977718.7455899124,7734733.97132355,437331.0398465536,1930516.550552984,22487302.41052278,17872344.99062334,378803.434098906,681169.5217856169,648493.037035747,477825.2611710032,160088.358659631,150055.3318469503,603169.5106371151,83832.3545775171,21648.35535329594,33265.46699686967,286669.9195931409,82885.76174567654,629702.1176059206,0,120991.4802183381,41000.28657120198,0,0,0,674465.0496964331,893413.2273280763,1003.449739484505,20430.42010889874,18594.42692981457,BO,0.0,947.1549911042733,optimal,143.1415511161414,17.80337790351543,0.8090863036500456
120.0,120.0,ok,optimal,lcom,3565.88543783352,USD/ton,24624753.92044381,11749547.20803831,19855.769942965,8677077.295116313,173820728.4969251,4198129.417289185,0,0,0,803.3524820804596,01.01.2025 00:00:00,31.12.2025 22:00:00,1,,,1.0,1.0,22.37955735930534,19.8652356108267,62.89725719959651,20000,205479.4520547945,1264488.018028195,10605,12540038.28734183,181727.5250240453,13.17297452182547,0,466007.1466840978,92671.87576104216,2.620701191448077,4.355705342179035,247566.2966759269,22901,23602,90015.4598829715,288,0.1209844845079298,32329090.95322633,16971444.42911704,12504069.34853185,17237350.05768161,1999119.308959896,720418.315304044,830065.6958746382,5734707.685855009,1841177.943531404,31104979.3269604,0,2858781.129219289,968752.885168605,6051680.404333672,435570.5342179035,1912813.359311786,20825568.32167295,17832458.10352456,378206.3106492693,681169.5217856169,603304.8619992089,484946.8849547253,119796.7049879747,150014.5744581396,603169.5106371151,83832.3545775171,21607.61508709869,33195.04732634746,286669.9195931409,77209.13980003224,621957.581652517,0,119881.9661288333,40624.30641505881,0,0,0,624624.4087712726,891419.338302899,1001.867960345138,20430.42010889874,17747.77652727011,BO,0.0,3565.88543783352,optimal,2761.8719978453883,343.51067537952554,0.7604114041653852
121.0,121.0,ok,optimal,lcom,968.6554898215409,USD/ton,-17501644.62186632,-30796666.51706328,21426.4350279,8968771.61099683,180029708.27764,4326250.28420013,0,0,0,896.0954253673553,01.01.2025 00:00:00,31.12.2025 22:00:00,1,,,1.0,1.0,22.44119562760501,18.80267601186726,63.3849482594235,20000,205479.4520547945,2315187.538524608,19417,12540038.28734183,202653.0515725981,13.27914734927167,0,469763.1166278345,93418.80160212619,3.310132246588657,4.414243529641126,249561.6557085371,25538,23719,164811.8985900668,288,0.8968886503536913,32409217.27153406,16152217.52218859,12581572.36676502,17237350.05768161,1999119.308959896,1168750.774379193,1430595.248035843,5734707.685855009,1980653.454023203,31330521.32278647,0,2874198.465742712,973977.3457214006,7643703.340847072,441424.3529641125,1923129.114850254,22537870.43910328,17910226.29264117,567177.047857142,681169.5217856169,2452127.343918388,486148.805804354,114014.0101503365,150944.3983399014,603169.5106371151,83832.3545775171,35054.51808908552,57210.74512464809,286669.9195931409,83057.99554267028,626467.3918925604,0,120528.4866322769,40843.39230331732,0,0,0,675981.7441974881,895306.8599940137,1502.45116512127,20430.42010889874,45087.2800476845,BO,0.0,968.6554898215409,optimal,164.64204983340892,20.477524584146156,0.6106475682237432
122.0,122.0,ok,optimal,lcom,967.2357637645805,USD/ton,-17482749.93938689,-30908975.87459459,21373.8803513,9183153.51480644,184407348.2205983,4243072.420401262,0,0,0,882.2243077754974,01.01.2025 00:00:00,31.12.2025 22:00:00,1,,,1.0,1.0,22.79449102817488,32.9356048171875,37.74613154481361,20000,205479.4520547945,3177257.163262359,26647,12540038.28734183,179418.337225172,13.12536243866505,0,464322.8216302147,92336.92475600862,3.393311486723251,4.366243929383237,246671.4989910516,22610,21419,226180.2884961379,288,1.129986929400839,32868059.10805581,26750600.58141246,8310821.738175692,17237350.05768161,1999119.308959896,1505548.895785512,1902113.160043371,5734707.685855009,1825469.835893242,31003778.43497688,0,2851854.07829245,966405.5209361719,7835779.484137466,436624.3929383237,1908178.462495776,20633376.16242403,16372671.60224342,701166.2377546822,681169.5217856169,2882553.950750957,493031.5826702442,188825.0478317912,99707.09148348318,603169.5106371151,83832.3545775171,45156.1548948271,76067.15550529622,286669.9195931409,76550.4259136913,619934.0258295883,0,119591.4827210284,40525.87053393159,0,0,0,618859.9603784576,818446.6774683085,1857.388331982648,20430.42010889874,50417.35192196014,BO,0.0,967.2357637645805,optimal,163.22232377644855,20.300944693021286,0.6904313596945327
123.0,123.0,ok,optimal,lcom,1045.639416288638,USD/ton,-16226078.19424506,-31202024.07634642,21467.2240421,10449538.98206205,209534207.7512166,4526406.90003931,0,0,0,993.4359307289124,01.01.2025 00:00:00,31.12.2025 22:00:00,1,,,1.0,1.0,21.48483636074405,26.34118095509147,229.6198599194985,20000,205479.4520547945,1291196.675834731,10829,12540038.28734183,181687.8482577417,12.84093654914914,0,454260.9713626999,90335.98862326417,3.293216882974237,4.378171262944083,241326.1410364343,22896,21575,91916.7765273643,288,0.559636689679038,31163483.30364108,21877927.3444554,43891236.59683578,17237350.05768161,1999119.308959896,732566.2224502384,845828.6254374346,5734707.685855009,1840908.602964167,30398452.84447619,0,2810298.90991383,952323.754112893,7604642.659357855,437817.1262944083,1880373.857095718,20822271.74284642,16477562.62469866,383540.1354327411,681169.5217856169,1762626.826921617,467462.3908944507,154430.2029670213,526574.5891987504,603169.5106371151,83832.3545775171,21971.96909664106,33825.42055516469,286669.9195931409,77197.84509949406,607830.2775382699,0,117848.8815693956,39935.35666909316,0,0,0,624525.533985784,823690.0312049697,1015.99725434735,20430.42010889874,35996.1990892563,BO,0.0,1045.639416288638,optimal,241.62597630050595,30.05247975756134,1.0358359304652833
124.0,124.0,ok,optimal,lcom,968.1944377476146,USD/ton,-17235815.14446612,-30642726.88518618,21091.56381331,9172071.149603877,183968621.0793639,4234840.591116183,0,0,0,871.2871408462524,01.01.2025 00:00:00,31.12.2025 22:00:00,1,,,1.0,1.0,20.49465231731128,34.14887442576583,44.67598972251319,20000,205479.4520547945,1373468.880685222,11519,12540038.28734183,202161.0596704327,13.75035752835364,0,486432.6479230383,96733.76521196784,3.436575381195819,4.319818880319565,258417.3442091141,25476,21400,97773.51083375284,288,0.5758261965680332,29867828.53293943,27635874.53252709,9510543.880474083,17237350.05768161,1999119.308959896,769676.1508905452,894182.4896337003,5734707.685855009,1977430.439761212,32329355.13119924,0,2942138.408541782,997000.1000456404,7935683.762904224,431981.8880319566,1968587.799633314,22498187.77768359,16359890.16314347,399746.3635681089,681169.5217856169,1798167.08410438,448027.1476969989,195073.950380903,114100.4702810849,603169.5106371151,83832.3545775171,23085.0127722582,35759.13353521443,286669.9195931409,82922.83959014228,646439.5080422959,0,123377.5238804195,41808.8432872633,0,0,0,674791.5361539482,817807.75142015,1058.927528829009,20430.42010889874,36485.7416300039,BO,0.0,968.1944377476146,optimal,164.1809977594827,20.420180757414474,0.7483176909341375
125.0,125.0,ok,optimal,lcom,949.6118933550479,USD/ton,-17972207.73251538,-31112395.27414339,21603.6161652,8935573.443990787,179371636.7448942,4204614.097637226,0,0,0,878.8368082046509,01.01.2025 00:00:00,31.12.2025 22:00:00,1,,,1.0,1.0,20.88703269428231,27.34754295985045,44.40146795286338,20000,205479.4520547945,1259122.439450989,10560,12540038.28734183,184203.355241394,13.97727147541476,0,494459.9557142726,98330.10482954283,3.35408582308712,4.448847783248639,262681.8514732073,23213,22320,89633.49894994618,288,0.9139139925949616,30381990.36898939,22628769.57007165,9463763.32373895,17237350.05768161,1999119.308959896,717971.7256718687,826895.0401212462,5734707.685855009,1857946.636441014,32809122.17206289,0,2974580.552171927,1007993.743427965,7745200.22208791,444884.7783248639,1990294.870911415,21030885.54417777,16977242.4367942,377130.3164032429,681169.5217856169,2484618.869215761,455739.7425582579,159730.1893630139,113539.2317661722,603169.5106371151,83832.3545775171,21534.23415559666,33068.25005197209,286669.9195931409,77912.32895112465,656032.6585586669,0,124737.9735923839,42269.8577980007,0,0,0,630782.5191640715,848668.3177023021,999.0176531708371,20430.42010889874,45497.57140582141,BO,0.0,949.6118933550479,optimal,145.59845336691592,18.108957652382664,0.7032689691055856
126.0,126.0,ok,optimal,lcom,992.1604139609082,USD/ton,-15806628.05605575,-28572244.70471527,19802.6193688,8733800.976968396,175324402.439875,4031815.671691122,0,0,0,912.6308083534241,01.01.2025 00:00:00,31.12.2025 22:00:00,1,,,1.0,1.0,26.86109306504202,26.40707450135823,44.15108350432052,20000,205479.4520547945,1255664.622145679,10531,12540038.28734183,184584.2521979091,10.09428895414041,0,357095.5660416711,71013.32279237777,3.430336222943919,4.435063987208115,189707.0194596378,23261,19820,89387.34634866318,288,0.8927102249669809,38101183.26180503,21927176.86994996,9421045.48536494,17237350.05768161,1999119.308959896,716393.9298936295,824851.0129462869,5734707.685855009,1860519.815089625,24478376.45799988,0,2391792.318053787,810504.7585337468,7921276.400532744,443506.3987208115,1600350.67109947,21062405.24910302,15292112.17675472,376436.0960969488,681169.5217856169,2444124.963648304,571530.1479597441,154777.841666904,113026.7347408577,603169.5106371151,83832.3545775171,21486.91108906989,32986.50763188855,286669.9195931409,78020.23427918325,489455.7769855706,0,100298.9570378311,33988.22771589227,0,0,0,631727.8944234393,764431.0413471329,997.178664601072,20430.42010889874,44986.01323233612,BO,0.0,992.1604139609082,optimal,188.1469739727762,23.400973741875937,0.7457279830999197
127.0,127.0,ok,optimal,lcom,957.0817064487378,USD/ton,-16195187.73210044,-27922201.96437237,19606.9715961,7817873.412561943,157089142.7480759,3909140.819709989,0,0,0,837.9013910293579,01.01.2025 00:00:00,31.12.2025 22:00:00,1,,,1.0,1.0,18.74653266061259,16.95604173675161,30.22146479789018,20000,205479.4520547945,2849599.164814318,23899,12540038.28734183,167182.0224971218,10.44030203003025,0,369336.1246143501,73447.52478126282,2.832892927825758,5.00803364590612,196209.8162013735,21068,22303,202855.2075193905,288,1.164694423562536,27564873.73029733,14717243.90266174,6956622.162360996,17237350.05768161,1999119.308959896,1380002.872967504,1724624.760145135,5734707.685855009,1741088.719637588,25232263.23463028,0,2446416.954633978,829015.3656409085,6541670.097622134,500803.364590612,1636900.0709574,19603304.57634252,16965862.90468182,651855.0567099894,681169.5217856169,2944248.399913832,413482.0762210143,103884.9305612677,83460.40670953096,603169.5106371151,83832.3545775171,41390.63411455274,68969.24040799598,286669.9195931409,73011.93392580136,504530.0707667738,0,102589.6216729704,34764.46341703212,0,0,0,587964.8680808482,848099.471000018,1726.763085961118,20430.42010889874,51164.13482955057,BO,0.0,957.0817064487378,optimal,153.06826646060586,19.03802335230432,0.5206496787335059
128.0,128.0,ok,optimal,lcom,1041.73788952703,USD/ton,-15102908.20566443,-28932868.9468221,19899.90873488,9512209.206589784,190994767.8043101,4317751.53456788,0,0,0,799.2696611881256,01.01.2025 00:00:00,31.12.2025 22:00:00,1,,,1.0,1.0,26.1700812381004,33.59555129850101,40.15404301880459,20000,205479.4520547945,1238733.240857607,10389,12540038.28734183,167674.0143992872,15.68447391588129,0,554853.9492482166,110340.2739982249,2.938534660521708,5.013409861533403,294766.1605381151,21130,20652,88182.04740444987,288,1.130810870889124,37217887.05190295,27232533.90972871,8732315.767440096,17237350.05768161,1999119.308959896,708655.5686085015,814834.1688870768,5734707.685855009,1744519.978055546,36394638.5887502,0,3213346.780740731,1088904.265203385,6785616.262000639,501340.9861533403,2150053.597135981,19645112.64678176,15855608.92309955,373027.6551407803,681169.5217856169,2884025.080398703,558280.4173655845,192226.8811287334,104763.8650564936,603169.5106371151,83832.3545775171,21254.8132529906,32585.92534754809,286669.9195931409,73155.82252267105,727726.6177816312,0,134750.5501528748,45662.81164529156,0,0,0,589218.8238373791,792599.4460531146,988.1497095240105,20430.42010889874,50435.20579737222,BO,0.0,1041.73788952703,optimal,237.72444953889794,29.56722334671508,0.7165813600865026
129.0,129.0,ok,optimal,lcom,1095.110233229828,USD/ton,-13225804.04839081,-26849282.64543919,18454.45506081,9323975.82284326,187127409.068837,4299502.774205123,0,0,0,794.8685412406921,01.01.2025 00:00:00,31.12.2025 22:00:00,1,,,1.0,1.0,26.50130492253678,33.29905998199425,37.27410262375709,20000,205479.4520547945,1239687.121493555,10397,12540038.28734183,186671.2501054819,14.3738988069223,0,508491.0441936833,101120.3781066984,2.222627034956166,4.514685867286785,270135.8672278943,23524,20687,88249.95157032105,288,0.8634480343802937,37641565.99764748,27016136.03631109,8227573.393414766,17237350.05768161,1999119.308959896,709092.0924799658,815398.8604064182,5734707.685855009,1874587.72403916,33645855.47890387,0,3030872.704785385,1027069.420365686,5132454.061332452,451468.5867286785,2027960.007442117,21234790.80339862,15879253.27367285,373220.0869702115,681169.5217856169,2387763.966656178,564635.7394269742,190699.3887393786,98708.33942400893,603169.5106371151,83832.3545775171,21267.905979245,32608.50785132157,286669.9195931409,78610.16701903322,672763.5047212896,0,127098.56491711,43069.78950076694,0,0,0,636898.2803293326,793781.3936691019,988.659461156993,20430.42010889874,44270.32824973162,BO,0.0,1095.110233229828,optimal,291.0967932416961,36.205463586030724,0.7406677389244084
130.0,130.0,ok,optimal,lcom,278966.5630915408,USD/ton,3372731454.577579,3359311209.988048,15375.49971303879,9144373.984510997,183509194.0691132,4275870.605019855,0,0,0,663.6500282287598,01.01.2025 00:00:00,31.12.2025 22:00:00,1,,,1.0,1.0,18.23735809486446,34.23371407368535,36.98263003429111,20000,205479.4520547945,2231961.45303817,18719,12540038.28734183,178013.7796980223,15.68235123732847,0,554778.8573717319,110325.3409546058,3.048234413883565,4.980234052053174,294726.2679787325,22433,22408,158887.260117807,288,0.8049192030828498,26890128.83130498,27697659.70783817,8176063.243523301,17237350.05768161,1999119.308959896,1135016.885637631,1384226.758822714,5734707.685855009,1815882.791667899,36390205.59483677,0,3213055.402998754,1088805.526259948,7038933.141447457,498023.4052053174,2149858.635992659,20516143.18584885,17036131.64390237,553434.198310452,681169.5217856169,2273278.541233792,403360.6831580652,195510.0747455843,98090.35874900967,603169.5106371151,83832.3545775171,34042.73248087113,55356.42901264543,286669.9195931409,76148.39663647549,727637.9781414985,0,134738.3313312807,45658.67106294629,0,0,0,615343.7740467953,851612.1058064883,1466.046376895934,20430.42010889874,42802.81855462636,BO,0.0,278966.5630915408,optimal,278162.5496515527,34596.7537129303,0.5535491226216528
131.0,131.0,ok,optimal,lcom,3129861.487995977,USD/ton,24902136450.38978,24889871740.10842,10052.2646538002,8175087.450860154,164228812.6253799,4089622.830497889,0,0,0,573.9772131443024,01.01.2025 00:00:00,31.12.2025 22:00:00,1,,,1.0,1.0,18.41249975696875,17.28885565373876,19.40802378564605,20000,205479.4520547945,2987792.621947243,25058,12540038.28734183,154533.0693995134,15.18667243440238,0,537243.7240394186,106838.2405760208,2.355715114118928,5.404539693385688,285410.7283959411,19474,22332,212692.8235499764,288,1.133354260382074,27122431.97022287,14976974.19883489,4881250.10344774,17237350.05768161,1999119.308959896,1433287.558569652,1799718.682446834,5734707.685855009,1651688.881420978,35353369.58899305,0,3144652.676700641,1065625.948859845,5439778.880868505,540453.9693385689,2104090.302300002,18516435.35086409,16985274.42147509,672869.2964566213,681169.5217856169,2888564.220298378,406845.3058388089,105718.2944683322,58561.62795341822,603169.5106371151,83832.3545775171,42988.80971901717,71972.31151081917,286669.9195931409,69262.98362405733,706905.9915361939,0,131869.8874223098,44686.64375929649,0,0,0,555366.2356262592,849069.825247024,1782.429776125592,20430.42010889874,50490.27909955593,BO,0.0,3129861.487995977,optimal,3129057.474555989,389179.747368673,0.5778826771579135
132.0,132.0,ok,optimal,lcom,739798.0360366798,USD/ton,7229345216.064302,7217253677.416732,12371.896759753,8073406.638001866,162066240.8590851,4018132.009569445,0,0,0,650.2406177520752,01.01.2025 00:00:00,31.12.2025 22:00:00,1,,,1.0,1.0,18.61247149807906,17.16444386660015,30.34711610207225,20000,205479.4520547945,1374303.526241676,11526,12540038.28734183,159810.0793179009,14.22576541298425,0,503250.6772497309,100078.2596803442,2.311836795711438,5.361427972235019,267351.9222889195,20139,22257,97832.9269788901,288,0.7947190675878464,27387399.12728147,14879941.40912499,6979751.307940374,17237350.05768161,1999119.308959896,770050.3087672887,894671.5232786213,5734707.685855009,1689268.4796356,33333623.73638561,0,3009909.284353258,1019965.562774401,5338455.784382637,536142.7972235018,2013933.36152313,18972731.7745113,16935066.00808477,399909.105343451,681169.5217856169,2253074.714192515,410819.8994213127,105033.3669990419,83737.89308896137,603169.5106371151,83832.3545775171,23096.23494583532,35778.69041495059,286669.9195931409,70838.87066005814,666520.2953157946,0,126219.4713647907,42771.89176860476,0,0,0,569052.0030177054,846559.9777329123,1059.358631552401,20430.42010889874,42541.85129125344,BO,0.0,739798.0360366798,optimal,738994.0225966916,91913.14297029661,0.6195770075916356
133.0,133.0,ok,optimal,lcom,7454692.427742514,USD/ton,52041999868.849,52029701664.74718,8816.893549691984,8174022.452282054,164225566.68369,4124181.649529485,0,0,0,551.3507349491119,01.01.2025 00:00:00,31.12.2025 22:00:00,1,,,1.0,1.0,12.78002978009876,18.50510723103629,19.31691760476528,20000,205479.4520547945,2824917.503359171,23692,12540038.28734183,159230.7985298674,17.88207769143189,0,632596.3804120945,125800.4165592233,2.350924990820404,5.244080770605628,336066.8270939252,20066,22346,201098.1872274739,288,1.184343936097722,19525664.78398445,15921973.7484605,4862910.422422156,17237350.05768161,1999119.308959896,1370432.300825315,1711174.942918569,5734707.685855009,1685163.42890561,40953462.87892536,0,3508429.63534276,1188898.757204796,5428717.606353647,524408.0770605628,2347493.835081291,18922846.82132852,16994644.41572652,648066.802853845,681169.5217856169,2978931.652014044,292891.3258762221,112388.783402441,58341.60202681266,603169.5106371151,83832.3545775171,41103.58250215106,68431.3705483144,286669.9195931409,70666.72682311313,818882.2909904701,0,147124.7443222132,49856.04497143176,0,0,0,567555.7960999833,849538.2179961908,1716.728007070949,20430.42010889874,51582.23104639872,BO,0.0,7454692.427742514,optimal,7453888.414302526,927085.051515128,0.5312564730842881
134.0,134.0,ok,optimal,lcom,1850042.202086922,USD/ton,17550446162.8409,17537326734.01573,11990.881063748,8913603.633311644,178632825.763185,4205825.191859839,0,0,0,590.6351103782654,01.01.2025 00:00:00,31.12.2025 22:00:00,1,,,1.0,1.0,22.89345475685963,27.65443647553164,30.8049464228826,20000,205479.4520547945,2781277.464264562,23326,12540038.28734183,164484.0023884726,13.67058134465947,0,483610.4856486733,96172.53975967935,3.608446880484948,4.035393082470418,256918.0705008577,20728,23124,197991.5716388678,288,0.2453195487291944,32996460.16036332,22857187.44954677,7063864.72904142,17237350.05768161,1999119.308959896,1353469.346176243,1687365.264907862,5734707.685855009,1722212.520639875,32160495.8051638,0,2930690.825908512,993120.8668329826,8332566.622997385,403539.3082470417,1960928.210457725,19373429.33837272,17514254.99583726,641341.8822400895,681169.5217856169,989551.8621698555,494957.6402396181,161342.5276313178,84747.02369444488,603169.5106371151,83832.3545775171,40594.81004729978,67479.20086786796,286669.9195931409,72220.3672592399,643063.0924222592,0,122897.4735892405,41646.16902729549,0,0,0,581070.1854296859,875512.8153741012,1698.91370226144,20430.42010889874,24492.76765853558,BO,0.0,1850042.202086922,optimal,1849238.188646934,230000.9050438548,0.7114393569094576
135.0,135.0,ok,optimal,lcom,1012.456475050612,USD/ton,-16070431.0907594,-30026019.10897344,20546.89017171,9605216.38192755,192479520.7427758,4350371.636286494,0,0,0,889.3142514228821,01.01.2025 00:00:00,31.12.2025 22:00:00,1,,,1.0,1.0,23.07921007893657,39.83300402304394,48.85141435134376,20000,205479.4520547945,2842802.76528319,23842,12540038.28734183,171403.6304318317,14.07733383071608,0,497999.7615954122,99034.04349908764,3.572885644818264,4.042274270319169,264562.3733475627,21600,23066,202371.3903375584,288,0.2485219183009828,33237319.83012479,31743383.22793778,10215219.93267346,17237350.05768161,1999119.308959896,1377369.158002994,1720922.353766937,5734707.685855009,1770424.037768963,33020437.19126289,0,2988831.284367644,1012822.877701052,8250449.19818748,404227.4270319169,1999830.050308442,19960956.93428901,17475591.1733599,650812.9983942464,681169.5217856169,998576.4933162119,498570.6136675143,224067.7116058134,122554.6522881563,603169.5106371151,83832.3545775171,41311.64070476105,68821.17796479845,286669.9195931409,74242.10001954647,660257.9942172114,0,125335.5729597984,42472.36581984281,0,0,0,598691.9891455586,873580.0656180694,1724.002675016198,20430.42010889874,24639.54468373519,BO,0.0,1012.456475050612,optimal,208.44303506248002,25.925317251606746,0.7270568439169405
136.0,136.0,ok,optimal,lcom,935.9075022333027,USD/ton,-19061416.61142497,-32680691.12675276,22617.813082,9294734.903654901,186261483.8387853,4324539.611672889,0,0,0,869.3136661052704,01.01.2025 00:00:00,31.12.2025 22:00:00,1,,,1.0,1.0,23.14551532021645,39.67060327362384,46.63507628109915,20000,205479.4520547945,2801308.957619464,23494,12540038.28734183,210929.6250235426,10.52263344061594,0,372248.6805952296,74026.72625473315,2.822329362954927,4.805802954181148,197757.1115662157,26581,24675,199417.5591221624,288,0.2436739859049241,33323247.51304699,31626882.31036264,9842743.349579489,17237350.05768161,1999119.308959896,1361262.180025958,1698298.900946066,5734707.685855009,2034492.370846711,25411274.52730692,0,2459326.004586005,833389.8451202898,6517276.886088776,480580.2954181148,1645537.529401448,23201528.22916373,18543963.5519357,644433.0220421699,681169.5217856169,984900.7486321061,499859.5568742623,223245.3640377046,118085.953774818,603169.5106371151,83832.3545775171,40828.54168721693,67916.44645883868,286669.9195931409,85315.71130029862,508109.4793724291,0,103130.9580744482,34947.90565240243,0,0,0,695886.9322979996,926986.4885151406,1707.102127048259,20430.42010889874,24416.96658360933,BO,0.0,935.9075022333027,optimal,131.89406224517074,16.404459886530955,0.7316008837294932
137.0,137.0,ok,optimal,lcom,969.76708402178,USD/ton,-17972379.68076045,-31992985.15527402,22026.47404764,9620470.382988304,192758076.7260308,4400135.091525269,0,0,0,896.2858011722565,01.01.2025 00:00:00,31.12.2025 22:00:00,1,,,1.0,1.0,23.33406404295812,39.55704670437909,45.74389613548621,20000,205479.4520547945,3160564.252133274,26507,12540038.28734183,210882.0129039781,12.75544756117236,0,451236.7129240332,89734.57359284752,3.6138558896673,4.046971030268672,239719.5037408927,26575,23147,224991.9655933923,288,0.2022823264190403,33567461.29302178,31545392.2631813,9691980.447865762,17237350.05768161,1999119.308959896,1499217.591899188,1893116.674937685,5734707.685855009,2034184.671212665,30216251.17070928,0,2797749.624022183,948071.1875942177,8345057.018690919,404697.1030268672,1871977.117150145,23197731.16432122,17529583.9775753,698695.9206047491,681169.5217856169,864562.9259354724,503522.8430468658,222670.1484641327,116277.2120032991,603169.5106371151,83832.3545775171,44966.25914333251,75707.37826075013,286669.9195931409,85302.8080259872,604187.0758759918,0,117322.6317453615,39757.02681020967,0,0,0,695773.046360018,876279.089472627,1850.844465487771,20430.42010889874,22416.52293453398,BO,0.0,969.76708402178,optimal,165.75364403364802,20.615780258112938,0.8420592703577362
138.0,138.0,ok,optimal,lcom,958.5261402786757,USD/ton,-17699155.08146871,-31242936.31740384,21457.4929784,9321455.879223112,187118479.4120791,4222325.356712026,0,0,0,981.9520392417908,01.01.2025 00:00:00,31.12.2025 22:00:00,1,,,1.0,1.0,21.00830917464048,40.70179854513658,49.90128423566352,20000,205479.4520547945,3182265.036601085,26689,12540038.28734183,170316.4870351113,12.63391608853187,0,446937.4155479035,88879.59968282172,3.189256375310289,4.822180191044713,237435.5020098237,21463,21522,226536.7853669615,288,0.9726456308340974,30540710.76421688,32365826.2575152,10390474.61948739,17237350.05768161,1999119.308959896,1507446.988429182,1904811.182876237,5734707.685855009,1762892.659494165,29957022.08945646,0,2779861.622784181,942009.4948566746,7364578.752374679,482218.0191044713,1860008.237339895,19869088.6110126,16441936.81249902,701906.4970777602,681169.5217856169,2595340.229272194,458120.6001380677,228461.3637959697,124657.2283800967,603169.5106371151,83832.3545775171,45213.08467350265,76175.05177913293,286669.9195931409,73926.2743601371,599003.6777204991,0,116572.5047990876,39502.83188915814,0,0,0,595936.5686823573,821909.1472823411,1859.349277840123,20430.42010889874,46885.46901716369,BO,0.0,958.5261402786757,optimal,154.51270029054376,19.217676298150504,0.6670475641377394
139.0,139.0,ok,optimal,lcom,944.8006171179104,USD/ton,-17849550.35272501,-30816478.66129221,21358.3436619,8811769.154863846,176918330.1974039,4155159.153703357,0,0,0,917.4903321266174,01.01.2025 00:00:00,31.12.2025 22:00:00,1,,,1.0,1.0,21.21156418080891,31.99649210473714,45.23467810068021,20000,205479.4520547945,3182861.211998553,26694,12540038.28734183,211270.8452137541,10.19272485313494,0,360577.8344045018,71705.81934180434,2.781794051675313,4.78629579154134,191556.9745273916,26624,21417,226579.2254706309,288,0.9804091934952448,30806515.30869315,26063131.12228269,9605571.545311684,17237350.05768161,1999119.308959896,1507672.9120306,1905132.347777001,5734707.685855009,2036696.88125789,24693106.02399873,0,2407394.29766188,815791.7889416358,6423673.407082891,478629.579154134,1610789.971513566,23228733.63397687,16371326.25169172,701994.5975718248,681169.5217856169,2609823.954175513,462107.7548043425,183972.3921649397,115240.5419093695,603169.5106371151,83832.3545775171,45219.86083412328,76187.8954421507,286669.9195931409,85408.15665742733,493749.3879915157,0,100953.2204831166,34209.93744868799,0,0,0,696702.9081040047,818379.4252986066,1859.582655919253,20430.42010889874,47065.88499248184,BO,0.0,944.8006171179104,optimal,140.78717712977846,17.510550213172632,0.7056048867475037
140.0,140.0,ok,optimal,lcom,919.8727860304008,USD/ton,-18680378.39169702,-31491039.99910408,21836.628175,8671056.592660127,173980112.7367827,4139605.01474693,0,0,0,920.0659980773926,01.01.2025 00:00:00,31.12.2025 22:00:00,1,,,1.0,1.0,20.8712098071274,30.55707410042893,47.03882869996942,20000,205479.4520547945,2722136.864835804,22830,12540038.28734183,175133.2464643762,10.32484171457628,0,365251.6004948505,72635.26146204413,2.793505965451565,4.793440505917555,194039.9127628893,22070,24717,193781.5133548552,288,0.6716973958294393,30361275.40562301,25005471.54362176,9910856.932993107,17237350.05768161,1999119.308959896,1330396.018009536,1655038.804869031,5734707.685855009,1796142.741177516,24980982.35071518,0,2428256.755002839,822861.4332506008,6450718.367160093,479344.0505917555,1624749.062925632,20274916.74852126,18571737.2070751,632172.4726554034,681169.5217856169,2002846.268308753,455429.0113666196,176506.667426439,118903.1301632242,603169.5106371151,83832.3545775171,39902.76823879286,66186.43768512786,286669.9195931409,75320.6046659458,499505.6002717916,0,101828.0801842495,34506.40045906951,0,0,0,608108.6331628398,928374.8542212527,1674.623949765221,20430.42010889874,39255.99803514129,BO,0.0,919.8727860304008,optimal,115.85934604226884,14.410125537699848,0.5745511260970859
141.0,141.0,ok,optimal,lcom,932.0127272093911,USD/ton,-18687648.58596988,-31850319.19748902,22093.4429581,8888090.807590587,178438831.7452014,4274579.803928558,0,0,0,838.8223116397858,01.01.2025 00:00:00,31.12.2025 22:00:00,1,,,1.0,1.0,20.89904286619057,30.66515179963445,44.90417060051835,20000,205479.4520547945,3176541.752785399,26641,12540038.28734183,211485.0997517939,10.57720642631314,0,374179.2545372536,74410.64720911294,2.737880191035645,3.477848170672117,198782.728972916,26651,24811,226129.3603717345,288,0.9608111283735853,30397712.76477501,25085055.43504501,9549383.859478116,17237350.05768161,1999119.308959896,1505277.690868121,1901727.693510086,5734707.685855009,2038080.508220887,25529854.08101247,0,2467864.340404538,836283.2241811072,6322268.23705476,347784.8170672117,1651250.53857625,23245809.92167373,18633876.78919908,701060.4550021299,681169.5217856169,2573194.814850808,455975.5836114843,177068.4279767826,114566.443618232,603169.5106371151,83832.3545775171,45148.02060487332,76051.74036420711,286669.9195931409,85466.17856019479,510480.529090254,0,103489.0101389914,35069.2384704421,0,0,0,697215.079774036,931481.1239714914,1857.108113626806,20430.42010889874,46609.11471726985,BO,0.0,932.0127272093911,optimal,127.99928722125912,15.920043230017214,0.7500836555651751
142.0,142.0,ok,optimal,lcom,921.0156336741145,USD/ton,-18737129.91199192,-31641495.17738793,21926.1678403,8736234.176286971,175394271.537864,4168131.089109041,0,0,0,917.003369808197,01.01.2025 00:00:00,31.12.2025 22:00:00,1,,,1.0,1.0,20.84873405350778,30.55598644171191,48.22276367649915,20000,205479.4520547945,2922094.093146345,24507,12540038.28734183,175506.2080676307,10.54485024426286,0,373034.6222410428,74183.0214683892,2.754040636560864,4.655598644199773,198174.643065554,22117,24723,208015.9241255995,288,0.9484244278202094,30331847.96091839,25004670.49438938,10109919.20697609,17237350.05768161,1999119.308959896,1408018.392074422,1764062.615098911,5734707.685855009,1798704.620620569,25459555.97440362,0,2462803.742575138,834568.3434237796,6359585.674017587,465559.8644199773,1647864.487424855,20306211.06987808,18575704.40958224,662919.8467714062,681169.5217856169,2549928.261007385,454987.5901196587,176501.0130427492,121291.3320749269,603169.5106371151,83832.3545775171,42230.90780064312,70546.3944430881,286669.9195931409,75428.03616585291,509074.8878930166,0,103276.7957755429,34997.32555806007,0,0,0,609047.2484588773,928573.16905891,1756.073698550972,20430.42010889874,46318.11010249325,BO,0.0,921.0156336741145,optimal,117.00219368598255,14.552268390900233,0.5824472125355715
143.0,143.0,ok,optimal,lcom,946.6670037832965,USD/ton,-16616198.75793955,-28425676.66069705,19917.7743526,7874181.481628817,158136769.8991303,3935296.42112868,0,0,0,856.1686265468597,01.01.2025 00:00:00,31.12.2025 22:00:00,1,,,1.0,1.0,14.37091158089015,30.84244996080288,27.30489861257651,20000,205479.4520547945,2722136.864835804,22830,12540038.28734183,172760.5758394171,9.646110052148275,0,341240.7892047974,67860.38421686311,1.694275999494646,4.653601677460462,181284.1692650486,21771,24761,193781.5133548552,288,0.9465682001950252,21700164.96864637,25215549.68792835,6414140.405803867,17237350.05768161,1999119.308959896,1330396.018009536,1655038.804869031,5734707.685855009,1779802.43828767,23498029.33253732,0,2320110.706939494,786214.06804655,3912394.476384065,465360.1677460462,1552388.43224355,20075400.21616954,18600827.34380266,632172.4726554034,681169.5217856169,2546433.78477862,325509.5362803115,177989.5506060663,76952.11188223324,603169.5106371151,83832.3545775171,39902.76823879286,66186.43768512786,286669.9195931409,74635.37989740593,469853.3100967982,0,97293.01426458682,32969.60628157933,0,0,0,602124.5037438794,929829.0289784448,1674.623949765221,20430.42010889874,46274.34430701606,BO,0.0,946.6670037832965,optimal,142.6535637951646,17.74268397767956,0.4834649011128084
144.0,144.0,ok,optimal,lcom,934.7188582415391,USD/ton,-17938885.50008977,-30644081.46283276,21262.094171,8590806.22563791,172484875.0170618,4114389.737105084,0,0,0,938.3096063137054,01.01.2025 00:00:00,31.12.2025 22:00:00,1,,,1.0,1.0,20.52567064498528,30.02481242560541,42.94635990400679,20000,205479.4520547945,2698289.848937111,22630,12540038.28734183,169610.2405949061,10.41284414310655,0,368364.7744065374,73254.35854675459,2.737334471944805,4.635092814791515,195693.786403473,21374,24635,192083.9092080759,288,0.9532615466891925,29908509.48754453,24613123.49351137,9214825.07133269,17237350.05768161,1999119.308959896,1321063.976994354,1641984.144543696,5734707.685855009,1757991.51119758,25172530.83986685,0,2442104.267327035,827553.9287268588,6321008.071439892,463509.2814791515,1634014.44749678,19809321.32691758,18517507.17728099,628456.5709292962,681169.5217856169,2559024.84619098,448637.375254627,173737.1916868818,110552.6547599064,603169.5106371151,83832.3545775171,39622.87092642653,65664.3704927567,286669.9195931409,73720.74645592712,503335.6955703506,0,102408.7706702928,34703.17858174381,0,0,0,594143.9595244663,925663.9717958142,1664.780531561049,20430.42010889874,46431.96593765823,BO,0.0,934.7188582415391,optimal,130.70541825340717,16.256621065356384,0.5344278869179727
145.0,145.0,ok,optimal,lcom,938.0458062964293,USD/ton,-17650708.31784809,-30186941.44679899,20986.0726651,8468214.850699946,170034696.3305224,4068018.278250957,0,0,0,947.5262794494629,01.01.2025 00:00:00,31.12.2025 22:00:00,1,,,1.0,1.0,20.25367256076698,30.07358361317383,40.79688175918292,20000,205479.4520547945,2700793.785606473,22651,12540038.28734183,167705.7558123302,9.767843068644822,0,345547.2163963793,68716.77598791633,2.719068562182835,4.703380000547555,183571.9587105765,21134,24700,192262.1576434877,288,0.9636246512428691,29551569.80294229,24649103.15018812,8843976.57590471,17237350.05768161,1999119.308959896,1322044.614026999,1643355.424301144,5734707.685855009,1744741.235391989,23764750.3619034,0,2339687.405236139,792848.0082118572,6278828.730836486,470338.0000547555,1565487.220972181,19647808.78231806,18560496.17228345,628847.2483753898,681169.5217856169,2578467.023293242,443283.1638289171,173991.1620742861,106103.4888380458,603169.5106371151,83832.3545775171,39652.2833207139,65719.20915995182,286669.9195931409,73165.10087009055,475186.5130112464,0,98113.95611918543,33247.79819423382,0,0,0,589299.689436786,927812.9308039853,1665.815435540834,20430.42010889874,46674.96224130206,BO,0.0,938.0458062964293,optimal,134.03236630829736,16.670413657547293,0.5267312501047962
146.0,146.0,ok,optimal,lcom,892.8651052271256,USD/ton,-18850989.37712263,-30963489.50505614,21498.5133035,8124649.24598243,163195229.5242429,3987850.881951075,0,0,0,947.0709447860718,01.01.2025 00:00:00,31.12.2025 22:00:00,1,,,1.0,1.0,15.15838289877306,30.0691241604917,50.10660360254378,20000,205479.4520547945,2709617.18148899,22725,12540038.28734183,172633.6101872453,10.05277526664866,0,355626.977832963,70721.27400087334,1.671345284223382,4.704150039885383,188926.8319737616,21755,23826,192890.2711777961,288,1.066978265047963,22767468.04128355,24645813.54915362,10424661.94542779,17237350.05768161,1999119.308959896,1325498.744334576,1648186.540569328,5734707.685855009,1778925.960564408,24387755.1914302,0,2385197.406288223,808269.9460344539,3859443.243058686,470415.0039885383,1595938.008933864,20064702.58251577,17981307.33362163,630222.9697239392,681169.5217856169,2769076.483032155,341519.4296957139,173967.9416957082,125067.3826274747,603169.5106371151,83832.3545775171,39755.88357151444,65912.40969089589,286669.9195931409,74598.62511696514,487643.7653713042,0,100022.4017671875,33894.51165151567,0,0,0,601803.6480057298,898860.1006156277,1669.459719368642,20430.42010889874,49033.11750539775,BO,0.0,892.8651052271256,optimal,88.85166523899363,11.051017410891188,0.44430999657790465
147.0,147.0,ok,optimal,lcom,907.059017749281,USD/ton,-18297406.63929712,-30509450.71387374,21138.1826978,8222169.842397003,165107791.2625875,3989874.232179612,0,0,0,960.5053615570068,01.01.2025 00:00:00,31.12.2025 22:00:00,1,,,1.0,1.0,14.85004587968875,29.98120187607501,50.88351766159712,20000,205479.4520547945,2780562.053787602,23320,12540038.28734183,168205.6830677563,9.918766473347997,0,350886.2827611588,69778.52214000316,2.794809318107331,4.669576386935265,186408.3377168656,21197,24635,197940.6435144644,288,0.9595966038111643,22350238.69897399,24580946.01178145,10553772.047309,17237350.05768161,1999119.308959896,1353190.823498195,1686974.632582142,5734707.685855009,1748224.217881732,24094967.74281958,0,2363846.990915434,801034.9477757426,6453728.047833563,466957.6386935266,1581652.424306726,19690254.42892389,18517507.17728099,641231.3487666015,681169.5217856169,2570917.508962867,335260.8537847034,173510.0597947111,126616.3501237427,603169.5106371151,83832.3545775171,40586.45627464791,67463.57914225766,286669.9195931409,73311.1584974461,481789.3530740989,0,99127.07972018064,33591.11458227944,0,0,0,590572.7681113543,925663.9717958142,1698.62089925283,20430.42010889874,46580.66146245121,BO,0.0,907.059017749281,optimal,103.04557776114905,12.816399905288907,0.499892916922143
148.0,148.0,ok,optimal,lcom,949.5943983133345,USD/ton,-16391455.22604762,-28126432.3591839,19703.1335494,7815800.295259665,156978205.7560481,3919176.837876606,0,0,0,900.6145486831665,01.01.2025 00:00:00,31.12.2025 22:00:00,1,,,1.0,1.0,13.41017104295393,30.31991016160593,27.25445479127382,20000,205479.4520547945,2696620.557824202,22616,12540038.28734183,166190.1033395302,10.10165535924242,0,357356.15998856,71065.14545227044,1.675242875159881,4.680989654076462,189845.4599939225,20943,24797,191965.0769178014,288,0.9735689235349954,20390038.00774829,24830735.12530958,6404658.925562254,17237350.05768161,1999119.308959896,1320410.117864214,1641069.887348526,5734707.685855009,1734160.709995487,24494452.87054791,0,2392961.617800311,810900.9982078843,3868443.496415113,468098.9654076461,1601133.050748381,19518911.06616975,18624623.75078991,628196.0528322668,681169.5217856169,2597064.539018379,305857.2055203176,175273.2516589934,76838.36009599209,603169.5106371151,83832.3545775171,39603.25963100953,65627.80855433068,286669.9195931409,72721.41031461413,489777.2318422003,0,100347.9912052861,34004.84388517796,0,0,0,585433.6408134063,931018.5776793254,1664.090419505394,20430.42010889874,46906.96133977614,BO,0.0,949.5943983133345,optimal,145.58095832520257,18.106781688543848,0.4649396724285587
149.0,149.0,ok,optimal,lcom,954.8372980426916,USD/ton,-16107309.63278824,-27686865.75024014,19458.7044912,7718989.467854418,155142209.7945383,3860566.64959749,0,0,0,909.483314037323,01.01.2025 00:00:00,31.12.2025 22:00:00,1,,,1.0,1.0,15.48305962585748,29.30725172748992,25.77187405052238,20000,205479.4520547945,2923524.914100266,24519,12540038.28734183,165229.9255949815,8.204117703774475,0,290228.8678887259,57715.96804605344,1.919169954046096,4.657147465151412,154184.0860658856,20822,24729,208117.7803744063,288,1.257752751367795,23205891.50771357,24083080.82754644,6124389.567096394,17237350.05768161,1999119.308959896,1408569.920814236,1764840.001555169,5734707.685855009,1727441.38724366,20311553.66770688,0,2081584.700628848,705384.9501964935,4431715.924496241,465714.7465151412,1392790.438976087,19437086.10776451,18579671.4965555,663137.3130073211,681169.5217856169,3107010.662439618,348095.9243656042,169995.7679588755,73475.89565565782,603169.5106371151,83832.3545775171,42247.44988524343,70577.4828019187,286669.9195931409,72439.63791367377,406138.3441532344,0,87290.51133873749,29580.06607883909,0,0,0,582979.4525061696,928771.4781211918,1756.649766289889,20430.42010889874,53115.78413538322,BO,0.0,954.8372980426916,optimal,150.82385805455965,18.758872744314566,0.49262609676422986
150.0,150.0,ok,optimal,lcom,947.6433685643041,USD/ton,-16359203.8918486,-27953701.09446004,19627.9092586,7717228.290654534,155116486.0692518,3877268.911956912,0,0,0,963.3585953712463,01.01.2025 00:00:00,31.12.2025 22:00:00,1,,,1.0,1.0,14.70920765058653,29.089440744878,26.30847489609167,20000,205479.4520547945,2723686.920869219,22843,12540038.28734183,172903.4121981103,8.498381400330103,0,300638.7404180778,59786.11315132229,1.821052370658358,4.660864623470421,159714.3308471038,21789,24756,193891.8576243959,288,1.285404927187423,22159374.68678365,23921934.27195979,6226192.529003168,17237350.05768161,1999119.308959896,1331002.033379744,1655886.960927503,5734707.685855009,1780788.221683129,20966070.72867699,0,2131316.72003575,722237.600017522,4205144.402857004,466086.4623470421,1426066.183710366,20087432.47008844,18597521.95904474,632413.6336290565,681169.5217856169,3154670.630825799,332397.831490152,168858.2792518847,74697.25228631472,603169.5106371151,83832.3545775171,39920.9445491089,66220.35618174932,286669.9195931409,74676.71837219049,419225.6972780261,0,89376.00581927679,30286.77593304096,0,0,0,602485.3889487485,929663.7974732512,1675.262784829538,20430.42010889874,53682.39667166708,BO,0.0,947.6433685643041,optimal,143.62992857617212,17.864120353298105,0.44615520260032304
151.0,151.0,ok,optimal,lcom,913.3227647463483,USD/ton,-17522807.24593655,-29178530.14550661,20360.0074667,7773302.409176037,156239712.4109519,3882420.49039402,0,0,0,945.9569380283356,01.01.2025 00:00:00,31.12.2025 22:00:00,1,,,1.0,1.0,13.65514336822445,29.26137519212381,41.78599539566172,20000,205479.4520547945,2707709.420217094,22709,12540038.28734183,163166.7337471909,8.887465570798387,0,314402.9820325638,62523.32029056666,1.634852300166155,4.622244342065025,167026.5842047995,20562,24743,192754.4628460537,288,1.287499649842847,20724964.13521486,24049149.24776531,9015101.265566474,17237350.05768161,1999119.308959896,1324752.096201818,1647142.108361789,5734707.685855009,1712959.409560039,21828032.34077021,0,2196210.380445194,744228.0630537635,3775174.240077559,462224.4342065025,1469486.597850195,19260819.89833291,18588927.58370432,629925.6418764216,681169.5217856169,3158268.393682443,310881.2064252566,169756.2543765288,108156.5162792208,603169.5106371151,83832.3545775171,39733.48924156001,65870.64194078802,286669.9195931409,71832.3413492738,436460.9943698373,0,92097.29830286947,31208.9381503311,0,0,0,577692.673526026,929234.1768155376,1668.672098338113,20430.42010889874,53725.08260178114,BO,0.0,913.3227647463483,optimal,109.30932475821635,13.595459891793581,0.4074752631573674
152.0,152.0,ok,optimal,lcom,951.4130336018225,USD/ton,-15885039.77637706,-27162737.21741144,19127.5202222,7488810.694613439,150442128.6048312,3788886.746420936,0,0,0,910.8340685367584,01.01.2025 00:00:00,31.12.2025 22:00:00,1,,,1.0,1.0,14.31090161484022,29.72555949642843,25.06820029515329,20000,205479.4520547945,2705801.658945199,22693,12540038.28734183,173831.848529616,7.118833579290408,0,251835.8567009775,50080.99423030802,1.680613153305109,4.635746185743782,133787.7988723943,21906,24713,192618.6545143114,288,0.999615162696951,21618594.03851404,24392229.19033386,5990244.27350554,17237350.05768161,1999119.308959896,1324005.342848989,1646097.60256446,5734707.685855009,1787189.277285113,17876496.4367317,0,1892808.375269446,641414.4671209351,3880844.455030064,463574.6185743783,1266480.007800174,20165575.6279554,18569092.34120266,629628.2448900735,681169.5217856169,2645507.730922242,324285.9457832027,172177.9602507007,71866.51965391988,603169.5106371151,83832.3545775171,39711.09175572415,65828.87124776057,286669.9195931409,74945.14435381694,357448.3164042013,0,79374.24352398465,26897.48670718796,0,0,0,604829.1484576486,928242.6411201637,1667.884294158923,20430.42010889874,47509.28795179392,BO,0.0,951.4130336018225,optimal,147.3995936136905,18.332976326349257,0.4678288698479557
153.0,153.0,ok,optimal,lcom,1034609.805956313,USD/ton,9915098741.582115,9903894358.693747,12123.7121664365,7372302.84867143,148112132.7552109,3832080.039698079,0,0,0,625.4762978553772,01.01.2025 00:00:00,31.12.2025 22:00:00,1,,,1.0,1.0,13.4620992097049,23.68128236473068,9.374092619599912,20000,205479.4520547945,2708305.595614562,22714,12540038.28734183,173514.4343991867,9.61418338719672,0,340111.3515054712,67635.78012892892,1.846791200567782,3.486903242819616,180684.1554872816,21866,24638,192796.9029497232,288,1.005800288448385,20461084.92581159,19879211.42418934,2727026.762012529,17237350.05768161,1999119.308959896,1324985.435042062,1647468.501329118,5734707.685855009,1785002.154351413,23428021.40102572,0,2314962.899273251,784469.6345612456,4264580.088658052,348690.3242819616,1548944.02890168,20138872.96041901,18519491.58409115,630018.5642527492,681169.5217856169,2656955.49272793,306922.9324116266,140321.8233028787,32716.84983795305,603169.5106371151,83832.3545775171,39740.48780855608,65883.69467872348,286669.9195931409,74853.42813434928,468453.4710767571,0,97077.14278776241,32896.4540860993,0,0,0,604028.2513265399,925763.1694832764,1668.918249576261,20430.42010889874,47651.21159730801,BO,0.0,1034609.805956313,optimal,1033805.7925163249,128580.66060830836,0.5519014477328774
154.0,154.0,ok,optimal,lcom,936.794454809746,USD/ton,-16482934.5385711,-27869096.0379549,19574.564982,7474340.116585505,150172953.5356171,3911821.382798296,0,0,0,980.8297855854034,01.01.2025 00:00:00,31.12.2025 22:00:00,1,,,1.0,1.0,14.3388480913398,23.66040191032905,33.9593947892624,20000,205479.4520547945,2692805.035280412,22584,12540038.28734183,174196.8747796097,7.177547498620761,0,253912.9203112081,50494.04665279706,1.555811506478916,4.613046002471339,134891.2389153293,21952,26081,191693.4602543167,288,1.055402124973827,21656585.64366097,19863435.47336823,7636844.738974185,17237350.05768161,1999119.308959896,1318915.2786117,1638979.944026795,5734707.685855009,1789702.840086309,18009137.67081976,0,1903253.759416896,644954.0861306282,3592654.529756925,461304.6002471339,1273469.024950235,20196267.12528693,21159489.85963006,627600.3829636282,681169.5217856169,2748012.003404557,324855.8322237799,140210.4652546987,91621.21400539165,603169.5106371151,83832.3545775171,39558.42469205913,65544.2299077018,286669.9195931409,75050.54971259584,360100.5355332883,0,79812.26697942463,27045.9193667896,0,0,0,605749.683161859,1057732.946293606,1662.512490899952,20430.42010889874,48774.59825953046,BO,0.0,936.794454809746,optimal,132.781014821614,16.51477552708248,0.4588696213807059
155.0,155.0,ok,optimal,lcom,926.0520431939544,USD/ton,-16428539.34587223,-27458445.85808324,19314.8141893,7199551.171386844,144750976.8307297,3830355.340824173,0,0,0,924.3299553394318,01.01.2025 00:00:00,31.12.2025 22:00:00,1,,,1.0,1.0,11.14656407911451,23.03131594484974,34.05285453493764,20000,205479.4520547945,2741691.417872732,22994,12540038.28734183,173942.9434752662,6.881851473548635,0,243452.3777282565,48413.82511641465,1.526939128039504,3.437799119037873,129334.0756681363,21920,26031,195173.5487552142,288,1.278107699032031,17264502.38441286,19387478.7963891,7653654.022166346,17237350.05768161,1999119.308959896,1338036.093759772,1665735.091196565,5734707.685855009,1787954.458886764,17340004.91108926,0,1850355.919350275,627028.6371831876,3525982.904850406,343779.9119037873,1238075.026394702,20174918.39300172,21123788.59349684,635211.5019588942,681169.5217856169,3142123.610407041,258973.1540465388,136850.8194769178,91822.87935086692,603169.5106371151,83832.3545775171,40131.91818201399,66614.19145524905,286669.9195931409,74977.23197112835,346720.9351589606,0,77594.01493965168,26294.22206418845,0,0,0,605109.3674174966,1055948.290535645,1682.674333917962,20430.42010889874,53533.43697492634,BO,0.0,926.0520431939544,optimal,122.03860320582248,15.178677014108608,0.489542056119509
156.0,156.0,ok,optimal,lcom,986.9527082455918,USD/ton,-15190363.12482665,-26886911.08422429,18932.7305609,7778248.379795486,156401581.4553554,3918299.57960216,0,0,0,925.9835350513458,01.01.2025 00:00:00,31.12.2025 22:00:00,1,,,1.0,1.0,15.21760981592624,36.21016775757706,33.79309389030303,20000,205479.4520547945,2535653.200508025,21266,12540038.28734183,153255.4775245355,6.90025145737933,0,244103.2955562512,48543.26900266359,0.678681215420754,4.886439126924477,129679.8757642585,19313,25955,180506.2489270412,288,1.474368855064363,22847513.88169573,29132780.80873262,7606911.642529341,17237350.05768161,1999119.308959896,1256969.832809651,1552637.564111524,5734707.685855009,1642527.352304212,17381725.061552,0,1853669.143466163,628151.3868014328,1567199.582139966,488643.9126924477,1240291.908018304,18405323.276781,21069506.90119081,602817.8624558132,681169.5217856169,3472564.763792274,342720.1433507199,205640.1953645995,91262.09885653695,603169.5106371151,83832.3545775171,37700.48560187302,62091.32322597603,286669.9195931409,68878.79817101969,347555.1477014357,0,77732.95381019986,26341.30416863147,0,0,0,552033.63444537,1053234.825574366,1596.86363054447,20430.42010889874,57409.60078421714,BO,0.0,986.9527082455918,optimal,182.93926825745984,22.75325997786308,0.388187991311716
157.0,157.0,ok,optimal,lcom,953.7116182022132,USD/ton,-15921287.56798424,-27636761.18959229,19213.28399310001,7796722.41397371,156711186.6436384,3918751.207634337,0,0,0,1005.008445978165,01.01.2025 00:00:00,31.12.2025 22:00:00,1,,,1.0,1.0,9.647272691859841,36.77063114121452,41.50919054977665,20000,205479.4520547945,2561527.212758107,21483,12540038.28734183,152652.3906767198,8.837900757140714,0,312649.5771846099,62174.63182648493,1.38972260261677,4.895379772016359,166095.087879324,19237,25829,182348.1494262968,288,1.295212140505352,15159722.40847161,29538295.71198074,8967294.221244818,17237350.05768161,1999119.308959896,1267220.3831487,1566889.232633607,5734707.685855009,1638193.903649809,21718441.57099869,0,2187996.56896418,741444.655296823,3209124.744614031,489537.9772016359,1463990.728239483,18352784.41870635,20979471.50798501,606932.260522019,681169.5217856169,3171499.775698755,227400.7694618763,208502.612257607,107582.9627255645,603169.5106371151,83832.3545775171,38007.93190279562,62661.25981463543,286669.9195931409,68697.0765486477,434269.679293815,0,91752.85505057176,31092.21693966206,0,0,0,550457.8285583227,1048734.083715368,1607.76266496714,20430.42010889874,53881.96378383244,BO,0.0,953.7116182022132,optimal,149.69817821408128,18.618865154330127,0.3709114836359543
158.0,158.0,ok,optimal,lcom,919.1279717872565,USD/ton,-16074763.35970978,-26614187.84275342,18777.8181447,6857759.41362978,137936901.8245552,3681665.069413862,0,0,0,990.3048944473267,01.01.2025 00:00:00,31.12.2025 22:00:00,1,,,1.0,1.0,9.226466695151936,22.36876451887531,35.40617689256488,20000,205479.4520547945,2588235.870564643,21707,12540038.28734183,152961.8694538884,6.274215051462102,0,221956.6316605234,44139.10288703589,1.431508130836343,4.901768532929553,117914.460569653,19276,25751,184249.4660706895,288,1.360243933952935,14563274.19487362,18884794.18121964,7896038.107663403,17237350.05768161,1999119.308959896,1277779.899768528,1581585.541868706,5734707.685855009,1640418.351352177,15955775.2613799,0,1739232.026949582,589372.1722394251,3305615.204165964,490176.8532929553,1163721.917039731,18379752.26445004,20923708.91010763,611165.0214252123,681169.5217856169,3282145.342476618,218453.8521594494,133302.5086188195,94730.82431084395,603169.5106371151,83832.3545775171,38324.64507593415,63248.97797116966,286669.9195931409,68790.3579689653,319042.661647339,0,72934.0741807304,24715.11164934093,0,0,0,551266.6792193612,1045946.590380836,1618.975242370808,20430.42010889874,55187.60607202989,BO,0.0,919.1279717872565,optimal,115.1145317991245,14.317488498802172,0.34154926118932843
159.0,159.0,ok,optimal,lcom,922.6866754447152,USD/ton,-16586456.09020191,-27657560.69712356,19439.5581917,7213989.43944725,145100587.2920236,3857115.1674744,0,0,0,864.4001615047455,01.01.2025 00:00:00,31.12.2025 22:00:00,1,,,1.0,1.0,8.704129119455542,21.59062939071584,35.11938074678561,20000,205479.4520547945,2557353.984975835,21448,12540038.28734183,162389.0691276391,9.345116717169205,0,330592.8489865778,65742.89610528536,1.292937740739623,4.843635718911818,175627.4510241195,20464,25635,182051.0687006104,288,1.457696553283194,13819105.81204428,18292507.0262752,7844829.108729407,17237350.05768161,1999119.308959896,1265568.474419153,1564591.553825154,5734707.685855009,1707485.158457144,22837087.04908251,0,2271352.268254881,769691.3347497426,2985630.721728334,484363.5718911818,1519764.111360131,19194222.29649151,20840742.40514449,606269.5788559266,681169.5217856169,3445030.246432467,207291.0842468902,129121.7183587215,94116.45662226321,603169.5106371151,83832.3545775171,37958.38595535255,62569.37364566539,286669.9195931409,71602.78058346685,456637.4818556539,0,95248.34654408878,32276.73135904739,0,0,0,575695.2016187418,1041799.2122389,1606.007222208857,20430.42010889874,57090.18230672859,BO,0.0,922.6866754447152,optimal,118.67323545658326,14.760105932847962,0.3343449536693966
160.0,160.0,ok,optimal,lcom,924.9894485613878,USD/ton,-16068376.66847683,-26759947.15255795,18872.7025537,6953162.305455612,139850785.6833947,3738408.178625501,0,0,0,946.893896818161,01.01.2025 00:00:00,31.12.2025 22:00:00,1,,,1.0,1.0,10.56360992321452,21.89700294457782,35.00431671182899,20000,205479.4520547945,2778654.292515706,23304,12540038.28734183,161889.1418722129,6.137377641642996,0,217115.8714507627,43176.45170895848,1.332228767289243,3.378023501751126,115342.8067082177,20401,25947,197804.8351827221,288,1.372347111093011,16449710.91539478,18525957.66165526,7824260.321836035,17237350.05768161,1999119.308959896,1352448.026274308,1685932.897235719,5734707.685855009,1703961.428534065,15642242.43276085,0,1713725.398627805,580728.761407763,3076360.918750567,337802.3501751126,1146655.406103925,19151363.2416114,21063791.9302012,640936.5469448064,681169.5217856169,3302560.871598965,246751.0168587138,130769.5814509106,93869.68753238356,603169.5106371151,83832.3545775171,40564.17744558352,67421.91924196552,286669.9195931409,71455.01422704032,312773.4364597318,0,71864.46282738868,24352.65330163178,0,0,0,574409.723527509,1052949.14226428,1697.839969660722,20430.42010889874,55427.31860203074,BO,0.0,924.9894485613878,optimal,120.97600857325585,15.046515711856953,0.475159351209025
161.0,161.0,ok,optimal,lcom,897.2927723556901,USD/ton,-16320256.16143877,-26466600.18108489,18687.0853166,6621671.968098166,133117432.1211895,3524672.051547948,0,0,0,987.4126088619232,01.01.2025 00:00:00,31.12.2025 22:00:00,1,,,1.0,1.0,8.29084096122201,22.72459063380936,34.60307412811088,20000,205479.4520547945,2651549.697775673,22238,12540038.28734183,160500.4550515846,5.990286343418006,0,211912.3696847554,42141.66442594568,1.262404943400949,5.111296279218671,112578.4463950263,20226,24054,188756.6050803885,288,1.092405897951482,13227137.73164265,19154945.45942501,7752428.22922702,17237350.05768161,1999119.308959896,1302725.120837575,1616363.422006278,5734707.685855009,1694154.392865873,15304434.07044163,0,1686097.196772037,571366.4146417812,2915124.884608519,511129.6279218671,1128169.348160095,19032118.81059507,18132642.23750335,621141.8005283724,681169.5217856169,2815106.799730299,198411.3704003507,135209.4313390665,93007.8992213291,603169.5106371151,83832.3545775171,39072.830850327,64639.77557046121,286669.9195931409,71043.75968720096,306018.8114242491,0,70705.88404525636,23960.04663216201,0,0,0,570833.2073396972,906425.1182423183,1645.403715533347,20430.42010889874,49596.30816332493,BO,0.0,897.2927723556901,optimal,93.27933236755814,11.601713071977384,0.35706435767236483
162.0,162.0,ok,optimal,lcom,896.4816179270572,USD/ton,-15833369.74999509,-25957339.04599642,18116.2623088,6622061.053076092,133229178.3841862,3501908.242925241,0,0,0,1094.253306865692,01.01.2025 00:00:00,31.12.2025 22:00:00,1,,,1.0,1.0,7.059033567585673,21.90232207291054,49.82735521249202,20000,205479.4520547945,2639268.484587845,22135,12540038.28734183,144137.7566279533,6.279852654661871,0,222156.0675113184,44178.76342554627,1.309958927297731,5.102414529364787,118020.4108653879,18164,24130,187882.3389447972,288,1.391581231233288,11444527.63633586,18530007.83577257,10378157.95836509,17237350.05768161,1999119.308959896,1297895.803398764,1609623.982832043,5734707.685855009,1576394.767844717,15968677.82530146,0,1740278.921802597,589726.9326647548,3024935.767831394,510241.4529364787,1164422.395449979,17604784.80082847,18183048.88445313,619212.7681548902,681169.5217856169,3334894.075931862,171671.6388669589,130798.1705032985,124509.4621909061,603169.5106371151,83832.3545775171,38927.98440467936,64370.25955088152,286669.9195931409,66105.55184965814,319300.6540211456,0,72977.97534267207,24729.98840113509,0,0,0,528022.9633070402,908944.8751714629,1640.293711614738,20430.42010889874,55806.22068711578,BO,0.0,896.4816179270572,optimal,92.46817793892524,11.500824904157096,0.2999463115344564
163.0,163.0,ok,optimal,lcom,914.4832118964159,USD/ton,-15964452.26384854,-26280689.92586077,18569.1616359,6674911.226420638,134271425.0257977,3641326.435591587,0,0,0,914.9759321212769,01.01.2025 00:00:00,31.12.2025 22:00:00,1,,,1.0,1.0,6.367687108162388,23.98534445958302,34.36475756467681,20000,205479.4520547945,2644395.593006065,22178,12540038.28734183,160286.2005135449,6.430097563167902,0,227471.1313946277,45235.73635688619,0.9020923236357264,3.32249782945295,120844.038553396,20199,25295,188247.3238363548,288,1.344957551882082,10430633.68144415,20108784.59487272,7709685.021181533,17237350.05768161,1999119.308959896,1299912.471526743,1612437.915603592,5734707.685855009,1692638.818488283,16312114.32616698,0,1768066.081683202,599143.1454100547,2083096.865701683,332249.782945295,1183014.812369797,19013695.88232921,20597304.25253791,620018.4517606351,681169.5217856169,3256282.347493797,156462.8995983377,141942.3164504347,92495.09782946281,603169.5106371151,83832.3545775171,38988.47063572333,64482.79116372734,286669.9195931409,70980.20461670501,326167.8161331738,0,74143.21997283124,25124.85392121854,0,0,0,570280.6456761616,1029630.083582915,1642.42796630072,20430.42010889874,54883.40312792313,BO,0.0,914.4832118964159,optimal,110.46977190828397,13.73979170173009,0.43322622106007336
164.0,164.0,ok,optimal,lcom,897.0418917489583,USD/ton,-16052795.24715227,-25975957.23119684,18376.6552111,6441910.549862265,129648247.0272816,3481251.434182304,0,0,0,942.7049777507782,01.01.2025 00:00:00,31.12.2025 22:00:00,1,,,1.0,1.0,6.365291832739748,23.37472101046791,34.54328847162007,20000,205479.4520547945,2641653.186177715,22155,12540038.28734183,161817.7236928663,5.63456044666929,0,199328.2103613728,39639.13274231846,0.8852507978890506,3.432106707115784,105893.1117544793,20392,24184,188052.0993594751,288,1.467809718947222,10427102.37737087,19647452.63825446,7741710.935301685,17237350.05768161,1999119.308959896,1298833.885946657,1610932.856705611,5734707.685855009,1703457.745603078,14483999.0760348,0,1618336.9655657,548404.5590418889,2044206.689411144,343210.6707115784,1082830.908586398,19145237.55038764,18218852.55458779,619587.5689031042,681169.5217856169,3461743.470587124,156409.9288880681,138685.9025052724,92879.32105667418,603169.5106371151,83832.3545775171,38956.12045589322,64422.60255263819,286669.9195931409,71433.8924631336,289613.8571029297,0,67864.38293860173,22997.14941448197,0,0,0,574225.9947475853,910734.6499605,1641.286558245204,20430.42010889874,57284.14062160871,BO,0.0,897.0418917489583,optimal,93.02845176082633,11.570509538024579,0.39849466591562843
165.0,165.0,ok,optimal,lcom,884.9328043631227,USD/ton,-16245290.282653,-26248247.03026433,18395.0619614,6514932.996185854,131069608.8969473,3488023.751425476,0,0,0,970.8806264400482,01.01.2025 00:00:00,31.12.2025 22:00:00,1,,,1.0,1.0,8.402136990667607,20.26801586480773,50.63452028562752,20000,205479.4520547945,2657749.921909333,22290,12540038.28734183,146661.1989648664,5.580187142470804,0,197404.7003520472,39256.61654728211,0.849403750029296,3.444508645357191,104871.2470620251,18482,24028,189197.9821585512,288,1.346937959058107,13386835.6670986,17280828.89627367,10512436.06851914,17237350.05768161,1999119.308959896,1305161.522699897,1619764.670834566,5734707.685855009,1594832.552033039,14358145.1054977,0,1607856.915359041,544853.192772312,1961429.271751323,344450.8645357191,1075818.696340884,17827702.91778599,18115393.47340656,622114.560645035,681169.5217856169,3259637.947111726,200806.8914017024,121980.5638748609,126120.4316275214,603169.5106371151,83832.3545775171,39145.90621851267,64775.79446195963,286669.9195931409,66878.73374769266,287097.352258679,0,67424.90577434388,22848.22413773063,0,0,0,534708.9799793483,905562.8769411783,1647.980555650882,20430.42010889874,54922.90552962351,BO,0.0,884.9328043631227,optimal,80.91936437499078,10.064429318020508,0.4063247091067117
166.0,166.0,ok,optimal,lcom,957.8250463734051,USD/ton,-13820216.8618348,-23482989.02983676,16743.6078791,6243387.368270295,125653311.7957137,3419384.799731664,0,0,0,921.1970336437225,01.01.2025 00:00:00,31.12.2025 22:00:00,1,,,1.0,1.0,6.45663781769282,23.02333324532427,21.00506730835047,20000,205479.4520547945,2643441.712370117,22170,12540038.28734183,146835.7767366025,5.881080666076229,0,208049.1096431127,41373.40248584627,0.6916097655720191,3.332196129859014,110526.0894979036,18504,24159,188179.4196704836,288,1.405088169475476,10561678.2445505,19381430.92702185,5200023.063162751,17237350.05768161,1999119.308959896,1299537.336710343,1611914.43456794,5734707.685855009,1596104.233514572,15053097.44665127,0,1665440.061613567,564366.3476973242,1597053.979070897,333219.6129859014,1114347.63802903,17843085.74131227,18202277.9752739,619868.5961951807,681169.5217856169,3357519.583074333,158428.6106899555,136808.1292494937,62386.0301194238,603169.5106371151,83832.3545775171,38977.21916064789,64461.85670294998,286669.9195931409,66932.06125665708,300993.2263862334,0,69839.63445655046,23666.50132372347,0,0,0,535170.3593233317,909906.1102023323,1642.030999128358,20430.42010889874,56070.82494456408,BO,0.0,957.8250463734051,optimal,153.8116063852732,19.13047702132238,0.4384555191083222
167.0,167.0,ok,optimal,lcom,877.1123418444886,USD/ton,-16279054.55872329,-26100619.3500644,18304.91382400001,6386747.994527858,128541811.7158591,3434816.796813246,0,0,0,1007.905898809433,01.01.2025 00:00:00,31.12.2025 22:00:00,1,,,1.0,1.0,6.353294449290527,21.79761795855614,49.84665009087923,20000,205479.4520547945,2622575.573458761,21995,12540038.28734183,145899.405051836,5.300028378233734,0,187493.8039083966,37285.69964087432,0.8772546665465182,3.304101823894447,99606.08332633569,18386,24090,186694.0160420517,288,1.461222522791859,10409412.88698847,18450264.26542595,10381372.85976767,17237350.05768161,1999119.308959896,1291324.468237716,1600458.547603172,5734707.685855009,1589277.539118057,13707707.40936608,0,1553313.499296836,526370.1087974143,2025742.153464052,330410.1823894447,1039323.641214093,17760518.83160435,18156521.44890924,616586.025775911,681169.5217856169,3450861.273618505,156144.5807757505,130235.2828238555,124548.032199788,603169.5106371151,83832.3545775171,38730.88935899287,64003.72584433154,286669.9195931409,66645.78626412615,274091.5678069587,0,65137.64709263228,22073.14260931709,0,0,0,532693.917558873,907618.8062188749,1633.335474918312,20430.42010889874,57157.87786815601,BO,0.0,877.1123418444886,optimal,73.09890185635663,9.091751234585786,0.39703705744411844
168.0,168.0,ok,optimal,lcom,898.7913983265274,USD/ton,-15292771.65443157,-24659008.77028136,17534.4208989,5995360.593270579,120691782.3773422,3370876.52257921,0,0,0,1049.133520841599,01.01.2025 00:00:00,31.12.2025 22:00:00,1,,,1.0,1.0,6.145120336176224,14.99442585553649,36.0628717828664,20000,205479.4520547945,2640580.070462274,22146,12540038.28734183,143606.0879594842,5.616002803622281,0,198671.7151809418,39508.57972348275,0.7033580812213587,3.460504644713613,105544.3486898753,18097,23947,187975.7071728701,288,1.41567379604869,10101933.4354961,13175627.71372575,8012983.602934546,17237350.05768161,1999119.308959896,1298411.769768382,1610343.87809068,5734707.685855009,1572496.535053597,14441058.74666031,0,1614763.884883914,547193.7520360495,1624182.997759117,346050.4644713614,1080440.156670428,17557681.36418761,18061642.56810531,619418.9223895009,681169.5217856169,3375206.010827421,151532.2889422268,93003.09074132855,96133.84985548048,603169.5106371151,83832.3545775171,38943.45986175168,64399.0487868411,286669.9195931409,65942.08084914993,288755.2465527542,0,67714.54707572599,22946.37465492483,0,0,0,526610.1828340926,902875.9452709251,1640.839813878848,20430.42010889874,56277.36242345822,BO,0.0,898.7913983265274,optimal,94.77795833839548,11.788106221183876,0.4027895595351079
169.0,169.0,ok,optimal,lcom,941.3110551903666,USD/ton,-13948793.76298935,-23227914.55638359,16635.77713119,5852384.725756259,117818015.8485989,3426736.06763798,0,0,0,1078.550530433655,01.01.2025 00:00:00,31.12.2025 22:00:00,1,,,1.0,1.0,5.681379304604376,10.91410841262876,36.50836414669599,20000,205479.4520547945,2619833.166630411,21972,12540038.28734183,144082.2091551282,4.930094558099215,0,174407.0250873179,34683.21521622798,0.8664579038778866,3.272022914916247,92653.73207763761,18157,25326,186498.7915651721,288,1.380938667818531,9413162.50638247,9899742.42666527,8092075.138759067,17237350.05768161,1999119.308959896,1290244.0928861,1598952.240498719,5734707.685855009,1575987.712038668,12843523.19869029,0,1479809.267354289,501461.7882412717,2000810.445383324,327202.2914916247,990141.8849094214,17599865.78420535,20619516.27710792,616153.9625426917,681169.5217856169,3317020.257160318,141200.5008630542,69879.52780904558,97082.73159623549,603169.5106371151,83832.3545775171,38698.48549827555,63943.48731638266,286669.9195931409,66088.48210974183,256811.8288904201,0,62055.27336559258,21028.62107854391,0,0,0,527875.4265002412,1030740.431249492,1632.190940049334,20430.42010889874,55596.87550423366,BO,0.0,941.3110551903666,optimal,137.29761520223462,17.07653235302401,0.432886568513818
170.0,170.0,ok,optimal,lcom,919.4009349059759,USD/ton,-13866701.61509699,-22542891.25538643,16202.55115962,5442123.633485758,109639078.9167304,3234066.006803688,0,0,0,1175.774534463882,01.01.2025 00:00:00,31.12.2025 22:00:00,1,,,1.0,1.0,2.364330926932718,13.21523801116031,35.9195892797508,20000,205479.4520547945,2501551.967772894,20980,12540038.28734183,140677.9426062737,3.038980773857304,0,107506.983855976,21379.22974408614,1.238903210574336,3.479833609990449,57113.08517348725,17728,25281,178078.6749971468,288,1.482476068868283,4276264.764260521,11759854.50240797,7987504.162589685,17237350.05768161,1999119.308959896,1243427.861054757,1533832.006813579,5734707.685855009,1550941.125616934,8309398.890185815,0,1070090.365965717,362620.6703356543,2860855.066867065,347983.360999045,715998.5515397086,17297394.95177337,20587271.94508618,597373.9696575048,681169.5217856169,3485920.147294731,64145.36306233004,83009.54149250142,95828.16637802804,603169.5106371151,83832.3545775171,37294.31920245741,61339.27267430753,286669.9195931409,65038.16244925309,166150.0425511168,0,44873.85749692789,15206.36836254251,0,0,0,518803.3732453123,1029128.582734387,1582.442766532931,20430.42010889874,57564.30947132024,BO,0.0,919.4009349059759,optimal,115.38749491784392,14.351438567935777,0.3851558847680579
171.0,171.0,ok,optimal,lcom,958.260395765479,USD/ton,-11583647.77486007,-19926424.91948992,14039.80211379001,5262629.969979672,106058940.0616254,3080147.174650182,0,0,0,1168.212828397751,01.01.2025 00:00:00,31.12.2025 22:00:00,1,,,1.0,1.0,0.8646362210738789,13.37054933528637,53.54307927809639,20000,205479.4520547945,2478539.597430655,20787,12540038.28734183,140011.3729323722,2.547409917628932,0,90117.17324604109,17921.02877051954,1.124213338470042,3.255102614818833,47874.74828695933,17644,24150,176440.4869955048,288,1.522164759439591,1729327.438377534,11884168.03518422,10992809.02053553,17237350.05768161,1999119.308959896,1234268.541382145,1521127.069681473,5734707.685855009,1546013.589940167,7089300.770829891,0,950777.60924576,322189.251459791,2596015.086691536,325510.2614818833,636166.264745309,17237935.39354793,18196310.62296997,593686.4501561905,681169.5217856169,3550988.081113933,25940.47434000699,83887.0361379459,131883.5909614387,603169.5106371151,83832.3545775171,37019.60234734529,60831.1912158464,286669.9195931409,64831.52799967489,141753.650329899,0,39870.51963603127,13510.89124515276,0,0,0,517019.9937557972,909607.8107075959,1572.674532800468,20430.42010889874,58316.00652397529,BO,0.0,958.260395765479,optimal,154.246955777347,19.18462405051635,0.37625691718292736
172.0,172.0,ok,optimal,lcom,964.7767806154809,USD/ton,-12863743.3990842,-21733582.8985537,15689.46672296,5540532.650118627,111609944.860457,3329306.849350881,0,0,0,1107.716538906097,01.01.2025 00:00:00,31.12.2025 22:00:00,1,,,1.0,1.0,3.151647673067809,9.536041596560368,33.21855618096751,20000,205479.4520547945,2507752.191906554,21032,12540038.28734183,139352.7386117313,4.708564379508407,0,166570.1734894894,33124.75040984164,1.006100665667461,3.174940571203913,88490.40466629124,17561,25454,178520.0520753094,288,1.485173584103451,5538740.841223642,8767298.258036146,7503270.606168042,17237350.05768161,1999119.308959896,1245892.770063904,1537253.095948937,5734707.685855009,1541137.105762279,12322933.70120859,0,1434921.125605545,486250.5793856892,2323271.231025984,317494.0571203913,960107.183639679,17179107.17718731,20711195.94724146,598365.5810464115,681169.5217856169,3490359.025510859,83082.91505656664,61885.91945406872,90018.69036824619,603169.5106371151,83832.3545775171,37368.2495897934,61476.0849968987,286669.9195931409,64627.03437647785,246402.4156101877,0,60172.9051654853,20390.74446526798,0,0,0,515255.5501979672,1035323.368184592,1585.069543642899,20430.42010889874,57615.69742501491,BO,0.0,964.7767806154809,optimal,160.76334062734895,19.995106130280853,0.42594205358819753
173.0,173.0,ok,optimal,lcom,883.8030168752657,USD/ton,-15651856.99431826,-25034215.8312512,17705.1595719,6047703.460835314,121778725.8267339,3334655.376097623,0,0,0,1325.616767644882,01.01.2025 00:00:00,31.12.2025 22:00:00,1,,,1.0,1.0,8.135451136982711,13.60136211686278,55.08237093535724,20000,205479.4520547945,2503936.669362762,21000,12540038.28734183,143153.7728236224,3.69941413742131,0,130870.4745254163,26025.37845675891,1.26541184002046,3.087497281420912,69524.93959162738,18040,24116,178248.4354118248,288,1.534345395345952,13003810.34045897,12068648.01077176,11244913.22008622,17237350.05768161,1999119.308959896,1244376.047420163,1535147.910560764,5734707.685855009,1569176.377227657,9918228.444461793,0,1220792.362799146,413688.9360174426,2922068.361190103,308749.7281420912,816833.4107989995,17517570.52613766,18173764.88270277,597755.4545301072,681169.5217856169,3570855.239146147,195061.3868565423,85189.22896566622,134908.1506596097,603169.5106371151,83832.3545775171,37322.75829899243,61391.89680680913,286669.9195931409,65802.85121594592,198319.2887785621,0,51193.49193668172,17347.89785360722,0,0,0,525407.1324243617,908480.7810657001,1583.453319399065,20430.42010889874,58544.85299907341,BO,0.0,883.8030168752657,optimal,79.78957688713376,9.923910835161106,0.4073177938065997
174.0,174.0,ok,optimal,lcom,1239.915210413214,USD/ton,-6572085.350191642,-14544920.4549384,10917.3182743,4932402.433339906,99446080.83280683,3040432.671406851,0,0,0,1008.585782289505,01.01.2025 00:00:00,31.12.2025 22:00:00,1,,,1.0,1.0,1.96275844813439,3.389827434756804,53.27257187723804,20000,205479.4520547945,2524445.103035639,21172,12540038.28734183,137226.0639378549,2.572069201639134,0,90989.52007718603,18094.50683353131,1.215887402876078,2.961335616122954,48338.18254100507,17293,24069,179708.374978055,288,1.515202098046241,3616656.974770627,3456163.579099565,10948356.7162607,17237350.05768161,1999119.308959896,1252523.016904024,1546459.523321093,5734707.685855009,1525339.135534127,7151033.862722353,0,956934.2543652484,324275.5488896653,2807707.339498534,296133.5616122954,640285.6822525581,16988631.08800448,18142592.42974212,601031.291739374,681169.5217856169,3539610.253807936,54251.03156789395,24396.09724468892,131350.2850972756,603169.5106371151,83832.3545775171,37567.11158234742,61844.25801482265,286669.9195931409,63964.55213450474,142988.030335035,0,40128.69635132368,13598.37938311006,0,0,0,509542.5721532303,906922.514267587,1592.131007345723,20430.42010889874,58184.80735101415,BO,0.0,1239.915210413214,optimal,435.9017704250821,54.21573182054226,0.43199292695207314
175.0,175.0,ok,optimal,lcom,1130.522827683578,USD/ton,-9212511.231450966,-18075539.65740059,13378.1069773,5544004.140069283,111760606.6518046,3319024.285880337,0,0,0,1338.109663009644,01.01.2025 00:00:00,31.12.2025 22:00:00,1,,,1.0,1.0,8.186882530602054,4.408840414496615,36.07484169894154,20000,205479.4520547945,2562361.858314561,21490,12540038.28734183,135615.1872259261,3.226819821078327,0,114151.9779904669,22700.67744128604,1.309777093274104,2.940626600142161,60643.23830743555,17090,25321,182407.565571434,288,1.737888871478413,13077774.75179428,4378510.537937116,8015111.25507841,17237350.05768161,1999119.308959896,1267550.700280676,1567348.723457068,5734707.685855009,1513318.935703567,8770244.374919493,0,1113965.615116214,377488.6410829087,3024515.879672752,294062.6600142161,745355.5253424294,16843811.92601902,20615933.91327649,607064.7540883577,681169.5217856169,3896201.883739473,196170.8770963534,30906.68784208371,96159.3758520229,603169.5106371151,83832.3545775171,38017.83915430878,62679.6352513106,286669.9195931409,63460.48934556975,175364.8483282743,0,46713.75040750912,15829.85140827451,0,0,0,505198.9892057347,1030561.353952484,1608.113640229395,20430.42010889874,62250.26947950937,BO,0.0,1130.522827683578,optimal,326.5093876954461,40.609941507975996,0.4619293198224051
176.0,176.0,ok,optimal,lcom,932.091187045913,USD/ton,-14196860.78934307,-23636917.36520254,16785.4493399,6138409.854847582,123651855.7144052,3301646.72101189,0,0,0,1025.985627651215,01.01.2025 00:00:00,31.12.2025 22:00:00,1,,,1.0,1.0,8.41534884860612,21.13011056273545,38.37929613558519,20000,205479.4520547945,2582393.351669463,21658,12540038.28734183,133361.546899878,3.339936599513151,0,118153.5971443773,23496.45397757502,1.295150156840913,2.972820661526177,62769.09848295042,16806,24078,183833.5530547286,288,1.713330806884229,13405779.17711597,17940975.39747821,8422162.417283434,17237350.05768161,1999119.308959896,1275471.875211538,1578372.025438711,5734707.685855009,1496423.104309119,9046463.826920921,0,1139980.270859924,386304.2067625622,2990739.596868353,297282.0661526176,762761.9579426242,16640410.99281176,18148562.18788545,610240.3414420964,681169.5217856169,3857579.695639757,201091.0502166324,126640.3543826132,101042.8745898196,603169.5106371151,83832.3545775171,38255.4201476118,63120.46666115185,286669.9195931409,62751.96868750147,180887.9763318762,0,47804.66570943442,16199.5290080785,0,0,0,499098.3543665938,907220.9340268295,1616.525766456285,20430.42010889874,61814.39620061914,BO,0.0,932.091187045913,optimal,128.07774705778104,15.929801753024378,0.4426542074768624
177.0,177.0,ok,optimal,lcom,1283.33807228592,USD/ton,-5927381.939352004,-14275289.98745302,10442.9547822,5225401.651646521,105384925.8695756,3122506.396454496,0,0,0,878.2189211845398,01.01.2025 00:00:00,31.12.2025 22:00:00,1,,,1.0,1.0,8.862486728126393,3.971727328156624,50.34642704485272,20000,205479.4520547945,2576193.127535803,21606,12540038.28734183,127433.8380141105,1.889982500396739,0,66860.02093403506,13296.02689029106,0.3974895795786762,3.553005763238739,35519.38612120612,16059,23952,183392.175976566,288,1.744869047983779,14045176.07029344,3985804.018915493,10464559.025882,17237350.05768161,1999119.308959896,1273021.400483185,1574960.967802205,5734707.685855009,1451525.52743973,5419091.138758285,0,778429.7770861507,263785.8787948915,917876.4475372899,355300.5763238739,520848.1550677919,16100831.28459357,18064961.15631212,609258.2930023037,681169.5217856169,3907149.577001163,210682.211689275,28134.68177020362,125546.0382858556,603169.5106371151,83832.3545775171,38181.9226898347,62984.05550690291,286669.9195931409,60869.20482897807,108357.0827676242,0,32643.1748189838,11061.76666123081,0,0,0,482914.6588714742,903041.8367978383,1613.924321584447,20430.42010889874,62373.6325280398,BO,0.0,1283.33807228592,optimal,479.32463229778796,59.616495005962,0.4041662796280981
178.0,178.0,ok,optimal,lcom,885.7463714739864,USD/ton,-15745517.90761979,-25143425.28171687,17842.1715845,6038396.591910325,121691545.2582465,3359510.782186755,0,0,0,838.9701476097107,01.01.2025 00:00:00,31.12.2025 22:00:00,1,,,1.0,1.0,9.486672095297187,14.79422445119681,49.62576178540962,20000,205479.4520547945,2596343.855970198,21775,12540038.28734183,149541.7321985124,3.33244138508851,0,117888.4464388911,23443.72514409767,0.3307095594579731,3.547193255739431,62628.23717066092,18845,23960,184826.6514805945,288,1.847405708571645,14932401.21770728,13017195.91106718,10344553.6660859,17237350.05768161,1999119.308959896,1280981.14722283,1586043.914361892,5734707.685855009,1615751.989236886,9028190.569718761,0,1138265.607302858,385723.1600881513,763669.1153606052,354719.3255739431,761614.6748137557,18080881.12479055,18070270.72454084,612447.1104223336,681169.5217856169,4066489.425670607,223990.8776246808,91884.7647200478,124106.30275011,603169.5106371151,83832.3545775171,38420.66057321076,63427.27215516654,286669.9195931409,67755.98287903513,180522.5946115122,0,47732.76190526783,16175.16302320858,0,0,0,542302.5920921767,903307.254597765,1622.371494237473,20430.42010889874,64159.9788436648,BO,0.0,885.7463714739864,optimal,81.73293148585446,10.165617565679117,0.35457026371110645
179.0,179.0,ok,optimal,lcom,899.2756262846551,USD/ton,-15987315.50829233,-25997284.30536344,18338.8365986,6413568.744309991,129198045.0481232,3596400.052761116,0,0,0,853.4618239402771,01.01.2025 00:00:00,31.12.2025 22:00:00,1,,,1.0,1.0,7.259345166785152,14.80857459812652,56.38511055417987,20000,205479.4520547945,2651191.992537192,22235,12540038.28734183,149787.7281495951,5.787161708142651,0,204726.6325872544,40712.68261678355,0.4174572264493795,3.509655390575327,108761.0235619789,18876,25238,188731.1410181868,288,1.835095869515094,11736398.62610364,13028559.17356035,11457175.26808452,17237350.05768161,1999119.308959896,1302584.524449832,1616167.17186336,5734707.685855009,1617532.305854712,14836569.87948336,0,1647573.089689404,558311.7811466188,963985.4116887203,350965.5390575327,1102392.828954044,18102439.94422469,20556454.25898032,621085.6568638693,681169.5217856169,4047503.01383609,176049.7986952487,91964.97482887388,137454.7136957318,603169.5106371151,83832.3545775171,39068.61392168367,64631.92735698326,286669.9195931409,67830.63982086792,296663.6635653981,0,69090.38936704538,23412.60523677306,0,0,0,542949.2090120541,1027588.050229163,1645.254991048699,20430.42010889874,63948.00712357204,BO,0.0,899.2756262846551,optimal,95.26218629652317,11.84833257239199,0.36806598939695084
180.0,180.0,ok,optimal,lcom,1496.166128695017,USD/ton,-3408678.958188387,-12210333.37884702,8542.275179559998,5533669.699923089,111432021.5876745,3267984.720735542,0,0,0,864.2084949016571,01.01.2025 00:00:00,31.12.2025 22:00:00,1,,,1.0,1.0,4.724937242735585,14.46246674115362,56.48226657521865,20000,205479.4520547945,2658107.627147813,22293,12540038.28734183,128409.8864651806,1.54592907203126,0,54688.78685217784,10875.61102173991,0.4484266734811463,3.578391290302631,29053.41801521947,16182,26997,189223.4462207528,288,1.363512793572356,7974135.110904751,12754181.53036321,11472965.84656561,17237350.05768161,1999119.308959896,1305302.049640144,1619960.87250268,5734707.685855009,1458964.941876672,4522567.508808083,0,680377.1725191948,230558.8707523152,1035499.553150851,357839.1290302631,455241.0576884239,16190144.71817506,21812101.41513449,622170.6585588739,681169.5217856169,3287664.577721731,119614.6216370939,90028.2193738702,137644.157375646,603169.5106371151,83832.3545775171,39150.12106420679,64783.64073688813,286669.9195931409,61181.17401767609,90430.7031061254,0,28531.37384919433,9668.40394031121,0,0,0,485593.4501430725,1090356.074165226,1648.129158942088,20430.42010889874,55252.44725061802,BO,0.0,1496.166128695017,optimal,692.1526887068851,86.08720380558589,0.45590311871994715
181.0,181.0,ok,optimal,lcom,919.2329836113549,USD/ton,-15030862.17345486,-24725227.94625069,17560.08560803,6129077.661375084,123350573.0034226,3565288.11142075,0,0,0,999.4482133388519,01.01.2025 00:00:00,31.12.2025 22:00:00,1,,,1.0,1.0,4.475970054329488,13.2454442068318,50.13558508525619,20000,205479.4520547945,2651191.992537192,22235,12540038.28734183,144121.8859214318,5.733051310899816,0,202812.4231743919,40332.01597218021,0.5041956284062228,5.522076035777967,107744.0998113957,18162,27500,188731.1410181868,288,1.362075285396946,7594961.99341481,11784043.39049151,10429485.3366399,17237350.05768161,1999119.308959896,1302584.524449832,1616167.17186336,5734707.685855009,1576278.471469035,14711660.57034483,0,1637235.795355079,554808.7904458408,1164280.313350288,552207.6035777967,1095476.13480781,17603379.42071104,22169333.3176441,621085.6568638693,681169.5217856169,3285237.937711353,113926.9014827798,83180.28412444616,125125.2501072496,603169.5106371151,83832.3545775171,39068.61392168367,64631.92735698326,286669.9195931409,66100.67500265926,294166.0476364156,0,68656.89861933299,23265.70857223024,0,0,0,527980.8115294086,1108213.591300952,1645.254991048699,20430.42010889874,55223.9418588885,BO,0.0,919.2329836113549,optimal,115.21954362322299,14.330549452621558,0.3654025988742334
182.0,182.0,ok,optimal,lcom,878.6172743053123,USD/ton,-16174887.98848535,-25719668.63480743,18212.19277,6056574.224309103,121977710.7635575,3488206.422012973,0,0,0,1040.927998542786,01.01.2025 00:00:00,31.12.2025 22:00:00,1,,,1.0,1.0,4.141682363191369,15.58461853610813,48.71195799528974,20000,205479.4520547945,2456123.402485883,20599,12540038.28734183,149676.6332039449,4.321040314533094,0,152861.1221669228,30398.51861274032,0.9207763767753582,5.145692768991325,81207.4711511777,18862,27164,174844.7390975323,288,1.600468925128421,7082494.722890263,13641465.12284951,10191884.11721142,17237350.05768161,1999119.308959896,1225330.1429348,1508739.929916317,5734707.685855009,1616728.411469861,11406277.59384438,0,1354680.561623134,459059.5233544969,2126241.776165955,514569.2768991325,906418.1407201241,18092704.90982267,21930793.10055539,590083.5835185082,681169.5217856169,3677893.275499414,106239.7256558539,96291.30742236826,122274.6864363528,603169.5106371151,83832.3545775171,36751.51161583213,60335.81874980424,286669.9195931409,67796.92879681267,228073.4783120653,0,56808.04575908337,19250.49723723734,0,0,0,542657.2246583113,1096289.303508355,1563.130544379191,20430.42010889874,59772.55839984529,BO,0.0,878.6172743053123,optimal,74.60383431718037,9.278928759982122,0.28360296154163317
183.0,183.0,ok,optimal,lcom,945.86675103312,USD/ton,-11740432.33255185,-20088773.40183473,14062.5278751,5400382.23900251,108844989.5536813,2947958.830280367,0,0,0,871.1063106060028,01.01.2025 00:00:00,31.12.2025 22:00:00,1,,,1.0,1.0,4.177707773779731,13.26289975290032,57.16669947038738,20000,205479.4520547945,2654530.574763009,22263,12540038.28734183,150382.8796441501,3.93853467449524,0,139329.6026449436,27707.59143507402,0.4033886658541544,3.695377826302055,74018.8514051263,18951,14066,188968.805598736,288,1.610133449285818,7137915.498359448,11798019.14136304,11584052.12068656,17237350.05768161,1999119.308959896,1303896.609940965,1617998.736943717,5734707.685855009,1621835.537717935,10493386.18470262,0,1273113.012370811,431418.7928814021,931498.5212530118,369537.7826302056,851841.2106076835,18154558.15336234,11308536.45894668,621609.5672441097,681169.5217856169,3693425.650388638,107071.0553231322,83278.93506197448,138976.8883191409,603169.5106371151,83832.3545775171,39107.96749953073,64705.17323357578,286669.9195931409,68011.09431288857,209819.8177912546,0,53387.53969909362,18091.39307200987,0,0,0,544512.3983121485,565297.7300653819,1646.642828874974,20430.42010889874,59949.98984468977,BO,0.0,945.86675103312,optimal,141.853311044988,17.64315171734964,0.5264672034850665
184.0,184.0,ok,optimal,lcom,891.636489931726,USD/ton,-15967636.53098044,-25685552.54364781,18190.02254490001,6213318.402377136,125235123.4076476,3504597.610290234,0,0,0,984.4702987670898,01.01.2025 00:00:00,31.12.2025 22:00:00,1,,,1.0,1.0,7.226535584618242,14.20560301769457,48.90779970329266,20000,205479.4520547945,2369677.969853122,19874,12540038.28734183,150795.5180137083,4.603420781409945,0,162850.6135631582,32385.06519721897,0.7745957625577974,5.490177755928098,86514.3884554278,19003,25228,168690.9240654574,288,1.985011243290485,11688648.01777215,12550128.27165519,10224651.3455011,17237350.05768161,1999119.308959896,1190705.707935931,1460863.430170679,5734707.685855009,1624815.8131057,12074997.70607775,0,1413372.957170508,478948.5687042204,1788683.888437036,549017.7755928098,945689.2822375892,18190660.14884898,20549286.45254966,576086.5841747841,681169.5217856169,4276220.883431423,175333.5240310908,88587.86418563762,122667.8034026009,603169.5106371151,83832.3545775171,35713.01571953043,58421.19598828689,286669.9195931409,68136.07109737859,241444.8276203276,0,59269.29041440679,20084.53725400543,0,0,0,545595.2109028059,1027229.741731905,1526.052513715516,20430.42010889874,66486.2705118723,BO,0.0,891.636489931726,optimal,87.62304994359408,10.898207117643144,0.19331957195580834
185.0,185.0,ok,optimal,lcom,1050.677994356126,USD/ton,-11174688.11187347,-20421769.17257235,14862.6647258,5825594.593685869,117496021.3752341,3421486.467013012,0,0,0,879.00404047966,01.01.2025 00:00:00,31.12.2025 22:00:00,1,,,1.0,1.0,6.789202448030386,7.139051350882702,52.31414821772869,20000,205479.4520547945,2655126.750160476,22268,12540038.28734183,150430.4917637145,3.797885943232937,0,134354.0131278084,26718.12761064371,0.7697700325600426,5.847176922742401,71375.56947414821,18957,25188,189011.2457024054,288,2.059890322360892,11050044.65501559,6756330.928050306,10790494.17435477,17237350.05768161,1999119.308959896,1304130.876181568,1618325.777888865,5734707.685855009,1622179.553248317,10155520.25271892,0,1242469.713071566,421034.7224452942,1777540.39151365,584717.6922742401,831337.7478997869,18158725.15724086,20520611.81577803,621703.0997819863,681169.5217856169,4388508.243488275,165754.2657729955,47691.06049689848,129456.3670945192,603169.5106371151,83832.3545775171,39114.99388218551,64718.2518847064,286669.9195931409,68025.52048134878,203064.0416253075,0,52102.5238819957,17655.94078516731,0,0,0,544637.3798873817,1025796.337229359,1646.890596430168,20430.42010889874,67720.68847804496,BO,0.0,1050.677994356126,optimal,246.66455436799401,30.679158096117774,0.2669866903795181
186.0,186.0,ok,optimal,lcom,1029.438619034506,USD/ton,-11834420.69107276,-21264551.32022813,15395.6778629,5910434.616052081,119220566.9381431,3519696.013103283,0,0,0,886.3305704593658,01.01.2025 00:00:00,31.12.2025 22:00:00,1,,,1.0,1.0,6.864830474968459,8.131505496069341,56.09667889184403,20000,205479.4520547945,2364073.921116929,19827,12540038.28734183,151057.3846713125,3.968041808339198,0,140373.4470118075,27915.17412166626,0.01136792347172127,5.457522862356845,74573.39372502272,19036,27423,168291.9870909642,288,2.148274298598321,11160765.54774124,7596058.871792821,11410264.92623864,17237350.05768161,1999119.308959896,1188452.455826356,1457753.747352424,5734707.685855009,1626705.745848615,10564113.67524104,0,1279495.628114054,433581.6647966361,26250.6232821482,545752.2862356845,856111.8252889703,18213556.93891906,22114698.89370224,575173.4286588598,681169.5217856169,4519484.104822197,167415.1151950964,53618.46645028288,136891.9181150658,603169.5106371151,83832.3545775171,35645.43358947681,58296.83707448656,286669.9195931409,68215.32475228632,211234.0447067986,0,53655.1924118264,18182.09233367524,0,0,0,546281.9577775792,1105482.493784497,1523.633566097623,20430.42010889874,69151.29842944263,BO,0.0,1029.438619034506,optimal,225.42517904637407,28.037488906864738,0.2765047848023981
187.0,187.0,ok,optimal,lcom,1042.654254417868,USD/ton,-11505716.59017118,-20915414.61388254,15174.6848034,5923295.851832423,119410727.7086887,3486402.17187894,0,0,0,881.9747841358185,01.01.2025 00:00:00,31.12.2025 22:00:00,1,,,1.0,1.0,6.538021383032865,7.821069855912044,50.02155560486226,20000,205479.4520547945,2373255.022237926,19904,12540038.28734183,145296.3182040203,5.494349325166889,0,194368.1017271039,38652.74750254906,0.09747874117760648,5.580081495837952,103258.0540425239,18310,25142,168945.5646874743,288,1.92347594262411,10681416.57372617,7334559.001613216,10410504.17540683,17237350.05768161,1999119.308959896,1192143.396668747,1462847.949505361,5734707.685855009,1584873.029789421,14159212.23571215,0,1591243.437095151,539223.3966202628,225096.317637677,558008.1495837952,1064702.601148075,17707262.99706516,20487629.22683143,576669.0767889527,681169.5217856169,4182989.569214194,160224.7245932952,51772.61161257949,124897.5281756343,603169.5106371151,83832.3545775171,35756.1365343318,58500.55863820991,286669.9195931409,66461.08473774735,283119.6030596696,0,66728.22549401136,22612.14064581374,0,0,0,531096.6072886873,1024147.584295602,1527.595535793258,20430.42010889874,65455.56635089348,BO,0.0,1042.654254417868,optimal,238.6408144297361,29.68119717417394,0.23010614166000587
188.0,188.0,ok,optimal,lcom,1057.80324611843,USD/ton,-11146586.25011843,-20540394.1077634,14937.4029151,5911010.710115322,119141600.9991532,3482797.147529655,0,0,0,882.1462922096252,01.01.2025 00:00:00,31.12.2025 22:00:00,1,,,1.0,1.0,6.997767749077807,7.302773538285141,50.15153186230297,20000,205479.4520547945,2444676.834854511,20503,12540038.28734183,143487.0576605732,5.348953605564864,0,189224.5827504626,37629.88861514882,0.1104831335317944,5.736993389265527,100525.5595861833,18082,25188,174029.8891070783,288,1.847732134637597,11355093.68901748,6895622.975253316,10432139.12257149,17237350.05768161,1999119.308959896,1220759.566984696,1502410.22665578,5734707.685855009,1571623.144308264,13821538.8338154,0,1562905.943453944,529620.6927116697,255125.8481453578,573699.3389265528,1045741.955349663,17547129.25313312,20520611.81577803,588239.6385621589,681169.5217856169,4066992.380204156,170330.1005532463,48674.28430885178,125157.0882677823,603169.5106371151,83832.3545775171,36614.42564264374,60082.688424892,286669.9195931409,65905.4555200266,276367.6766164956,0,65539.90281405898,22209.45468537103,0,0,0,526293.6917771912,1025796.337229359,1558.245936903354,20430.42010889874,64165.59083616102,BO,0.0,1057.80324611843,optimal,253.78980613029808,31.565368625435447,0.2567683542649717
189.0,189.0,ok,optimal,lcom,892.6565231346185,USD/ton,-15509441.21119373,-24983418.56496493,17684.3302923,6072595.545432854,122403593.03524,3401381.808338345,0,0,0,889.3822340965271,01.01.2025 00:00:00,31.12.2025 22:00:00,1,,,1.0,1.0,7.101114659325702,14.64509415716105,49.10303401917657,20000,205479.4520547945,2333549.740766602,19571,12540038.28734183,142899.8415192789,5.223229382626788,0,184776.9626398052,36745.41870677945,0.08915375888543577,5.45220558199085,98162.76140239653,18008,24257,166119.0537830868,288,1.937101088424782,11505911.32008869,12899040.59393144,10257290.8382786,17237350.05768161,1999119.308959896,1176160.583041175,1440802.906223795,5734707.685855009,1567310.911814551,13528811.29700407,0,1538196.865553656,521247.5471563479,205872.4044466747,545220.5581990851,1029209.08621153,17495036.8878437,18267238.56837828,570187.0397239433,681169.5217856169,4203709.053062312,172592.4140989644,91050.73920567338,123059.387892663,603169.5106371151,83832.3545775171,35276.76159683085,57618.95823154345,286669.9195931409,65724.62358977942,270514.4622817584,0,64503.73645293358,21858.32981554617,0,0,0,524731.2776155311,913153.3982982693,1510.424629146952,20430.42010889874,65685.08971303343,BO,0.0,892.6565231346185,optimal,88.64308314648656,11.025074798226635,0.2036224977180609
190.0,190.0,ok,optimal,lcom,921.446775694442,USD/ton,-14083409.33331686,-22989737.32953511,16486.9772681,5631626.549949886,113556682.6752741,3274701.446268362,0,0,0,879.6840388774872,01.01.2025 00:00:00,31.12.2025 22:00:00,1,,,1.0,1.0,3.563389258001084,10.9038366296897,40.19372798657488,20000,205479.4520547945,2432514.856746178,20401,12540038.28734183,144050.4677420853,5.228985972295537,0,184980.6077559269,36785.91631509911,0.5687735700140661,5.676909145530646,98270.9478703362,18153,23849,173164.1109922208,288,1.873321070635211,6185917.016174758,9891356.628256243,8739219.329979395,17237350.05768161,1999119.308959896,1215898.637543664,1495681.668461915,5734707.685855009,1575755.085469784,13542229.81029875,0,1539332.487967194,521632.3746194695,1313402.641777379,567690.9145530646,1029968.932322709,17597054.68341901,17996581.42866711,586277.322387714,681169.5217856169,4106337.139093829,92790.76828737755,69820.33479089732,104846.6888930953,603169.5106371151,83832.3545775171,36468.63105345004,59813.60754515741,286669.9195931409,66078.7269976185,270782.7712875419,0,64551.35837345188,21874.46741783683,0,0,0,527791.1127307661,899623.6310060865,1553.047764244975,20430.42010889874,64604.09520416542,BO,0.0,921.446775694442,optimal,117.43333570631,14.605892123898256,0.20490636821600333
191.0,191.0,ok,optimal,lcom,862.945541096606,USD/ton,-16185444.09531252,-25337714.64860473,17972.9006179,5846325.839820991,117847606.5544831,3305944.713471216,0,0,0,853.8417325019836,01.01.2025 00:00:00,31.12.2025 22:00:00,1,,,1.0,1.0,2.81009262708892,16.21585161961277,40.9630724897245,20000,205479.4520547945,2446703.8312059,20520,12540038.28734183,155628.1481494946,4.983798120954599,0,176306.8423268899,35061.01978091561,1.001327616862318,3.084163202204863,93663.00998616026,19612,23779,174174.1854595545,288,1.850603773632269,4995462.714275368,14137748.24204633,8872786.40849425,17237350.05768161,1999119.308959896,1221569.251128002,1503531.327167047,5734707.685855009,1659521.743198411,12969369.0406631,0,1490590.064345995,505115.0683344507,2312249.384652475,308416.3202204863,997355.3271344983,18611473.33341454,17950089.54801175,588566.377731611,681169.5217856169,4071415.829382636,74933.5663566982,99794.43190120951,106449.1278980721,603169.5106371151,83832.3545775171,36638.7106211611,60127.52220698183,286669.9195931409,69591.45188652641,259328.1712004951,0,62507.36223892109,21181.82007510691,0,0,0,558216.7241576868,897299.5677025494,1559.111468482406,20430.42010889874,64214.94084065378,BO,0.0,862.945541096606,optimal,58.93210110847406,7.3297407950474,0.36034973568607154
192.0,192.0,ok,optimal,lcom,865.1617671688197,USD/ton,-16043323.94897886,-25143391.93086869,17849.8763716,5797203.622225072,116789572.6063087,3302864.359664757,0,0,0,847.1206691265106,01.01.2025 00:00:00,31.12.2025 22:00:00,1,,,1.0,1.0,3.327277143447815,15.55834397833732,42.54968916850527,20000,205479.4520547945,2495232.50855974,20927,12540038.28734183,155469.44108428,4.786544639776318,0,169328.8031767271,33673.3415408264,0.5879426681173582,5.155942168305271,89955.92668763625,19592,23763,177628.8098982503,288,1.6129549275527,5815770.08000371,13620764.69148371,9146672.331428554,17237350.05768161,1999119.308959896,1240914.292259127,1530344.25482736,5734707.685855009,1658387.675543664,12506458.67943993,0,1450799.983608016,491631.4353546376,1357667.610152634,515594.2168305271,970731.7436688816,18597711.13575598,17939460.52800051,596362.4538521757,681169.5217856169,3697954.919817127,87238.44379018126,96145.18883595036,109735.0086008921,603169.5106371151,83832.3545775171,37218.92935481313,61199.7944464751,286669.9195931409,69543.89516426297,250072.0773204163,0,60838.77940739926,20616.38873947297,0,0,0,557803.9524895577,896768.2380378324,1579.763262653151,20430.42010889874,60001.69529817827,BO,0.0,865.1617671688197,optimal,61.148327180687716,7.605386196229547,0.21467112809769007
193.0,193.0,ok,optimal,lcom,874.2464802216648,USD/ton,-16151701.0028467,-25563064.82506708,18115.4768908,6038311.076592816,121755021.086628,3373052.745627559,0,0,0,858.6879806518555,01.01.2025 00:00:00,31.12.2025 22:00:00,1,,,1.0,1.0,5.289061514340555,16.90785667522014,42.37273839661832,20000,205479.4520547945,2594316.859618809,21758,12540038.28734183,157651.6632309815,4.745253932657419,0,167868.1031216889,33382.86141624494,0.5770338920705583,5.158688041698118,89179.9297833972,19867,23849,184682.3551281182,288,2.062519145912175,8826080.94593975,14679597.91410614,9116229.148959989,17237350.05768161,1999119.308959896,1280181.023037661,1584929.451931715,5734707.685855009,1673947.834087229,12409319.38525295,0,1442402.819492226,488785.8950363315,1332477.24260783,515868.8041698118,965113.1926238763,18786604.80351226,17996581.42866711,612126.7121904109,681169.5217856169,4392427.910730593,132394.0864060884,103619.1980006827,109369.7738172487,603169.5106371151,83832.3545775171,38396.66232795833,63382.70383569857,286669.9195931409,70196.40485813674,248129.734910833,0,60486.64732781529,20497.06202202308,0,0,0,563469.4687300011,899623.6310060865,1621.522759792605,20430.42010889874,67763.6447085225,BO,0.0,874.2464802216648,optimal,70.23304023353285,8.735306742455643,0.2033426126856247
194.0,194.0,ok,optimal,lcom,859.1722163451448,USD/ton,-16993850.39630349,-26674270.56361952,18808.1690514,6256608.469298398,126102530.5838365,3423811.69801763,0,0,0,923.7365474700928,01.01.2025 00:00:00,31.12.2025 22:00:00,1,,,1.0,1.0,4.914906894842884,15.35141752924795,59.22217730141919,20000,205479.4520547945,2603497.960739806,21835,12540038.28734183,155739.2430951449,6.005870744455284,0,212463.6834558501,42251.30068724293,0.9346732684671395,5.136444138436486,112871.3318359204,19626,22895,185335.9327246283,288,1.987713991826394,8262108.911107395,13457614.80958502,11916082.57093599,17237350.05768161,1999119.308959896,1283804.117198903,1589976.616247094,5734707.685855009,1660315.363484586,15340263.99336257,0,1689034.939018632,572361.925017928,2158332.251572588,513644.4138436486,1130134.994483301,18621104.57540909,17361531.52104481,613577.2685781238,681169.5217856169,4280295.738664715,123934.3223536681,94993.55920582249,142960.3440496676,603169.5106371151,83832.3545775171,38505.33033708216,63584.54431548892,286669.9195931409,69624.73206992133,306735.246306795,0,70829.07721765488,24001.79300440938,0,0,0,558505.5954501121,867878.3850531407,1625.365281529032,20430.42010889874,66531.19845566564,BO,0.0,859.1722163451448,optimal,55.15877635701281,6.860429641303884,0.18672115637244413
195.0,195.0,ok,optimal,lcom,876.8593731067457,USD/ton,-16270436.66330445,-25841274.05683385,18291.1027734,6163731.161224289,124237856.6367416,3407106.232305104,0,0,0,834.3702795505524,01.01.2025 00:00:00,31.12.2025 22:00:00,1,,,1.0,1.0,5.188429544739091,15.45164932267717,42.32750038978555,20000,205479.4520547945,2306006.437403611,19340,12540038.28734183,155548.7946168873,6.332178808246242,0,224007.1575205191,44546.87791601232,0.8869720960117459,5.213318198942622,119003.8024327758,19602,22984,164158.3209935567,288,1.969723581092705,8674800.207273312,13536669.22959117,9108442.178381715,17237350.05768161,1999119.308959896,1165041.465864794,1425488.386170137,5734707.685855009,1658954.75710116,16088379.54878151,0,1749981.065902068,593014.6905111381,2048181.482933246,521331.8198942622,1170914.109928486,18604592.71726618,17420908.61038858,565669.0989681297,681169.5217856169,4253140.693503586,130124.8260957357,95551.58236472488,109276.3515044754,603169.5106371151,83832.3545775171,34943.26423987624,57006.51728802775,286669.9195931409,69567.67552694032,321694.1420113711,0,73384.83129202115,24867.85935276249,0,0,0,558010.3528007438,870846.5616996746,1498.45661073336,20430.42010889874,66231.60660134579,BO,0.0,876.8593731067457,optimal,72.84593311861374,9.060287987187008,0.14275217014623354
196.0,196.0,ok,optimal,lcom,872.895286372261,USD/ton,-15999320.63405279,-25258850.38294492,17923.0573455,5947592.960405345,119919121.3285759,3311936.788486782,0,0,0,868.2831106185913,01.01.2025 00:00:00,31.12.2025 22:00:00,1,,,1.0,1.0,5.510032978101742,15.44373526106312,40.18772608709074,20000,205479.4520547945,2328899.572666357,19532,12540038.28734183,155739.2430951449,4.704186865254018,0,166415.3145452261,33093.95459706202,0.9031666776079865,5.153973251948546,88408.13585215138,19626,22790,165788.0209744648,288,1.99616567883123,9157268.07572896,13530429.15136366,8738175.332283294,17237350.05768161,1999119.308959896,1174285.17919657,1438218.61188188,5734707.685855009,1660315.363484586,12312622.34305417,0,1434027.185275038,485947.6505376232,2085577.746353952,515397.3251948546,959509.0472559087,18621104.57540909,17291444.2662637,569425.5103943255,681169.5217856169,4293027.390616201,137362.001129108,95507.53538842624,104834.1637810097,603169.5106371151,83832.3545775171,35220.51232672451,57515.61005872843,286669.9195931409,69624.73206992133,246196.2355219818,0,60135.41809684346,20378.04125216358,0,0,0,558505.5954501121,864374.8223969025,1508.407339073453,20430.42010889874,66671.50875911603,BO,0.0,872.895286372261,optimal,68.88184638412906,8.56725061525661,0.14543889561635964
197.0,197.0,ok,optimal,lcom,894.0128314783626,USD/ton,-16163156.81960622,-26095346.87754371,18452.3174122,6467195.264862384,130337491.6123679,3464994.793075108,0,0,0,838.4184691905975,01.01.2025 00:00:00,31.12.2025 22:00:00,1,,,1.0,1.0,12.04661359179819,16.05847899526827,41.69670006882338,20000,205479.4520547945,2250085.185121176,18871,12540038.28734183,155223.4451331973,4.737672966652493,0,167599.9188682986,33329.52932040029,0.9589642738047391,5.129908964321014,89037.45689878364,19561,23015,160177.4392693593,288,2.052301932697926,18514229.03324284,14014203.68425541,8999685.984329512,17237350.05768161,1999119.308959896,1142384.071051516,1394338.707463676,5734707.685855009,1656629.115364973,12391475.46501237,0,1440858.486307298,488262.5680795144,2214424.644510332,512990.8964321014,964079.8777201341,18576372.09140816,17441584.03445941,556441.1161484498,681169.5217856169,4377185.262300044,277719.4604698106,98922.36523626752,107971.5751380245,603169.5106371151,83832.3545775171,34263.69758311362,55760.81461172101,286669.9195931409,69470.15057093871,247772.9379696303,0,60421.88626699994,20475.11649290572,0,0,0,557163.9273169611,871880.0968823932,1474.011697823839,20430.42010889874,67596.54792184639,BO,0.0,894.0128314783626,optimal,89.99939149023066,11.193767045928878,0.2025808910698089
198.0,198.0,ok,optimal,lcom,826.5162189857649,USD/ton,-17098255.80689795,-26008045.04771237,18397.1071234,5686365.291245375,114724517.4948879,3223423.94956905,0,0,0,1023.053117036819,01.01.2025 00:00:00,31.12.2025 22:00:00,1,,,1.0,1.0,0.5601642271938706,15.12552158141469,59.20644956601534,20000,205479.4520547945,2466258.384242828,20684,12540038.28734183,155921.7562201417,4.463520935580789,0,157901.516617106,31400.86978181085,0.9706366273327729,5.129916987835509,83885.18070283756,19649,22848,175566.2208599135,288,2.112478499082057,1170067.68068917,13279257.17240551,11913550.84407346,17237350.05768161,1999119.308959896,1229373.452029894,1514341.89250401,5734707.685855009,1661618.762799952,11744222.45438005,0,1384448.171131731,469146.84948845,2241378.25270823,512991.6987835509,926335.6784990203,18636923.22970166,17330163.9098926,591713.8772909199,681169.5217856169,4466636.994227568,17551.39597823386,93734.58226176881,142929.9702635553,603169.5106371151,83832.3545775171,36872.78319478703,60559.84609383626,286669.9195931409,69679.38965492496,234830.8326887159,0,58056.33983741336,19673.50565770054,0,0,0,558980.0467319423,866310.3625732827,1567.449190183185,20430.42010889874,68575.24052603477,BO,0.0,826.5162189857649,optimal,22.50277899763296,2.798806323183493,0.11139729605481903
199.0,199.0,ok,optimal,lcom,848829.3408422567,USD/ton,9867448837.911436,9854638067.68367,14712.40951037,8456574.4678247,170213031.566538,4354195.759940595,0,0,0,661.6123704910278,01.01.2025 00:00:00,31.12.2025 22:00:00,1,,,1.0,1.0,5.113064768572912,15.99107867794828,59.89395551485205,20000,205479.4520547945,2286332.64928719,19175,12540038.28734183,147597.5706496329,25.0789915457516,0,887194.4049225089,176430.7055243626,0.2450106435952701,5.207687413145062,471322.0276150828,18600,22779,162757.7975724638,288,2.227311146171044,8561311.80656533,13961254.44320508,12024095.15209058,17237350.05768161,1999119.308959896,1157082.979512361,1414538.251264785,5734707.685855009,1601647.561683994,55525632.26476543,0,4400788.24798918,1491291.609798711,565774.5780164246,520768.7413145062,2944571.889823155,17910152.04100285,17284099.5524093,562431.0904933222,681169.5217856169,4635244.782320853,128422.4631532869,98548.6112734898,144256.1990986429,603169.5106371151,83832.3545775171,34704.56415948376,56568.61189304571,286669.9195931409,67164.51874458978,1110259.151761835,0,184545.4841902091,62536.78129704369,0,0,0,537181.888955832,864007.6705479478,1489.879131048617,20430.42010889874,70407.73081746833,BO,0.0,848829.3408422567,optimal,848025.3274022685,105474.02384402756,0.45197021139930604
200.0,200.0,ok,optimal,lcom,812.3817026354145,USD/ton,-17716317.72179808,-26701740.43982914,18835.2504186,5753382.522209767,116132680.2623555,3232040.1958213,0,0,0,964.3130669593811,01.01.2025 00:00:00,31.12.2025 22:00:00,1,,,1.0,1.0,0.5369655094592943,16.74443740055548,60.27362805076039,20000,205479.4520547945,2319837.706624853,19456,12540038.28734183,156548.6491277396,4.326792165556912,0,153064.5996487413,30438.98288469288,0.9932150691146069,5.028003339857888,81315.56856339383,19728,23027,165142.9313986887,288,2.340988845103951,1126364.363587971,14551841.71990559,12085033.95024853,17237350.05768161,1999119.308959896,1170628.392232568,1433181.067372623,5734707.685855009,1666091.827069866,11419941.56275288,0,1355888.474668966,459468.8478866277,2293516.02184322,502800.3339857887,907226.3565668493,18691218.13936065,17449586.52703166,567940.0611450936,681169.5217856169,4799606.042414493,16895.8319996154,102717.4025659481,144987.2977209269,603169.5106371151,83832.3545775171,35110.83376429052,57314.15428333086,286669.9195931409,69866.96600829353,228346.6953095362,0,56858.69916146067,19267.66211537196,0,0,0,560608.522138769,872280.1301583507,1504.472386198211,20430.42010889874,72179.3232925366,BO,0.0,812.3817026354145,optimal,8.368262647282563,1.040811288851849,0.05208209335884389
201.0,201.0,ok,optimal,lcom,850.9252920057867,USD/ton,-16769042.54010883,-26191125.21122063,18426.159207,6095833.786110691,122970462.7991775,3326248.885001113,0,0,0,965.0065577030182,01.01.2025 00:00:00,31.12.2025 22:00:00,1,,,1.0,1.0,5.651615489014513,16.13081174939964,59.645360501566,20000,205479.4520547945,2262366.398309003,18974,12540038.28734183,148438.7180952706,4.290391404255183,0,151776.8863169313,30182.90352893521,1.037518876554372,5.184727383407661,80631.47085586977,18706,23145,161051.7054049506,288,2.280263100725267,9368768.243446872,14071003.09995399,11984152.9202304,17237350.05768161,1999119.308959896,1147369.560997072,1401186.25100237,5734707.685855009,1607757.363749235,11333437.99223462,0,1348235.189478437,456875.3852274674,2395821.650655658,518472.7383407661,902105.5356668374,17984093.93573265,17528251.0952255,558474.1563823342,681169.5217856169,4712111.106571111,140534.5724720696,99323.2965108182,143777.0017470929,603169.5106371151,83832.3545775171,34413.22813428888,56034.65381862456,286669.9195931409,67420.7311131243,226617.018817605,0,56537.76137905835,19158.90618457191,0,0,0,539399.6393463922,876212.4605706892,1479.397218411596,20430.42010889874,71238.01277169448,BO,0.0,850.9252920057867,optimal,46.911852017654724,5.834709929518988,0.09690410629855452
202.0,202.0,ok,optimal,lcom,838.0940669301912,USD/ton,-16436039.95411826,-25160325.16713734,17860.8053449,5544055.794000387,111849589.7089796,3180229.419018694,0,0,0,953.0713677406311,01.01.2025 00:00:00,31.12.2025 22:00:00,1,,,1.0,1.0,0.1600512738008043,16.19797485180722,44.53986114015898,20000,205479.4520547945,2264393.394660392,18991,12540038.28734183,154945.7077690716,4.355538313420523,0,154081.5233755644,30641.21203491338,0.9960271769207991,5.125732459237907,81855.80929326861,19526,23132,161196.0017574269,288,2.024736247132882,378931.205310232,14123720.23618881,9487353.762831006,17237350.05768161,1999119.308959896,1148191.887783707,1402316.070205825,5734707.685855009,1654642.538453999,11488203.10097764,0,1361917.365882828,461511.8534522172,2300009.695277315,512573.2459237907,911260.2938059911,18552268.44126957,17519587.02299844,558809.3561630963,681169.5217856169,4335947.058173053,5684.091392894476,99695.41211027175,113822.2524039369,603169.5106371151,83832.3545775171,34437.89230551269,56079.83626877918,286669.9195931409,69386.84417734337,229711.614436724,0,57111.51856232612,19353.33482445476,0,0,0,556440.9829062975,875779.3558642701,1480.285162137558,20430.42010889874,67143.79368707402,BO,0.0,838.0940669301912,optimal,34.08062694205921,4.238813090308823,0.10382817197791107
203.0,203.0,ok,optimal,lcom,841.7117858141606,USD/ton,-16458251.90787488,-25286715.49294213,17940.8033694,5627452.218032216,113512777.3959343,3201011.367035032,0,0,0,830.617504119873,01.01.2025 00:00:00,31.12.2025 22:00:00,1,,,1.0,1.0,0.5580051420717882,17.51488261989368,44.3015047492456,20000,205479.4520547945,2329853.453302304,19540,12540038.28734183,156247.1057038318,4.232945023998317,0,149744.6631689645,29778.76824382816,0.9914185950136863,5.140576648828472,79551.85230851237,19690,23245,165855.925140336,288,2.003874065922106,1166008.001698145,15153081.74641854,9446714.495045038,17237350.05768161,1999119.308959896,1174669.938431532,1438748.765576922,5734707.685855009,1663940.965803927,11196771.50663501,0,1336113.298862515,452767.6498055954,2289367.633179564,514057.6648828472,893994.7663346691,18665109.07837106,17594878.30944549,569581.7624169833,681169.5217856169,4304625.238744294,17490.49947225223,106961.3886558746,113334.692530965,603169.5106371151,83832.3545775171,35232.05246843614,57536.81136494387,286669.9195931409,69776.77040891882,223884.3130349395,0,56029.43422334066,18986.64976603121,0,0,0,559825.4291382661,879543.0606970512,1508.821250451535,20430.42010889874,66799.23910688903,BO,0.0,841.7117858141606,optimal,37.698345826028685,4.688770603957211,0.11190408937004388
204.0,204.0,ok,optimal,lcom,838.1857852720765,USD/ton,-16727103.86918122,-25662626.11418787,18178.5352384,5715342.195987972,115373012.2202788,3220180.049018675,0,0,0,848.4186592102051,01.01.2025 00:00:00,31.12.2025 22:00:00,1,,,1.0,1.0,0.09988438733826484,18.70895018840046,43.16859787231169,20000,205479.4520547945,2279655.484835555,19119,12540038.28734183,156120.1400516601,4.886542753573039,0,172866.3364503999,34376.82827138634,1.018136994786579,5.085630328451243,91835.24123927492,19674,22852,162282.4684113656,288,2.347378985859456,247899.1279099555,16079736.76988381,9252953.126126843,17237350.05768161,1999119.308959896,1154378.808762662,1410819.703705979,5734707.685855009,1663034.930271757,12741365.75997043,0,1471037.91614565,498489.4474407303,2351065.325716357,508563.0328451243,984272.9649002557,18654111.64488617,17332833.79505653,561330.0424369327,681169.5217856169,4808773.24993749,3718.567590930935,113502.3886830284,111010.0869570122,603169.5106371151,83832.3545775171,34623.45755871025,56419.90395003189,286669.9195931409,69738.77613231298,254769.1464997283,0,61687.44988384694,20903.97702813661,0,0,0,559495.5814586064,866443.8263533382,1486.962456367532,20430.42010889874,72277.71954995257,BO,0.0,838.1857852720765,optimal,34.17234528394454,4.250220653581233,0.08392162604378799
205.0,205.0,ok,optimal,lcom,840.7929051632091,USD/ton,-16713546.92615685,-25703682.55348865,18204.6533226,5757289.571645938,116248991.93281,3232846.055685865,0,0,0,815.1909234523773,01.01.2025 00:00:00,31.12.2025 22:00:00,1,,,1.0,1.0,1.118910120704099,17.98753243251849,45.79309998621687,20000,205479.4520547945,2316499.124399037,19428,12540038.28734183,156985.09355708,4.364076987258058,0,154383.5875012411,30701.28160536044,1.04056524882707,5.119591849243498,82016.28086003431,19783,23068,164905.2668181396,288,2.474843521724494,2180935.550298589,15520613.67944878,9700319.597370427,17237350.05768161,1999119.308959896,1169280.435206644,1431324.634236856,5734707.685855009,1669202.495986215,11508470.6232582,0,1363705.63865884,462117.8440240466,2402856.283771081,511959.1849243498,912456.8289380753,18728983.09041802,17476924.60266962,567392.3078976901,681169.5217856169,4990102.561420394,32714.74298286051,109555.694328487,116377.2589503701,603169.5106371151,83832.3545775171,35070.40428609517,57239.91391162745,286669.9195931409,69997.41079885699,230116.8723541527,0,57186.50914281227,19378.74682275849,0,0,0,561741.2120064419,873646.7218617595,1503.021388651907,20430.42010889874,74215.34193431912,BO,0.0,840.7929051632091,optimal,36.77946517507712,4.574483876242171,0.08150150292788973
206.0,206.0,ok,optimal,lcom,834.4263022474012,USD/ton,-16861285.40351059,-25799475.70038895,18265.2558248,5721847.426042571,115522161.6141056,3216342.870835786,0,0,0,815.9527685642242,01.01.2025 00:00:00,31.12.2025 22:00:00,1,,,1.0,1.0,0.6357699478952316,18.39450708661296,45.96178371579601,20000,205479.4520547945,2230053.691766274,18703,12540038.28734183,156072.5279320957,4.43767689002007,0,156987.25766135,31219.05692129119,1.009129582847722,5.234238981987509,83399.48063259218,19668,22954,158751.4517860647,288,2.413646281660323,1311285.158506262,15836302.80492237,9728894.805972656,17237350.05768161,1999119.308959896,1134240.697894956,1383161.866602429,5734707.685855009,1662695.104264031,11683004.94179682,0,1379072.283239378,467325.1266385157,2330265.557126933,523423.898198751,922738.6664460327,18649986.97329891,17400896.94910047,553117.2128065901,681169.5217856169,4903402.993008354,19669.70410102156,111784.056044558,116720.0831653541,603169.5106371151,83832.3545775171,34019.45216494527,55313.84304887714,286669.9195931409,69724.52564998975,233606.7619159684,0,57830.9038977269,19597.11236030544,0,0,0,559371.869562164,869846.2070788909,1465.206682762677,20430.42010889874,73290.94024655006,BO,0.0,834.4263022474012,optimal,30.412862259269218,3.7826310788683015,0.06683413369591161
207.0,207.0,ok,optimal,lcom,804.013439988132,USD/ton,-18180806.22869312,-27274499.10942448,19193.8305894,5848685.877554033,118045501.8832501,3245007.003177324,0,0,0,891.6383678913116,01.01.2025 00:00:00,31.12.2025 22:00:00,1,,,1.0,1.0,0.4769264111630295,18.84671922153003,60.59827804588637,20000,205479.4520547945,2243169.550510555,18813,12540038.28734183,156707.3561929543,4.538917522482177,0,160568.7462753295,31931.28477066212,0.9638026002065427,5.276295660229749,85302.1464587688,19748,22785,159685.1340667933,288,2.358474614452378,1012356.290768541,16186264.8583237,12137080.56004687,17237350.05768161,1999119.308959896,1139574.313617394,1390481.165292802,5734707.685855009,1667223.310121454,11922614.78859906,0,1400073.259738547,474441.7108243377,2225597.228844292,527629.5660229749,936790.4411676513,18704954.194707,17288105.81271493,555294.6860435485,681169.5217856169,4824673.122134873,15185.67380638118,114254.340824584,145611.7144450555,603169.5106371151,83832.3545775171,34179.42410500389,55606.54815358167,286669.9195931409,69914.41434614614,238397.864950976,0,58711.57235031089,19895.54377766641,0,0,0,561020.5097165885,864207.9378296643,1470.97480616303,20430.42010889874,72448.2791485306,BO,0.0,804.013439988132,optimal,0.0,0.0,0.0
208.0,208.0,ok,optimal,lcom,835.2029627236892,USD/ton,-16739399.85304433,-25609917.60092229,18145.3121863,5671086.556048579,114515765.5835755,3199431.191829376,0,0,0,812.807847738266,01.01.2025 00:00:00,31.12.2025 22:00:00,1,,,1.0,1.0,0.1109909447192326,18.80329485121378,45.00055589381674,20000,205479.4520547945,2224568.878109575,18657,12540038.28734183,155826.531981013,4.352196412288253,0,153963.3002811092,30617.70176044786,1.016544687174127,5.277673305687864,81793.00327433928,19637,23069,158361.0028323054,288,2.447995590533273,272574.9512188548,16152695.96739252,9565778.287989136,17237350.05768161,1999119.308959896,1132008.417845943,1380099.793697709,5734707.685855009,1660938.79122758,11480269.63362304,0,1361217.14942109,461274.5716573228,2347388.394974541,527767.3305687864,910791.7782597211,18628670.65444393,17477591.31212203,552205.3805845503,681169.5217856169,4952146.594266566,4088.712970665149,114017.3873619338,114763.1318441217,603169.5106371151,83832.3545775171,33952.49905306426,55191.38809682447,286669.9195931409,69650.87528977313,229552.9813086285,0,57082.15523496574,19343.38449709049,0,0,0,558732.5259986984,873680.0497235418,1462.791240548336,20430.42010889874,73811.1042928491,BO,0.0,835.2029627236892,optimal,31.18952273555726,3.8792290258254454,0.07336045622032754
209.0,209.0,ok,optimal,lcom,1387.464795634873,USD/ton,-4309100.224347798,-12691998.25614747,8882.400673099997,5340706.613725605,107884520.6577221,3042191.418074069,0,0,0,746.6924457550049,01.01.2025 00:00:00,31.12.2025 22:00:00,1,,,1.0,1.0,0.08722850645564403,17.60834164552691,59.96968181740343,20000,205479.4520547945,2310895.075662843,19381,12540038.28734183,157112.0592092517,1.607163502616494,0,56855.01606856109,11306.39524090703,1.067843370399889,5.299124549744953,30204.22728642308,19799,22703,164506.3298436465,288,2.38605235141464,219441.9948846584,15225833.22676091,12036255.64734635,17237350.05768161,1999119.308959896,1167016.919115449,1428207.876875015,5734707.685855009,1670106.881757624,4683478.227361868,0,698317.5664921068,236638.3177742235,2465846.476749948,529912.4549744952,467244.9935308557,18739963.83407812,17233342.61522749,566472.278897763,681169.5217856169,4864094.771613154,3291.701334922496,107474.921117087,144402.0917252867,603169.5106371151,83832.3545775171,35002.51430689419,57115.27208069135,286669.9195931409,70035.33589333424,93648.18286464547,0,29283.69786610356,9923.3433809397,0,0,0,562070.5591056717,861470.4031059485,1500.584233185006,20430.42010889874,72870.60614268806,BO,0.0,1387.464795634873,optimal,583.4513556467411,72.56736350767389,0.07047564291007222
210.0,210.0,ok,optimal,lcom,1326.982537532307,USD/ton,-5040753.837361215,-13511992.58374162,9456.795006699998,5409377.425809232,109267312.0213932,3061861.320571174,0,0,0,668.3147921562195,01.01.2025 00:00:00,31.12.2025 22:00:00,1,,,1.0,1.0,0.2728560959630906,18.44700959068017,60.19075958367348,20000,205479.4520547945,2325203.285202059,19501,12540038.28734183,156754.9683125187,1.711148762450887,0,60533.59862046259,12037.93154384199,1.03233095544931,5.250802311757367,32158.47426712075,19754,22755,165524.892331714,288,2.414556728828912,612445.4953721405,15876977.68212273,12071739.83094241,17237350.05768161,1999119.308959896,1172793.939308662,1436164.061122767,5734707.685855009,1667562.681286009,4955339.807392081,0,728275.2151239578,246790.0423145693,2383841.787940601,525080.2311757366,487289.6866802826,18709074.26519443,17268073.24449179,568819.8342088743,681169.5217856169,4904697.64243406,9186.8817349358,112071.1686874886,144827.8047114981,603169.5106371151,83832.3545775171,35175.78534405914,57433.44679138454,286669.9195931409,69928.64575478337,99084.1733240015,0,30539.96116722723,10349.0523255861,0,0,0,561144.0836115505,863206.5381007928,1506.8029037495,20430.42010889874,73304.77119744528,BO,0.0,1326.982537532307,optimal,522.9690975441752,65.0448203393086,0.07071363967843834
211.0,211.0,ok,optimal,lcom,1492.80825914332,USD/ton,-3268355.123685633,-11627750.47768035,8136.392378520001,5318600.921735554,107459149.2752191,3040794.432259161,0,0,0,912.5572600364685,01.01.2025 00:00:00,31.12.2025 22:00:00,1,,,1.0,1.0,0.005617924500356268,17.72181689627147,59.96665904996985,20000,205479.4520547945,2167216.804873218,18176,12540038.28734183,155437.699671237,1.472141688316846,0,52078.48436589674,10356.51677730901,1.054495045343205,5.316189314778019,27666.69481938264,19588,23282,154278.2648593013,288,2.446357198418191,18592.82828658615,15314114.10433174,12035770.29563019,17237350.05768161,1999119.308959896,1108599.959434713,1348035.543066144,5734707.685855009,1658160.816177282,4327819.112774077,0,658444.1833487012,223126.4561746067,2435022.74246089,531618.9314778019,440565.6723410966,18594958.23270988,17619521.65454307,542625.8644055437,681169.5217856169,4949826.303774653,278.8984748480297,108098.0712732568,144396.2688344236,603169.5106371151,83832.3545775171,33250.40563263431,53909.11089576852,286669.9195931409,69534.38189771779,86536.62427859081,0,27611.62177794737,9356.728288211316,0,0,0,557721.384253675,880774.9466352054,1437.415116287272,20430.42010889874,73786.36998392339,BO,0.0,1492.80825914332,optimal,688.794819155188,85.66956532037018,0.07988940307210865
212.0,212.0,ok,optimal,lcom,1500.846712105332,USD/ton,-3227091.938048033,-11666878.0469485,8163.045564770002,5393338.184266574,108978791.8770877,3046447.924633897,0,0,0,653.1792271137238,01.01.2025 00:00:00,31.12.2025 22:00:00,1,,,1.0,1.0,0.2787660330988685,18.95485524302944,59.61206015983607,20000,205479.4520547945,2146112.195802875,17999,12540038.28734183,156826.3864918653,1.476951020517595,0,52248.61930183045,10390.35042934128,1.082631989582027,5.29654531342081,27757.07900409742,19763,22851,152775.8851894016,288,2.529851517739852,624371.4256519958,16269825.05057376,11978799.96509868,17237350.05768161,1999119.308959896,1099954.975957599,1336215.175744854,5734707.685855009,1668071.674260061,4340541.713991017,0,659884.6231332235,223614.5768575457,2499996.114718497,529654.531342081,441529.4720650268,18715253.72573403,17332166.32902344,539079.7680652007,681169.5217856169,5067486.18058861,9365.774570115438,114844.1689763084,143712.7809511429,603169.5106371151,83832.3545775171,32991.11534053646,53436.40415147696,286669.9195931409,69949.9901934504,86791.0182198965,0,27672.02610610448,9377.197454801502,0,0,0,561329.4251026666,866410.4606711592,1428.021512300104,20430.42010889874,75037.33646726685,BO,0.0,1500.846712105332,optimal,696.8332721172001,86.66935618980276,0.08520377822693131
213.0,213.0,ok,optimal,lcom,845.730791885756,USD/ton,-16462901.16405846,-25393459.22515798,18008.3564758,5725408.665514024,115642922.9238997,3205149.395585499,0,0,0,840.380040884018,01.01.2025 00:00:00,31.12.2025 22:00:00,1,,,1.0,1.0,0.9167945292627205,19.00826085872099,44.49459715276669,20000,205479.4520547945,2182359.659968888,18303,12540038.28734183,156826.3864918653,4.099294161538283,0,145016.6302585783,28838.53442642182,1.055251281116935,5.301667516798292,77040.08482486973,19763,22886,155356.2434925061,288,2.589450152985815,1822938.266643635,16311075.6936904,9479639.699794745,17237350.05768161,1999119.308959896,1114792.481173952,1356509.727163466,5734707.685855009,1668071.674260061,10878089.45759266,0,1307699.061967948,443138.9399718373,2436769.029762883,530166.7516798292,874982.771547429,18715253.72573403,17355525.55584422,545163.219575521,681169.5217856169,5150760.293214987,27344.66722719199,115135.3457906714,113729.7047819211,603169.5106371151,83832.3545775171,33436.13887027901,54248.00086985232,286669.9195931409,69949.9901934504,217512.1269468216,0,54837.89334245434,18582.87325640027,0,0,0,561329.4251026666,867578.1553543579,1444.136566398594,20430.42010889874,75918.7323663615,BO,0.0,845.730791885756,optimal,41.7173518976241,5.1886386250259555,0.08993412515588298
214.0,214.0,ok,optimal,lcom,848.6404425600799,USD/ton,-16497427.39970284,-25525239.83422973,18091.7290051,5786765.581965809,116886282.6709938,3241046.852561077,0,0,0,799.0348649024963,01.01.2025 00:00:00,31.12.2025 22:00:00,1,,,1.0,1.0,1.697472771157121,19.31527291304038,43.67339651057789,20000,205479.4520547945,2170555.387099036,18204,12540038.28734183,155763.0491549271,4.221378501746885,0,149335.4858777978,29697.39775978934,0.7412869603632487,5.241260221383467,79334.47687258008,19629,23218,154515.9294398504,288,2.643844956421693,3173581.711584006,16547988.94395866,9339413.039856786,17237350.05768161,1999119.308959896,1109965.981441536,1349904.374525022,5734707.685855009,1660485.400665661,11169232.08053649,0,1333666.071840227,451938.3599329736,1711767.746226563,524126.0221383466,892357.3242466211,18623168.16713727,17576892.35734889,543185.7827320116,681169.5217856169,5226262.732540588,47604.75843284918,116807.6505181014,112047.3690452955,603169.5106371151,83832.3545775171,33291.37693652388,53983.84708716968,286669.9195931409,69631.86251841,223333.6502398837,0,55926.8106317698,18951.87379126193,0,0,0,558567.4890677679,878643.9684113092,1438.898339110115,20430.42010889874,76715.09262495286,BO,0.0,848.6404425600799,optimal,44.62700257194797,5.55052942555372,0.10545740493030159
215.0,215.0,ok,optimal,lcom,912.4840238762589,USD/ton,-14024936.38212382,-22667235.17671817,16283.21183,5449034.265830575,110096148.5462437,3193264.528763775,0,0,0,819.685714006424,01.01.2025 00:00:00,31.12.2025 22:00:00,1,,,1.0,1.0,1.784446185717296,10.76602843263115,45.44817536249143,20000,205479.4520547945,2201556.507767336,18464,12540038.28734183,154088.6896169125,4.186800981118044,0,148112.2715080319,29454.14490216544,0.6861777914540214,5.166900648643123,78684.64423864197,19418,23265,156722.8148306634,288,2.538476680974588,3319557.988360942,9778774.431305345,9641823.327682521,17237350.05768161,1999119.308959896,1122630.508322041,1367244.147041919,5734707.685855009,1648505.107749453,11086859.2962651,0,1326336.98002684,449454.7564254106,1584510.553122909,516690.0648643123,887453.4214647748,18477816.42885815,17608199.62056533,548371.5316249623,681169.5217856169,5079573.808281546,49794.45008866109,69025.6483815375,115675.4639778678,603169.5106371151,83832.3545775171,33671.22599960423,54677.27963375866,286669.9195931409,69129.47321168242,221686.5706144357,0,55619.46778290768,18847.7247647667,0,0,0,554207.9324792454,880208.9741832815,1452.635380296243,20430.42010889874,75165.47734905804,BO,0.0,912.4840238762589,optimal,108.47058388812695,13.491140631893925,0.1064794516146599
216.0,216.0,ok,optimal,lcom,904.990123087871,USD/ton,-14218673.44560873,-22844149.36148935,16395.1676516,5437844.863960924,109800943.3602258,3187631.051919693,0,0,0,875.4343528747559,01.01.2025 00:00:00,31.12.2025 22:00:00,1,,,1.0,1.0,1.822700147768544,10.96986138699852,45.13631594971002,20000,205479.4520547945,2231484.512720196,18715,12540038.28734183,153715.728013658,4.077016952759408,0,144228.5517208168,28681.81426266244,0.7486036687931026,5.008579092683989,76621.41810168394,19371,23363,158853.3080348714,288,2.288147438434859,3383536.421669395,9945244.946711149,9588858.167914627,17237350.05768161,1999119.308959896,1134822.851145788,1383960.544303868,5734707.685855009,1645830.672685269,10824870.66065561,0,1302933.386184042,441523.999213257,1728663.369876318,500857.9092683989,871794.0530364417,18445380.47468102,17673454.20658193,553354.960319552,681169.5217856169,4723510.161696997,50754.14740839416,70200.71743983467,115040.0271706799,603169.5106371151,83832.3545775171,34036.9127751192,55345.78286307443,286669.9195931409,69017.32173198315,216447.9939701205,0,54638.04642970269,18515.15129218923,0,0,0,553235.0760180012,883470.958568746,1465.836475574645,20430.42010889874,71360.8748596002,BO,0.0,904.990123087871,optimal,100.97668309973903,12.559079000125864,0.10618575278308667
217.0,217.0,ok,optimal,lcom,937.0482424188078,USD/ton,-13377909.27519534,-22047148.25764865,15890.9371657,5457883.267768431,110296891.9309647,3211355.714684883,0,0,0,822.9410781860352,01.01.2025 00:00:00,31.12.2025 22:00:00,1,,,1.0,1.0,2.428745736346436,9.885371418128509,43.83442499576273,20000,205479.4520547945,2225045.818427549,18661,12540038.28734183,157683.4046440244,4.094942066731234,0,144862.6705526841,28807.91743945423,0.6229524620262725,5.052284608692662,76958.29373111344,19871,23372,158394.954915241,288,2.6231424949825,4380977.22981659,9055827.691471761,9366951.229460992,17237350.05768161,1999119.308959896,1132202.572816201,1380366.090851673,5734707.685855009,1674173.637236855,10867694.86526301,0,1306768.708490287,442823.6718295867,1438511.654658627,505228.4608692662,874360.2710898874,18789347.0215521,17679445.32598021,552284.6997715809,681169.5217856169,5197582.225523937,65716.08412160179,63922.56845952005,112377.7518734512,603169.5106371151,83832.3545775171,33958.32237234346,55202.03755104553,286669.9195931409,70205.87383260932,217304.2825551036,0,54798.87930148537,18569.65259939912,0,0,0,563551.716488881,883770.4461468862,1463.001356958055,20430.42010889874,76412.89310892642,BO,0.0,937.0482424188078,optimal,133.03480243067588,16.546340622445268,0.12669590013377205
218.0,218.0,ok,optimal,lcom,851.8133124934496,USD/ton,-16435488.05977245,-25496648.27769937,18073.610406,5811275.406536728,117396938.7444625,3249884.811390183,0,0,0,808.8505039215088,01.01.2025 00:00:00,31.12.2025 22:00:00,1,,,1.0,1.0,1.809556587069121,19.67662475832163,43.30234437223356,20000,205479.4520547945,2203464.269039232,18480,12540038.28734183,154509.2633397313,4.212294597472781,0,149014.1336801971,29633.49249322101,0.7407678906836253,5.031815069738453,79163.7585176047,19471,23422,156858.6231624058,288,2.716451336402328,3361569.553460285,16826353.21445927,9275880.294627817,17237350.05768161,1999119.308959896,1123408.69429109,1368310.409116318,5734707.685855009,1651518.398775185,11147598.37862601,0,1331742.561695246,451286.5415815949,1710569.118996983,503181.5069738452,891070.3016535013,18514367.25494053,17712724.28474787,548689.8647392499,681169.5217856169,5326321.791495604,50424.63723671529,118772.5464662119,111285.1501648636,603169.5106371151,83832.3545775171,33694.56624863482,54719.92037918144,286669.9195931409,69255.8344951647,222901.0749669346,0,55846.14892049289,18924.54002138236,0,0,0,555304.2069135929,885434.0141884796,1453.478644247535,20430.42010889874,77766.48782761041,BO,0.0,851.8133124934496,optimal,47.799872505317694,5.945158392628769,0.12045971125369917
219.0,219.0,ok,optimal,lcom,852.981712184144,USD/ton,-16345130.58754551,-25368436.47324755,17992.556322,5785093.207102288,116880364.5393336,3238212.678599757,0,0,0,800.756637096405,01.01.2025 00:00:00,31.12.2025 22:00:00,1,,,1.0,1.0,1.715790230437947,19.10105829441303,43.51372175084371,20000,205479.4520547945,2049054.841095194,17185,12540038.28734183,158595.9702690087,4.091815463124738,0,144752.0638235008,28785.92178308254,0.8556630678490676,5.047407385550098,76899.53390623478,19986,23235,145866.6363120099,288,2.743989979461199,3204386.706938145,16382725.14529061,9312086.297709871,17237350.05768161,1999119.308959896,1059975.522231124,1281703.125602759,5734707.685855009,1680659.079094143,10860226.5680641,0,1306100.128583856,442597.1106890011,1975883.186267796,504740.7385550098,873912.9235949297,18868121.02691216,17588217.13816716,522620.9435835308,681169.5217856169,5364062.323767299,48066.84338784058,115641.099337563,111719.5230073193,603169.5106371151,83832.3545775171,31792.00556061706,51256.41997273506,286669.9195931409,70477.83852172778,217154.9507064606,0,54770.8426417782,18560.15183884624,0,0,0,565914.3971017007,879210.0781739029,1384.422110468809,20430.42010889874,78161.90132212543,BO,0.0,852.981712184144,optimal,48.968272196012094,6.090479307999493,0.14322396994949108
220.0,220.0,ok,optimal,lcom,970.6781108415105,USD/ton,-12022454.66266734,-20831332.12506913,14747.4440777,5664870.616712482,114466349.3812473,3144006.845689307,0,0,0,730.1047236919403,01.01.2025 00:00:00,31.12.2025 22:00:00,1,,,1.0,1.0,3.296358182011299,19.44896751335015,41.8395297414771,20000,205479.4520547945,2019842.246619296,16940,12540038.28734183,158183.3318994506,2.670473665277308,0,94470.67638285006,18786.78223522586,0.8901910145583788,5.122233092484809,50187.54682838909,19934,22008,143787.0712322053,288,2.717111103096015,5767108.289064255,16651039.60955372,9024339.877594396,17237350.05768161,1999119.308959896,1047868.854005187,1265245.863027513,5734707.685855009,1677728.060947106,7396800.747407923,0,981311.4960593405,332536.245373993,2055614.557087359,512223.3092484809,656596.519447837,18832516.9579399,16768228.02408714,517617.0845592304,681169.5217856169,5327227.311561774,86508.50109038346,117535.0564991695,108267.35431229,603169.5106371151,83832.3545775171,31428.88843622406,50598.27976436064,286669.9195931409,70354.92732204385,147902.2460187221,0,41150.9472796008,13944.78874128474,0,0,0,564846.5188960192,838219.9830762271,1371.166895277068,20430.42010889874,77775.98244103232,BO,0.0,970.6781108415105,optimal,166.66467085337854,20.7290901574778,0.16148630315178794
221.0,221.0,ok,optimal,lcom,930.577541322385,USD/ton,-13141793.39568357,-21806571.58121374,15516.0136621,5553147.673461867,112231044.169475,3111630.512068304,0,0,0,760.4335157871246,01.01.2025 00:00:00,31.12.2025 22:00:00,1,,,1.0,1.0,1.607125106626526,19.42200856958362,40.94839582475668,20000,205479.4520547945,2046670.139505325,17165,12540038.28734183,159016.5439918276,2.814007431836091,0,99548.32690863358,19796.5422829669,0.9644973231247054,5.185656006964942,52885.04867021159,20039,21957,145696.875897332,288,2.721464707150981,3021147.067752048,16630265.60133308,8870243.091853958,17237350.05768161,1999119.308959896,1058988.522926852,1280360.559450761,5734707.685855009,1683643.874506089,7753667.378556085,0,1016343.787352849,344407.6100327915,2227201.471664498,518565.6006964942,680036.6611601989,18904383.58511671,16734028.51480442,522213.3517224246,681169.5217856169,5333200.91626361,45318.18916950546,117388.4185542015,106418.6150663794,603169.5106371151,83832.3545775171,31762.4023417581,51202.72958753326,286669.9195931409,70603.00485181832,155037.9494232574,0,42620.01390919995,14442.61018042296,0,0,0,567002.0254741509,836510.398017448,1383.342400228547,20430.42010889874,77838.60817572854,BO,0.0,930.577541322385,optimal,126.564101334253,15.74154050660163,0.1519273592500001
222.0,222.0,ok,optimal,lcom,875.8109496940843,USD/ton,-15592277.18890077,-24609741.72892762,17512.3736239,5813183.724059031,117497426.845467,3204280.815967823,0,0,0,797.6170358657837,01.01.2025 00:00:00,31.12.2025 22:00:00,1,,,1.0,1.0,3.069692718395843,19.74166311671766,41.82775723023526,20000,205479.4520547945,2105214.563536617,17656,12540038.28734183,158913.3843994381,3.503015321896974,0,123922.6700274273,24643.71278954521,0.9640694500905359,5.154195989303389,65833.91845207078,20026,22122,149864.4940776752,288,2.946167877810673,5408944.975744047,16876400.41435009,9022308.456439635,17237350.05768161,1999119.308959896,1083153.639348417,1313275.821801437,5734707.685855009,1682911.996253215,9443049.87692153,0,1176979.478442623,398842.0987782691,2226213.434239676,515419.5989303389,787518.1653433165,18895491.43915303,16844639.63922857,532175.0072937161,681169.5217856169,5637756.228917003,81135.93483570614,119125.815727755,108242.9828239703,603169.5106371151,83832.3545775171,32487.19031990904,52519.03948555711,286669.9195931409,70572.31379854924,188817.8867807061,0,49356.21427147288,16725.30103399236,0,0,0,566735.32200035,842039.691554587,1409.730811177422,20430.42010889874,81011.18760741914,BO,0.0,875.8109496940843,optimal,71.7975097059524,8.929889245012147,0.16583313215545423
223.0,223.0,ok,optimal,lcom,966.0004096271309,USD/ton,-12211156.63172576,-21107594.51762249,14911.1539345,5717864.217305141,115542300.871877,3178573.668591594,0,0,0,732.7492806911469,01.01.2025 00:00:00,31.12.2025 22:00:00,1,,,1.0,1.0,3.56688530013599,18.66763305072327,44.60667291486796,20000,205479.4520547945,2055255.065228855,17237,12540038.28734183,158461.0692635763,2.700470563933673,0,95531.84666971762,18997.81041727339,0.9333086511856902,5.210926259627209,50751.29354328749,19969,22666,146308.0133901725,288,2.772330981153563,6191378.852652676,16047773.57046624,9498737.218461158,17237350.05768161,1999119.308959896,1062540.646186338,1285193.066895297,5734707.685855009,1679701.138807452,7471537.031242368,0,988683.2030035709,335034.2898370159,2155181.099625731,521092.625962721,661528.9360570464,18856484.04103374,17208624.62476214,523679.9505684301,681169.5217856169,5402784.002032871,92872.69761195802,113276.76935009,113958.8226839491,603169.5106371151,83832.3545775171,31868.94170993134,51395.98575282664,286669.9195931409,70437.66763777002,149396.6304986719,0,41460.07717876214,14049.54334409206,0,0,0,565565.3672307311,860234.7857515217,1387.227418413383,20430.42010889874,78566.947506205,BO,0.0,966.0004096271309,optimal,161.98696963899897,20.14729624935002,0.14813658303311147
224.0,224.0,ok,optimal,lcom,904.6739700628821,USD/ton,-13673920.67822502,-22397010.96296699,15762.4770064,5583203.197782729,112695341.8670859,3139887.086959245,0,0,0,912.6101794242859,01.01.2025 00:00:00,31.12.2025 22:00:00,1,,,1.0,1.0,1.401031153419698,17.33992754501838,54.77382726521096,20000,205479.4520547945,2087687.006851077,17509,12540038.28734183,158778.4833940056,2.859803203467179,0,101168.3981258549,20118.71553639161,1.051080214359869,5.357534376760807,53745.71150436044,20009,22575,148616.7550297924,288,2.234966807479299,2670116.207944383,15016786.58446861,11194494.26288266,17237350.05768161,1999119.308959896,1075933.132117667,1303431.0697781,5734707.685855009,1681954.688077769,7867141.904062983,0,1027396.176855738,348152.9244639996,2427137.270506515,535753.4376760807,687431.8262105628,18883860.8526594,17147811.11023456,529202.296183436,681169.5217856169,4646391.548681264,40052.61203858654,105999.319023228,134303.2613072964,603169.5106371151,83832.3545775171,32270.6245585155,52125.3393110348,286669.9195931409,70532.16942195086,157306.9218833119,0,43083.49191753206,14599.66860409687,0,0,0,566386.4840670925,857194.804243345,1401.856103820903,20430.42010889874,70528.32956276204,BO,0.0,904.6739700628821,optimal,100.66053007475011,12.519757141900012,0.08700102349868231
225.0,225.0,ok,optimal,lcom,834.5604600737319,USD/ton,-17376050.989922,-26686565.85408695,18825.0506088,6021270.673245609,121633290.0759594,3289244.190919342,0,0,0,840.5650608539581,01.01.2025 00:00:00,31.12.2025 22:00:00,1,,,1.0,1.0,3.760815726851953,17.81718330573137,54.70668460049247,20000,205479.4520547945,2276436.137689232,19092,12540038.28734183,154469.5865734276,4.220199041976871,0,149293.7613089738,29689.10026030729,1.103041560239112,5.368985760422267,79312.31069539233,19466,22673,162053.2918515504,288,2.836019363388264,6493532.204098301,15388263.04240341,11183514.99933944,17237350.05768161,1999119.308959896,1153074.446320015,1409026.443557192,5734707.685855009,1651234.241768242,11166423.41044062,0,1333416.399307229,451853.7536004998,2547125.562062357,536898.5760422266,892190.2681010178,18510920.23366267,17213301.37247433,560798.7997942957,681169.5217856169,5489369.748705448,97405.09621154076,108621.4679998256,134171.5402249518,603169.5106371151,83832.3545775171,34584.33561942018,56348.18992088544,286669.9195931409,69243.91847251666,223277.4896605076,0,55916.34070322641,18948.32585491232,0,0,0,555200.8198849919,860468.5697496003,1485.555195388959,20430.42010889874,79470.33650490304,BO,0.0,834.5604600737319,optimal,30.54702008559991,3.7993170967454,0.11431262613128622
226.0,226.0,ok,optimal,lcom,864.6461794602546,USD/ton,-15963775.82183342,-24990512.8575276,17753.304951,5788241.960113958,117003835.4227593,3238495.075580223,0,0,0,825.8273587226868,01.01.2025 00:00:00,31.12.2025 22:00:00,1,,,1.0,1.0,3.188209009638993,17.84395960202122,40.12699396346559,20000,205479.4520547945,2096271.932574607,17581,12540038.28734183,154596.5522255993,4.209159968836583,0,148903.243057563,29611.44038076537,0.5884366664679336,5.386829369395045,79104.84787433033,19482,22577,149227.8925226329,288,2.967465492407515,5596535.412099021,15409074.90504217,8727609.55525894,17237350.05768161,1999119.308959896,1079471.215707247,1308254.017591939,5734707.685855009,1652143.459444498,11140132.04578784,0,1331078.488757818,451061.5077140066,1358808.343078504,538682.9369395045,890625.9697760841,18521949.84505161,17149147.98674102,530659.3427780798,681169.5217856169,5666253.816708916,83949.85242742745,108768.3731486006,104707.4034040518,603169.5106371151,83832.3545775171,32376.74283275366,52318.21317840282,286669.9195931409,69282.04619119878,222751.7823965386,0,55818.30125892194,18915.10330647742,0,0,0,555531.6326813766,857261.6328075207,1405.715818105939,20430.42010889874,81306.0712121748,BO,0.0,864.6461794602546,optimal,60.632739472122694,7.541259443749808,0.17471448776768225
227.0,227.0,ok,optimal,lcom,853.8134157166859,USD/ton,-16222205.79036265,-25175200.83849907,17870.199625,5732178.603036018,115858693.520982,3220816.445100396,0,0,0,846.8792126178741,01.01.2025 00:00:00,31.12.2025 22:00:00,1,,,1.0,1.0,1.439602245267957,16.65018415598707,40.49859163539149,20000,205479.4520547945,2271666.734509493,19052,12540038.28734183,155199.639073415,4.654481712799359,0,164656.9450719901,32744.27884954349,1.124379048028523,5.395955701205549,87474.00206949476,19558,22517,161713.7710221945,288,2.882357530649655,2736184.722243573,14478100.77688632,8792207.807952642,17237350.05768161,1999119.308959896,1151141.379097292,1406369.295547892,5734707.685855009,1656458.883332339,12195472.91101509,0,1423857.46304087,482501.4448610088,2596397.740498518,539595.5701205549,952704.4757722155,18574306.52924975,17109035.50328231,560011.3176944458,681169.5217856169,5552001.126105056,41043.6612533428,102196.8857629552,105482.405454862,603169.5106371151,83832.3545775171,34526.35684292494,56241.92826670528,286669.9195931409,69463.0119514195,243853.7817084909,0,59708.95442533144,20233.525847338,0,0,0,557101.9745998947,855256.4665396477,1483.469156465308,20430.42010889874,80121.8183743466,BO,0.0,853.8134157166859,optimal,49.79997572855393,6.193923291790872,0.14231232013082762
228.0,228.0,ok,optimal,lcom,866.9901764701048,USD/ton,-16122694.74255605,-25328656.95113916,17967.1326616,5922283.183832326,119691619.3502596,3283679.024750782,0,0,0,814.6214213371277,01.01.2025 00:00:00,31.12.2025 22:00:00,1,,,1.0,1.0,2.885685277219942,19.98770297900165,40.30748993779618,20000,205479.4520547945,2272859.085304428,19062,12540038.28734183,154318.8148614737,4.586446930821141,0,162250.1466247287,32265.65415832673,0.5976302816638521,4.99952943329774,86195.39039438713,19447,22948,161798.6512295335,288,2.984353210400227,5116243.632740876,17065580.13688813,8759001.711383708,17237350.05768161,1999119.308959896,1151624.721936155,1407033.634806001,5734707.685855009,1650154.225397682,12034919.39280907,0,1409879.174753379,477764.6334381896,1380038.089189079,499952.943329774,943351.5888711021,18497819.33147759,17396894.24033579,560208.2393276242,681169.5217856169,5688807.079293303,76745.31943866888,120461.1827617898,105084.0232716418,603169.5106371151,83832.3545775171,34540.85381752346,56268.49577000446,286669.9195931409,69198.62837156047,240643.4443261842,0,59122.77989595159,20034.88935126452,0,0,0,554807.8825516461,869646.1173336795,1483.990801581809,20430.42010889874,81539.2121426136,BO,0.0,866.9901764701048,optimal,62.97673648197281,7.8327964869470845,0.168738219571864
229.0,229.0,ok,optimal,lcom,866.3734624540999,USD/ton,-16198013.60192455,-25445823.4971708,18041.2478879,5950134.628940953,120246518.1428367,3297675.266305299,0,0,0,810.0819494724274,01.01.2025 00:00:00,31.12.2025 22:00:00,1,,,1.0,1.0,2.765334249380378,20.18836088100534,40.69420045205073,20000,205479.4520547945,2266062.6857733,19005,12540038.28734183,154834.6128234213,4.701732196620179,0,166328.4781876355,33076.68600322297,0.6129900159541879,5.01496306319242,88362.00403718135,19512,23161,161314.8340477014,288,2.974469670616,4923795.636502652,17219693.28581559,8826164.628952254,17237350.05768161,1999119.308959896,1148868.98753691,1403246.433608605,5734707.685855009,1653847.578721628,12306839.88209397,0,1433525.792704775,485777.7440365343,1415506.53684115,501496.306319242,959173.5649775155,18542623.65510135,17538913.76714048,559085.328697192,681169.5217856169,5675612.439504787,73858.53686793313,121549.0246077765,105889.794274471,603169.5106371151,83832.3545775171,34458.20066043925,56117.04230842093,286669.9195931409,69353.50782475036,246080.6127016932,0,60114.39237839614,20370.91628369348,0,0,0,556151.7053814301,876745.472446439,1481.016212974259,20430.42010889874,81402.8394402097,BO,0.0,866.3734624540999,optimal,62.36002246596797,7.756092045785761,0.1655529117628692
230.0,230.0,ok,optimal,lcom,869.1054354300679,USD/ton,-15975479.65352086,-25121936.60091913,17836.3755566,5873000.869392239,118700261.1250441,3273456.078006034,0,0,0,824.1594886779785,01.01.2025 00:00:00,31.12.2025 22:00:00,1,,,1.0,1.0,2.69793645482558,19.54704766021985,39.21132057443415,20000,205479.4520547945,2262843.338626977,18978,12540038.28734183,155651.9542092768,4.518455835010033,0,159844.8936193149,31787.33679929559,0.5550121257324241,5.426463494954237,84917.59973526107,19615,22939,161085.6574878862,288,2.966339789824462,4815658.644692584,16726593.89488131,8567915.662681563,17237350.05768161,1999119.308959896,1147563.06290491,1401452.099918643,5734707.685855009,1659691.820422518,11874230.84981229,0,1395841.33157324,473007.6406963152,1281624.939318853,542646.3494954237,933958.8537307851,18613537.33010734,17390889.9416996,558553.0358321983,681169.5217856169,5664749.092994408,72236.44680042897,118068.3731810684,102791.5142106372,603169.5106371151,83832.3545775171,34419.0318661685,56045.28534743151,286669.9195931409,69598.58401420533,237430.4070644967,0,58534.10795340842,19835.40655878078,0,0,0,558278.629921507,869345.9709440917,1479.606169958208,20430.42010889874,81290.50905717936,BO,0.0,869.1054354300679,optimal,65.09199544193598,8.09588399951334,0.16491182581127437
231.0,231.0,ok,optimal,lcom,860.0906678149814,USD/ton,-16124779.99312187,-25160348.38101012,17860.69306,5810999.653030923,117450346.7319851,3224568.734857333,0,0,0,808.954231262207,01.01.2025 00:00:00,31.12.2025 22:00:00,1,,,1.0,1.0,2.373160730238756,20.03652786323418,40.29045774113528,20000,205479.4520547945,2127988.463719868,17847,12540038.28734183,153549.0855951826,4.347312843997715,0,153790.5391692632,30583.34585752393,0.5788351500736506,5.603715316653082,81701.22393367106,19350,22205,151485.7060378494,288,2.933638519818011,4290635.164693552,17103093.75057047,8756040.646928243,17237350.05768161,1999119.308959896,1092517.459264687,1326055.074618031,5734707.685855009,1644635.02033119,11468675.24770851,0,1360193.593833676,460927.7201903453,1336636.678180277,560371.5316653082,910106.9161758098,18430880.82063454,16900242.925541,536025.3389587859,681169.5217856169,5620962.26840856,64360.92374529614,120725.9809249695,105048.4986106816,603169.5106371151,83832.3545775171,32768.0407816443,53030.09289271568,286669.9195931409,68967.1824773377,229321.1465226815,0,57039.23279679546,19328.8394046415,0,0,0,552800.1857093058,844819.2211294969,1419.930334092081,20430.42010889874,80837.25461100294,BO,0.0,860.0906678149814,optimal,56.07722782684948,6.974662989175559,0.17136115348384112
232.0,232.0,ok,optimal,lcom,863.8032646726475,USD/ton,-15886617.58007437,-24834541.76180539,17654.3902629,5706979.794155994,115348599.2402963,3240944.387575032,0,0,0,850.6855459213257,01.01.2025 00:00:00,31.12.2025 22:00:00,1,,,1.0,1.0,1.429891520580899,17.06318461832702,39.27269640248067,20000,205479.4520547945,2269401.267999118,19033,12540038.28734183,153437.9906495323,4.829370763543048,0,170843.8201310989,33974.62332152535,0.6008216633700576,5.406902338216823,90760.7794446463,19336,22994,161552.4986282505,288,2.861400063292733,2719568.057299393,14800914.12541708,8578642.78232173,17237350.05768161,1999119.308959896,1150222.887882828,1405106.954872035,5734707.685855009,1643837.680862667,12607121.66840933,0,1459484.18558894,494574.243965769,1387407.575720857,540690.2338216823,976542.3520412017,18421211.98049399,17427578.46743708,559637.0725937494,681169.5217856169,5523712.397285827,40794.40587172149,104475.5353877198,102920.2102569503,603169.5106371151,83832.3545775171,34498.80839752675,56191.44616789638,286669.9195931409,68933.74633135866,252084.877538774,0,61202.9483173911,20739.79436805973,0,0,0,552510.1867300216,871179.9784121788,1482.477781744298,20430.42010889874,79827.76709701771,BO,0.0,863.8032646726475,optimal,59.789824684515565,7.4364210485583575,0.14725167761691743
233.0,233.0,ok,optimal,lcom,865.7018893874414,USD/ton,-15853814.39041901,-24823407.25766039,17647.4263907,5741641.754451171,116060422.7783366,3227951.112790212,0,0,0,820.5634138584137,01.01.2025 00:00:00,31.12.2025 22:00:00,1,,,1.0,1.0,1.355193141934503,20.00352604937634,38.30791128331683,20000,205479.4520547945,2276436.137689232,19092,12540038.28734183,152811.0977419344,4.446066640071709,0,157284.0534591768,31278.07881290447,0.5307143005301054,4.977659863259394,83557.15340018766,19257,22935,162053.2918515504,288,2.928052388276396,2591362.832953889,17077738.47601768,8409628.019027624,17237350.05768161,1999119.308959896,1153074.446320015,1409026.443557192,5734707.685855009,1639334.831774518,11702881.87543358,0,1380818.587019078,467916.8952099795,1225516.798060845,497765.9863259394,923907.1200800261,18366615.95941944,17388221.27379298,560798.7997942957,681169.5217856169,5613467.859267407,38871.28578550488,120547.005095412,100892.496151567,603169.5106371151,83832.3545775171,34584.33561942018,56348.18992088544,286669.9195931409,68744.92096226994,234004.2098436919,0,57904.13452333477,19621.92796410079,0,0,0,550872.6800431352,869212.5680130062,1485.555195388959,20430.42010889874,80759.59875582284,BO,0.0,865.7018893874414,optimal,61.688449399309434,7.672564453676299,0.16581740610152604
234.0,234.0,ok,optimal,lcom,861.8590951781948,USD/ton,-16052003.30878185,-25076732.05832278,17807.7080435,5784728.49301074,116920497.7821245,3240000.256530192,0,0,0,809.6024556159973,01.01.2025 00:00:00,31.12.2025 22:00:00,1,,,1.0,1.0,1.427577608125443,19.83099024979335,39.56038896254908,20000,205479.4520547945,2267135.801488742,19014,12540038.28734183,152668.2613832412,4.566388811883424,0,161540.570609188,32124.54529159989,0.6367013288940844,5.583574436858465,85818.42813613113,19239,23003,161391.2262343065,288,2.918939914586457,2715606.905979519,16945111.03734316,8628880.413279524,17237350.05768161,1999119.308959896,1149304.213270283,1403844.488174668,5734707.685855009,1638308.01407116,11987539.43900291,0,1405745.042066977,476363.7031862417,1470260.313558483,558357.4436858464,940585.436488574,18354167.75067091,17433581.04117239,559262.7041859662,681169.5217856169,5601233.261705752,40734.98731287038,119610.8249010531,103522.9241910987,603169.5106371151,83832.3545775171,34471.25445144224,56140.95902937791,286669.9195931409,68701.86172843204,239696.0615557819,0,58949.41651754611,19976.14184125184,0,0,0,550499.319042383,871480.0385764132,1481.486080382997,20430.42010889874,80632.7763854872,BO,0.0,861.8590951781948,optimal,57.84565519006287,7.194612964544067,0.15908793628754714
235.0,235.0,ok,optimal,lcom,865.0065110042004,USD/ton,-16165388.04407313,-25354005.56825995,17983.2251796,5947640.492526449,120188922.4998588,3240977.03166037,0,0,0,796.1850492954254,01.01.2025 00:00:00,31.12.2025 22:00:00,1,,,1.0,1.0,1.458848638956984,25.13226842032124,39.71370142247561,20000,205479.4520547945,2254258.412903448,18906,12540038.28734183,152747.6149158486,4.381651390691696,0,155005.2995971094,30824.91753351608,0.638720340100233,5.569063004493207,82346.5654109644,19249,22469,160474.5199950457,288,2.945809145089752,2769085.470906591,20972151.12760032,8655622.37466947,17237350.05768161,1999119.308959896,1144078.778582138,1396665.960867386,5734707.685855009,1638878.507470833,11550173.01703061,0,1367382.654256787,463363.871372175,1474922.581272273,556906.3004493207,914917.1238120908,18361083.81741146,17076936.28192821,557132.364851288,681169.5217856169,5637275.693095719,41537.18318997545,148036.5806275138,103843.7544621304,603169.5106371151,83832.3545775171,34314.52720144644,55853.88349441366,286669.9195931409,68725.78516549316,230950.7298438869,0,57340.70347929464,19430.99853479659,0,0,0,550706.7536742792,853651.87190141,1475.842814620422,20430.42010889874,81006.21235443676,BO,0.0,865.0065110042004,optimal,60.993071016068484,7.5860760507895,0.16754480497063726
236.0,236.0,ok,optimal,lcom,855.0613260429898,USD/ton,-16334410.04698483,-25401605.8051963,18013.4146736,5869207.364033855,118596673.4217411,3197988.394177616,0,0,0,842.7484037876129,01.01.2025 00:00:00,31.12.2025 22:00:00,1,,,1.0,1.0,1.213973134884481,25.61462039785202,45.58217883632864,20000,205479.4520547945,2137288.799920358,17925,12540038.28734183,152541.2957310695,3.651661410183951,0,129181.1740466674,25689.43802064409,0.5857710383531448,4.980154006752754,68627.49871229207,19223,22418,152147.7716550933,288,2.863468844605415,2347012.043769293,21334063.81453382,9664559.682702996,17237350.05768161,1999119.308959896,1096335.655403621,1331269.886998584,5734707.685855009,1637395.021048104,9802930.016305638,0,1210211.741868336,410103.4894266446,1352652.918156293,498015.4006752754,809753.9065797334,18343099.98723146,17042821.84137243,537593.8111098171,681169.5217856169,5526507.630276926,35205.94443016827,150591.2216051312,115948.2379467299,603169.5106371151,83832.3545775171,32882.56051378396,53238.63776408047,286669.9195931409,68663.57569192957,196013.8465922629,0,50749.79737500825,17197.54343075143,0,0,0,550167.3619457984,851946.5393078739,1424.085214512014,20430.42010889874,79856.83744291351,BO,0.0,855.0613260429898,optimal,51.04788605485783,6.349133424387948,0.1530758168894559
237.0,237.0,ok,optimal,lcom,923.4733507331598,USD/ton,-14009654.27888929,-22901776.87273585,16431.5090898,5747972.31942172,116242848.3452518,3144150.274424833,0,0,0,796.7328913211823,01.01.2025 00:00:00,31.12.2025 22:00:00,1,,,1.0,1.0,1.215163254446221,25.17111895083405,30.31534387622789,20000,205479.4520547945,2185817.477274199,18332,12540038.28734183,152247.6876604224,3.293670606396149,0,116516.8913718702,23170.9727159969,1.139047257242382,5.65419212586171,61899.59854130602,19186,22360,155602.3960937891,288,3.137760024313937,2349082.747969538,21001326.55335146,6973904.677598255,17237350.05768161,1999119.308959896,1116205.314605208,1358443.951097266,5734707.685855009,1635282.763605533,8933601.952091284,0,1129375.69157997,382710.6414250646,2630269.329734195,565419.212586171,755666.4231675938,18317496.0758124,17004013.70555659,545741.7998120872,681169.5217856169,5891960.930977047,35237.00566702842,148242.5218416637,83667.74954302124,603169.5106371151,83832.3545775171,33478.51419627538,54325.35216305879,286669.9195931409,68574.99893010702,178631.2540884067,0,47359.96646294223,16048.83412847809,0,0,0,549399.4199724828,850006.575532331,1445.669224593825,20430.42010889874,83630.2077577721,BO,0.0,923.4733507331598,optimal,119.45991074502786,14.857949482385669,0.22331314843036365
238.0,238.0,ok,optimal,lcom,889.2407170672299,USD/ton,-16000645.62226116,-25679223.40466122,18188.3110878,6301054.932396576,127304239.1411967,3377522.850003477,0,0,0,840.6462922096252,01.01.2025 00:00:00,31.12.2025 22:00:00,1,,,1.0,1.0,1.166259309335571,25.49830603629692,29.77008644270949,20000,205479.4520547945,2151120.0691416,18041,12540038.28734183,152001.6917093396,7.351982797596214,0,260083.7434477637,51721.19898108937,1.138276984700949,5.569913203372193,138169.4887066245,19155,22422,153132.3820602253,288,3.098404002420825,2263824.527068369,21246855.02171188,6873375.718816823,17237350.05768161,1999119.308959896,1102007.860623711,1339021.056385044,5734707.685855009,1633511.999270274,18402570.25322933,0,1934121.394728672,655414.1771326918,2628490.628957396,556991.3203372194,1294122.591112138,18296033.69437614,17045497.82008072,539922.2520946772,681169.5217856169,5840132.250989507,33958.10460845481,149975.6389969636,82461.67745944895,603169.5106371151,83832.3545775171,33052.68781966597,53548.6137526038,286669.9195931409,68500.7425598337,367967.3910269573,0,81106.69024712477,27484.55954892776,0,0,0,548755.6955320077,852080.3076955866,1430.253251254396,20430.42010889874,83098.28258797599,BO,0.0,889.2407170672299,optimal,85.22727707909792,10.600230399177898,0.22552033323541215
239.0,239.0,ok,optimal,lcom,927.6346146994124,USD/ton,-14091530.46504824,-23154872.56033804,16591.6735934,5876956.518091985,118818565.4236859,3186385.577197821,0,0,0,796.9381995201111,01.01.2025 00:00:00,31.12.2025 22:00:00,1,,,1.0,1.0,1.03588959775279,26.03820088565914,31.98715460694743,20000,205479.4520547945,2186890.59298964,18341,12540038.28734183,163555.5660569668,3.312560772126135,0,117185.1498747342,23303.86503190736,1.465269442613473,5.617420833998621,62254.61087095253,20611,22514,155678.7882803942,288,3.113734324960904,2034741.648526417,21651317.76886518,7279918.131937527,17237350.05768161,1999119.308959896,1116643.689238968,1359044.165255541,5734707.685855009,1715693.305509387,8979701.897870488,0,1133711.386419713,384179.8748834368,3383576.274116621,561742.0833998622,758567.4409917968,19294085.95466049,17107029.54268291,545921.297768383,681169.5217856169,5860344.387277044,30521.78688129971,152830.629012794,87339.07260206694,603169.5106371151,83832.3545775171,33491.66243272219,54349.35524798196,286669.9195931409,71946.98629996608,179553.0425419451,0,47541.78227829463,16110.44590906936,0,0,0,578690.4273661526,855156.1914087712,1446.144714415906,20430.42010889874,83305.84558566986,BO,0.0,927.6346146994124,optimal,123.62117471128045,15.375510975675386,0.22214443059961952
240.0,240.0,ok,optimal,lcom,909.1838427482116,USD/ton,-14187908.25400475,-22887567.96632151,16422.5891358,5596212.764490869,113210147.5225689,3103446.947825884,0,0,0,803.39213347435,01.01.2025 00:00:00,31.12.2025 22:00:00,1,,,1.0,1.0,0.09056610662849837,23.98284226724465,29.93493093728968,20000,205479.4520547945,2153385.535651976,18060,12540038.28734183,148629.1665735281,3.385685238164115,0,119772.0009852937,23818.29565048455,1.165971669524441,5.623603654848052,63628.87552343729,18730,22482,153293.6544541693,288,3.157798354981755,226984.5399619316,20106896.58036598,6903806.591555768,17237350.05768161,1999119.308959896,1102936.232450773,1340290.16867424,5734707.685855009,1609139.12727849,9157910.025305565,0,1150418.705245814,389841.4707120888,2692442.742993684,562360.3654848052,769746.3250001625,18000819.48157499,17085630.63284283,540303.1631563059,681169.5217856169,5918274.795683316,3404.841965605438,141928.9894812529,82826.76456006222,603169.5106371151,83832.3545775171,33080.53261576666,53599.36665410508,286669.9195931409,67478.67487346301,183116.3915094937,0,48242.39772910433,16347.86290907277,0,0,0,539901.291163129,854086.4901965599,1431.262284096106,20430.42010889874,83899.87696750062,BO,0.0,909.1838427482116,optimal,105.1704027600797,13.08067720380795,0.22933616839009519
241.0,241.0,ok,optimal,lcom,863.6339047462978,USD/ton,-15902197.11435951,-25014032.04808151,17669.0696721,5920510.721777789,119614363.0354683,3191324.211944205,0,0,0,797.7852518558502,01.01.2025 00:00:00,31.12.2025 22:00:00,1,,,1.0,1.0,0.197279226293491,24.99998157385512,54.30275196141917,20000,205479.4520547945,2145873.725643888,17997,12540038.28734183,163238.1519265375,3.212812151665953,0,113656.4426773348,22602.13348696999,1.46860727404015,6.045113099593277,60379.98517233411,20571,22529,152758.9091479338,288,2.829057545937957,457404.4339809107,20872774.33711311,11117406.3383923,17237350.05768161,1999119.308959896,1099857.195663235,1336081.546060995,5734707.685855009,1713461.714754442,8735972.349134533,0,1110723.344090172,376389.9352817286,3391283.939951898,604511.3099593277,743186.1185033626,19266931.62323947,17117059.02501893,539039.6336058424,681169.5217856169,5479933.616435883,6861.215360012633,147335.1075088073,133378.4174132052,603169.5106371151,83832.3545775171,32988.18260143361,53431.060184485,286669.9195931409,71853.40533828862,174679.5642761139,0,46577.78692945487,15783.77757271698,0,0,0,577875.9834120931,855657.5510337645,1427.915196176326,20430.42010889874,79372.04020098157,BO,0.0,863.6339047462978,optimal,59.620464758165895,7.415356733221519,0.17482512912867088
242.0,242.0,ok,optimal,lcom,995.0782743027218,USD/ton,-11104372.77661249,-19836799.26538923,13952.0047574,5616893.026859559,113549054.2686067,3115533.461917184,0,0,0,713.78129529953,01.01.2025 00:00:00,31.12.2025 22:00:00,1,,,1.0,1.0,0.1734474427516153,25.80653056693556,45.04770783326016,20000,205479.4520547945,2123934.471017091,17813,12540038.28734183,163341.311518927,2.525186846934742,0,89331.00989716347,17764.68946818592,0.2845299125305876,6.020628961367814,47457.09900786809,20584,22002,151197.1133328969,288,2.875605029425383,407359.8864099541,21477865.47033876,9573795.926856933,17237350.05768161,1999119.308959896,1090852.073460745,1323781.238503339,5734707.685855009,1714187.138689825,7033615.396174323,0,945212.3411245607,320303.3534824872,657031.8286293059,602062.8961367813,632442.5381887086,19275758.37233289,16764205.04642616,535340.9382893705,681169.5217856169,5542893.249280409,6110.530860760357,151606.2774896905,114859.3215444014,603169.5106371151,83832.3545775171,32718.09061427809,52939.16021375462,286669.9195931409,71883.82573205778,140640.1970595999,0,39637.14210405292,13431.8067867006,0,0,0,578140.7254277102,838018.8801175808,1418.117357725956,20430.42010889874,80027.18169219932,BO,0.0,995.0782743027218,optimal,191.0648343145898,23.763885628256425,0.20320556150080166
243.0,243.0,ok,optimal,lcom,837.4898442057232,USD/ton,-16143393.68041555,-24643555.01304643,17533.6729122,5413903.916805122,109475691.9383209,3086257.415825756,0,0,0,874.6030611991882,01.01.2025 00:00:00,31.12.2025 22:00:00,1,,,1.0,1.0,0.09666052402934874,17.06058165962882,46.70093722030825,20000,205479.4520547945,2122145.944824689,17798,12540038.28734183,147986.4029594088,3.528642184009537,0,124829.2459015214,24823.9977645071,0.7661105725122103,5.389602231361313,66315.53688518325,18649,21983,151069.7930218884,288,2.839093792512383,240686.3054841215,14798882.04192227,9853862.204734186,17237350.05768161,1999119.308959896,1090117.142367904,1322777.93757726,5734707.685855009,1604473.328342947,9505201.10669571,0,1182741.491488926,400794.6675516991,1769090.026117482,538960.2231361313,791373.5341292808,17944347.09134535,16751464.748442,535038.8597933623,681169.5217856169,5493534.654910147,3610.372907319187,104461.1914756294,118219.3495740575,603169.5106371151,83832.3545775171,32696.04771526746,52899.03733927703,286669.9195931409,67283.01626069349,190060.6276345338,0,49597.84223165162,16807.18130848001,0,0,0,538207.5062534333,837382.010655564,1417.317152234567,20430.42010889874,79513.71040094299,BO,0.0,837.4898442057232,optimal,33.476404217591266,4.163662266402588,0.14454557371583707
244.0,244.0,ok,optimal,lcom,1003.538225611322,USD/ton,-10689261.78251953,-19153537.93948059,13544.4660313,5331804.368948453,107830226.2060773,3132471.788012612,0,0,0,932.0574262142181,01.01.2025 00:00:00,31.12.2025 22:00:00,1,,,1.0,1.0,2.061643995702418,11.68757095531655,46.37896748836447,20000,205479.4520547945,2114514.899737107,17734,12540038.28734183,163198.4751602339,2.452078899806653,0,86744.74315956015,17250.37506013981,0.7430161763380072,5.387035958583409,46083.14480351633,20566,23409,150526.5596949191,288,2.831806318160833,3780240.720820488,10528979.80152646,9799476.337043568,17237350.05768161,1999119.308959896,1086980.042872228,1318496.235909669,5734707.685855009,1713182.665268474,6850076.893883101,0,926788.8513699122,314060.2001776506,1715760.823523378,538703.595858341,620115.3624676839,19263536.31131616,17704072.57629753,533749.0463089785,681169.5217856169,5483660.16715158,56704.84099268967,74321.13939246078,117566.8681641474,603169.5106371151,83832.3545775171,32601.95621738005,52727.80837487169,286669.9195931409,71841.7034977094,136970.2649299157,0,38864.55963799163,13170.00238153723,0,0,0,577774.1473099551,885001.5275297575,1413.900438212511,20430.42010889874,79410.86422931138,BO,0.0,1003.538225611322,optimal,199.52478562319004,24.816100788829505,0.15426705018375378
245.0,245.0,ok,optimal,lcom,980.1659140044924,USD/ton,-11155566.96889049,-19524784.81958826,13811.3758138,5289677.504645511,106983429.2666249,3079540.346052251,0,0,0,810.3795866966248,01.01.2025 00:00:00,31.12.2025 22:00:00,1,,,1.0,1.0,1.814999442931928,12.32445997111124,46.0011562257025,20000,205479.4520547945,2120595.888791273,17785,12540038.28734183,161706.6287472161,2.500908812123233,0,88472.1501376715,17593.89349328695,0.7362948605955353,6.387526080270272,47000.82976063799,20378,21955,150959.4487523478,288,2.818941649325699,3370668.142061662,11043978.86486614,9735561.530784087,17237350.05768161,1999119.308959896,1089480.101879377,1321908.341710435,5734707.685855009,1702674.092982573,6972724.747598122,0,939113.946123723,318236.7952239428,1700240.070946629,638752.6080270271,628362.0958950559,19135707.21934379,16732687.16347442,534776.9904657556,681169.5217856169,5466209.980959984,50561.11902663343,77956.37451447194,116800.0655980918,603169.5106371151,83832.3545775171,32676.94086390268,52864.26144611878,286669.9195931409,71401.03027024028,139422.6620747468,0,39381.40808669206,13345.14640384655,0,0,0,573940.1500925099,836443.3457631776,1416.623460771101,20430.42010889874,79229.01353437694,BO,0.0,980.1659140044924,optimal,176.15247401636043,21.909145451469147,0.21990857274754844
246.0,246.0,ok,optimal,lcom,1062.699823148218,USD/ton,-9278949.759360543,-17744602.95956766,12499.566249,5337207.214496774,107936494.588468,3128445.985710343,0,0,0,807.8162405490875,01.01.2025 00:00:00,31.12.2025 22:00:00,1,,,1.0,1.0,1.944336320246986,11.36323610567469,53.50865299837033,20000,205479.4520547945,2226715.109540457,18675,12540038.28734183,161309.8610841794,2.262047756251508,0,80022.20142515335,15913.50596522936,0.746176405927545,5.341962485274641,42511.79450711273,20328,23421,158513.7872055156,288,2.824847582687808,3586091.775311916,10265646.03809736,10987154.27131884,17237350.05768161,1999119.308959896,1132882.049680354,1381298.085948564,5734707.685855009,1699873.881987785,6370390.32182275,0,878029.1035965796,297537.0232709914,1723058.374095954,534196.2485274641,587490.1656716722,19101655.61188246,17712058.78917529,552562.2727539563,681169.5217856169,5474224.001043958,53792.54362936926,72462.33961247472,131815.749463302,603169.5106371151,83832.3545775171,33978.70202431691,55239.30884355045,286669.9195931409,71283.60442179051,127378.7234222431,0,36819.83702132547,12477.1088563845,0,0,0,572918.835098858,885400.7470068323,1463.736647379894,20430.42010889874,79312.54474584466,BO,0.0,1062.699823148218,optimal,258.68638316008605,32.174385438619595,0.13176898374837298
247.0,247.0,ok,optimal,lcom,4002.853284978607,USD/ton,4279044.927005524,-3858039.686927142,2697.56878565,5116674.243525032,103525199.8087278,3020410.370407633,0,0,0,985.9592778682709,01.01.2025 00:00:00,31.12.2025 22:00:00,1,,,1.0,1.0,2.3014503670745,11.7678969394359,55.89926322415855,20000,205479.4520547945,2205848.970629101,18500,12540038.28734183,161325.7317907009,0.4878616775986729,0,17258.59470673066,3432.106901906664,0.7591361981417976,6.18806775324592,9168.62843795066,20330,23531,157028.3835770837,288,2.83736423002757,4173770.852860315,10594084.40609875,11378129.56343134,17237350.05768161,1999119.308959896,1124381.237291839,1369643.106904348,5734707.685855009,1699985.934035487,1601701.140210145,0,314160.4556690999,106459.3034859014,1752984.914688661,618806.775324592,210205.080210335,19103018.11807877,17785242.89680644,549087.653260927,681169.5217856169,5491191.79608868,62607.92103736661,74780.69468487443,136506.381803468,603169.5106371151,83832.3545775171,33723.73587740385,54773.21611994658,286669.9195931409,71288.30328441071,32026.7104897809,0,13174.20655978204,4464.332887940031,0,0,0,572959.700952513,889059.116953371,1454.532385456076,20430.42010889874,79489.31245464843,BO,0.0,4002.853284978607,optimal,3198.8398449904753,397.8590015905323,0.20040245405223372
248.0,248.0,ok,optimal,lcom,2587.341577858057,USD/ton,1985871.391062025,-6105089.908917611,4269.08883532,5149244.167698868,104118765.9852417,2941717.132280769,0,0,0,818.8068878650665,01.01.2025 00:00:00,31.12.2025 22:00:00,1,,,1.0,1.0,0.05858801151209208,16.63899748593175,53.89744645947085,20000,205479.4520547945,1975129.091809246,16565,12540038.28734183,160421.1015189773,0.7719247581989337,0,27307.61024604548,5430.490673929498,1.483882046837912,6.202654553386065,14507.16794321166,20216,22011,140604.0634569942,288,2.62420451375374,153375.1612217574,14469345.8910932,11050974.06335998,17237350.05768161,1999119.308959896,1029270.105889812,1240009.912199242,5734707.685855009,1693593.146914351,2420649.57693429,0,427236.1139039266,144777.1617639301,3426556.195912443,620265.4553386065,285864.118068759,19025296.29286183,16770239.46356097,509911.5922072353,681169.5217856169,5199055.159729278,2300.677330257482,102135.087459638,132581.4121190503,603169.5106371151,83832.3545775171,30871.05338144854,49589.07219653417,286669.9195931409,71020.22403857694,48401.94044409166,0,17915.99392221821,6071.17859615644,0,0,0,570628.5785372736,838320.5320882807,1350.755057375962,20430.42010889874,76428.42219319611,BO,0.0,2587.341577858057,optimal,1783.328137869925,221.8032745691725,0.21364625048236888
249.0,249.0,ok,optimal,lcom,7048.395608946219,USD/ton,5886560.002920633,-2106427.944109852,1472.2549166,5074931.942948845,102633257.1841316,2918056.004081639,0,0,0,2707.194749116898,01.01.2025 00:00:00,31.12.2025 22:00:00,1,,,1.0,1.0,0.03577927541059581,17.42202650188245,54.96907417147306,20000,205479.4520547945,1977871.498637596,16588,12540038.28734183,148970.3867637397,0.2657069232606674,0,9399.64811726937,1869.248205138795,1.457230354159137,5.404519104080218,4993.563062299352,18773,23386,140799.2879338738,288,2.631754826064308,98400.09933981189,15080761.13340337,11226406.03502827,17237350.05768161,1999119.308959896,1030413.235491062,1241559.34921179,5734707.685855009,1611613.326692071,926994.236269279,0,209094.5191899362,70855.69324207438,3365012.542308293,540451.9104080216,139905.3553199473,18030771.35416675,17688764.29482974,510385.841440868,681169.5217856169,5209521.683508202,1476.033511833562,106450.8975672632,134686.1151435309,603169.5106371151,83832.3545775171,30905.33943983123,49651.0355269264,286669.9195931409,67582.42954263414,18535.65267912376,0,8768.30401986672,2971.308202108182,0,0,0,540799.6421910697,884236.2882084395,1352.011342897954,20430.42010889874,76538.74178944231,BO,0.0,7048.395608946219,optimal,6244.382168958087,776.651466056371,0.17347840849374116
250.0,250.0,ok,optimal,lcom,818.2780054685093,USD/ton,-17296311.94645066,-26242393.22854162,18480.4698662,5747126.569112312,116102523.5854705,3198954.712978645,0,0,0,938.1662526130676,01.01.2025 00:00:00,31.12.2025 22:00:00,1,,,1.0,1.0,0.1408595619317477,17.21643371477903,64.88911085951067,20000,205479.4520547945,2392332.63495688,20064,12540038.28734183,149137.0291822151,3.773595082161627,0,133494.6996265497,26547.24140300705,1.437196806541682,5.465523500892596,70919.05917660454,18794,23462,170303.6480048977,288,2.679129040255262,337780.7144289541,14920498.50400166,12819865.4305946,17237350.05768161,1999119.308959896,1199803.77062299,1473427.01335146,5734707.685855009,1612820.976843933,10097043.28188927,0,1237139.789424663,419228.5754626201,3318751.401228394,546552.3500892596,827771.4905701496,18045392.15477801,17739341.31352885,579770.826252671,681169.5217856169,5274989.418120889,5066.820638325301,105319.6482493151,153803.2622481472,603169.5106371151,83832.3545775171,35985.89528464434,58923.62457959867,286669.9195931409,67633.07192064667,201894.7691761198,0,51879.01543653392,17580.2006562055,0,0,0,541238.1660669377,886764.5617801682,1535.812065558143,20430.42010889874,77227.65995977339,BO,0.0,818.2780054685093,optimal,14.264565480377314,1.7741700288726359,0.12179672564698275
251.0,251.0,ok,optimal,lcom,817.2647733670425,USD/ton,-17313476.06194054,-26294136.05926124,18482.9614278,5782200.556581621,116784106.599568,3198459.44073908,0,0,0,928.2294087409973,01.01.2025 00:00:00,31.12.2025 22:00:00,1,,,1.0,1.0,0.09315171804661,17.92100413581692,66.52028073979477,20000,205479.4520547945,2392213.399877386,20063,12540038.28734183,148470.4595083135,3.91646243273508,0,138548.7750204362,27552.31321429129,1.425270148899435,5.442598135967766,73604.03672960673,18710,23118,170295.1599841638,288,2.604934936023377,232808.553334871,15468940.32820673,13077034.41118488,17237350.05768161,1999119.308959896,1199755.931318739,1473360.920467852,5734707.685855009,1607987.698279498,10440445.2184354,0,1268328.298930454,429797.4008473373,3291210.558121859,544259.8135967766,848639.7539814138,17986881.93632644,17510255.83020006,579751.4657239568,681169.5217856169,5172301.906329638,3492.204061472217,109190.9465169299,156888.585442681,603169.5106371151,83832.3545775171,35984.46043318327,58920.98146784232,286669.9195931409,67430.39010942628,208761.2401595579,0,53186.89444901472,18023.40057586435,0,0,0,539483.2602683116,875312.9027448167,1535.76077954607,20430.42010889874,76146.20881376202,BO,0.0,817.2647733670425,optimal,13.251333378910545,1.6481482422863662,0.1123433021100898
252.0,252.0,ok,optimal,lcom,836.2069393972397,USD/ton,-17074209.65032226,-26382322.80312873,18524.2086827,6029556.451783585,121711493.6323085,3278556.701022888,0,0,0,934.2824995517731,01.01.2025 00:00:00,31.12.2025 22:00:00,1,,,1.0,1.0,3.842742710418952,17.78379149217378,66.62393327894853,20000,205479.4520547945,2083990.719386779,17478,12540038.28734183,148327.6231496203,3.863501435116478,0,136675.2267686805,27179.73259604442,1.082060804845956,5.902621770510566,72608.71422086153,18692,23133,148353.6263870416,288,2.518139575125426,6620706.358757655,15362304.88915674,13093333.28097297,17237350.05768161,1999119.308959896,1074408.894906868,1301353.912416319,5734707.685855009,1606951.064860614,10313294.52658357,0,1256811.217029456,425894.6164731582,2498677.144251427,590262.1770510566,840933.6627751472,17974334.6422369,17520253.5108331,528574.3479721694,681169.5217856169,5051052.811749237,99312.74991693051,108438.2366172811,157084.1272257004,603169.5106371151,83832.3545775171,32224.90788217243,52042.27198603717,286669.9195931409,67386.91925706182,206218.8068089895,0,52703.92973085333,17859.73870634542,0,0,0,539106.9273859957,875812.6726476947,1400.19266993334,20430.42010889874,74863.01527122097,BO,0.0,836.2069393972397,optimal,32.193499409107744,4.004099659028455,0.14131595710006872
253.0,253.0,ok,optimal,lcom,814.4990642806414,USD/ton,-17525030.7426171,-26604184.80200305,18665.1595138,5870633.130563659,118573286.7603356,3208520.928822292,0,0,0,948.2889630794525,01.01.2025 00:00:00,31.12.2025 22:00:00,1,,,1.0,1.0,0.1499018140913965,21.19425341182872,67.57876088142041,20000,205479.4520547945,2388874.817651569,20035,12540038.28734183,149137.0291822151,3.669408967967724,0,129809.0116508262,25814.29208965294,1.21718126468587,5.415445214142586,68961.03743950142,18794,23133,170057.4954036147,288,2.673237988976802,357234.4632384809,17989983.64668287,13243238.09903766,17237350.05768161,1999119.308959896,1198416.237076749,1471510.185913196,5734707.685855009,1612820.976843933,9845798.798548613,0,1214149.387241779,411437.8361792884,2810695.104065432,541544.5214142585,812388.589101445,18045392.15477801,17520253.5108331,579209.2415527755,681169.5217856169,5266867.433545921,5358.633201181486,126986.2899802854,158882.574344345,603169.5106371151,83832.3545775171,35944.27878191152,58846.96898734154,286669.9195931409,67633.07192064667,196871.0265264453,0,50914.92112808665,17253.49878548972,0,0,0,541238.1660669377,875812.6726476947,1534.324428514542,20430.42010889874,77142.29710674005,BO,0.0,814.4990642806414,optimal,10.485624292509442,1.3041603250642453,0.11215339160728403
254.0,254.0,ok,optimal,lcom,818.1733514314509,USD/ton,-17344232.42287176,-26428307.82422179,18530.0300926,5867823.941136561,118471521.9035101,3216251.460213469,0,0,0,908.6880917549133,01.01.2025 00:00:00,31.12.2025 22:00:00,1,,,1.0,1.0,0.09592147372098116,21.16243743712294,67.4039157451033,20000,205479.4520547945,2403779.202588253,20160,12540038.28734183,148002.2736659303,3.820235328668608,0,135144.6449869807,26875.35553718366,1.150583398769387,5.302767386326689,71795.5926493335,18651,23316,171118.4979953518,288,2.509715593518044,239029.4477861809,17965676.55483726,13215819.83389031,17237350.05768161,1999119.308959896,1204394.12774317,1479770.399103335,5734707.685855009,1604588.613678191,10209290.3503594,0,1247363.707662272,422693.1464957711,2656908.399403186,530276.7386326689,834612.3246548322,17945742.28248786,17642162.74728398,581627.9575160089,681169.5217856169,5039218.697693588,3585.519502669113,126814.712980867,158553.6302811114,603169.5106371151,83832.3545775171,36123.57455744755,59177.30207921019,286669.9195931409,67287.85071007248,204139.1980992006,0,52307.75179810345,17725.48620570141,0,0,0,538249.3524316049,881906.7428122882,1540.731603541788,20430.42010889874,74737.4022349791,BO,0.0,818.1733514314509,optimal,14.159911443318947,1.761153575185007,0.10220378353738788
255.0,255.0,ok,optimal,lcom,867.9883864333514,USD/ton,-16758737.432453,-26870777.82419666,18692.4071777,6620387.11073503,133534185.2156065,3491653.281008628,0,0,0,920.5241549015045,01.01.2025 00:00:00,31.12.2025 22:00:00,1,,,1.0,1.0,4.097211904677998,21.55442883222601,67.81426739319554,20000,205479.4520547945,2367650.973501733,19857,12540038.28734183,148970.3867637397,6.683780801698417,0,236445.4296408832,47020.39793994837,1.123739699328106,5.76913975399841,125611.6344967192,18773,23436,168546.6277129812,288,2.501364616483814,7014015.692072765,18264901.11184261,13280146.54045112,17237350.05768161,1999119.308959896,1189890.825009266,1459738.736262533,5734707.685855009,1611613.326692071,16890185.87813698,0,1814502.617149775,614879.0572120056,2594921.366917861,576913.9753998411,1214085.545449973,18030771.35416675,17722040.86483181,575756.3762323647,681169.5217856169,5027475.373496699,105212.5179088835,128926.8558883516,159325.3745222889,603169.5106371151,83832.3545775171,35688.57481312037,58376.21850313828,286669.9195931409,67582.42954263414,337726.608077901,0,76090.51951075155,25784.73376524247,0,0,0,540799.6421910697,885899.7368390228,1525.177793361978,20430.42010889874,74612.6867361899,BO,0.0,867.9883864333514,optimal,63.974946445219416,7.956949879614419,0.13474986642513234
256.0,256.0,ok,optimal,lcom,841.7147074670173,USD/ton,-17155421.10174343,-26670806.75328816,18700.8204016,6202637.129640331,125174355.8317021,3312748.521904401,0,0,0,862.4507293701172,01.01.2025 00:00:00,31.12.2025 22:00:00,1,,,1.0,1.0,4.400305507654848,21.14913421790272,67.51045827850393,20000,205479.4520547945,2403063.792111292,20154,12540038.28734183,149065.6110028685,3.556146567965663,0,125802.2409883533,25017.49110563844,1.168199509549985,5.845276352796138,66832.44052506269,18785,23336,171067.5698709484,288,2.511328862090719,7479312.803708074,17955511.94296908,13232528.94625626,17237350.05768161,1999119.308959896,1204107.35870101,1479374.026133183,5734707.685855009,1612303.467048526,9571855.581515096,0,1188910.309374368,402885.0899570808,2697587.234807771,584527.6352796138,795501.0964466026,18039126.64778415,17655479.18616366,581511.9724354555,681169.5217856169,5041485.958840028,112192.1260021775,126742.9638133536,158754.0938511128,603169.5106371151,83832.3545775171,36114.97345035425,59161.4507802486,286669.9195931409,67611.37033211645,191393.4128304092,0,49856.5294075389,16894.84242581268,0,0,0,541050.2437715534,882572.4127421295,1540.424359234085,20430.42010889874,74761.47322168798,BO,0.0,841.7147074670173,optimal,37.70126747888537,4.6891339875415365,0.14248445297434278
257.0,257.0,ok,optimal,lcom,866.683460897618,USD/ton,-16862139.89478391,-27032078.25786771,18786.0848586,6674020.397146246,134601473.0281786,3495917.965937547,0,0,0,919.5371329784393,01.01.2025 00:00:00,31.12.2025 22:00:00,1,,,1.0,1.0,4.072118777123532,22.17841005657583,70.77247986697101,20000,205479.4520547945,2393882.690990295,20077,12540038.28734183,149660.7624974234,6.678650330451872,0,236263.9340900654,46984.30507472892,1.227896241442564,5.83304742227458,125515.2149853473,18860,23245,170413.9922744384,288,2.478800807294517,6975342.601467406,18740096.63776228,13741607.46723333,17237350.05768161,1999119.308959896,1200425.638193949,1474286.190868673,5734707.685855009,1616613.553343699,16878517.01165587,0,1813569.314537342,614562.7896988026,2835437.953453593,583304.7422274579,1213461.071723357,18091314.02844088,17594878.30944549,580022.4841567667,681169.5217856169,4995686.6596876,104632.4089646582,132281.1289125461,164861.6413671637,603169.5106371151,83832.3545775171,36004.5470524062,58957.98383391718,286669.9195931409,67792.11226229402,337493.2840206519,0,76051.38179886866,25771.47119997718,0,0,0,542615.5077434424,879543.0606970512,1536.478706975755,20430.42010889874,74274.75446092259,BO,0.0,866.683460897618,optimal,62.670020909486084,7.794648421599912,0.14624799499968563
258.0,258.0,ok,optimal,lcom,820.1803103155835,USD/ton,-17306444.72844853,-26424726.18725542,18521.1111646,5900974.429918891,119164893.2671693,3217307.028887996,0,0,0,939.0192177295685,01.01.2025 00:00:00,31.12.2025 22:00:00,1,,,1.0,1.0,0.2056078389001302,20.24038650758577,70.28176017082174,20000,205479.4520547945,2378978.306053612,19952,12540038.28734183,147914.9847800622,3.83868767735368,0,135797.4152740638,27005.16781018315,1.402777948939166,5.861480218568706,72142.3768643464,18640,23182,169352.9896827013,288,2.616235566708888,474747.68026585,17259625.94863882,13665329.61345939,17237350.05768161,1999119.308959896,1194442.797657632,1466022.558537131,5734707.685855009,1603954.493834788,10253660.90810413,0,1251397.224944302,424059.981285747,3239271.937193196,586148.0218568705,837311.1551680263,17938068.22191802,17552907.18278402,577600.4627354054,681169.5217856169,5187998.504503855,7121.36969819221,121830.8981658934,163946.5161022978,603169.5106371151,83832.3545775171,35825.10281467652,58627.51400761745,286669.9195931409,67261.25912080688,205026.4066872985,0,52476.89590544417,17782.80393468766,0,0,0,538019.1831765684,877444.9834864282,1530.062775794793,20430.42010889874,76311.8280956191,BO,0.0,820.1803103155835,optimal,16.166870327451534,2.010771154234707,0.14221113482044906
259.0,259.0,ok,optimal,lcom,817.7026954422613,USD/ton,-17343339.51296457,-26421141.30668832,18521.6999703,5874769.481850392,118560607.4206929,3203032.31187336,0,0,0,893.8193278312683,01.01.2025 00:00:00,31.12.2025 22:00:00,1,,,1.0,1.0,0.1790137992286578,21.59757935967076,70.52368798724969,20000,205479.4520547945,2408190.900529511,20197,12540038.28734183,147843.5666007156,3.576268339078069,0,126514.0687632258,25159.04776541422,1.227502053802136,5.25957129415575,67210.5990304637,18631,23126,171432.554762506,288,2.333920937353274,419107.090764963,18297806.42153282,13702948.32866743,17237350.05768161,1999119.308959896,1206162.159889043,1482214.43855981,5734707.685855009,1603435.576651664,9620586.272254698,0,1193413.349396534,404411.0315441845,2834527.701790036,525957.129415575,798514.0851024594,17931788.51873348,17515588.02337721,582342.9473117358,681169.5217856169,4789457.771419109,6286.742748905626,129159.1253156216,164397.837619821,603169.5106371151,83832.3545775171,36176.60341201451,59275.04133747417,286669.9195931409,67239.49851397515,192367.8041729037,0,50045.36278337747,16958.83224153869,0,0,0,537830.835092698,875579.4515338892,1542.625610458497,20430.42010889874,72070.34657401072,BO,0.0,817.7026954422613,optimal,13.689255454129352,1.7026152515972146,0.10575565448140177
260.0,260.0,ok,optimal,lcom,1370.202877492329,USD/ton,-4891675.246125892,-14020504.53772414,9806.9003704,5942152.326312894,119943935.3474162,3186676.965285351,0,0,0,650.8005480766296,01.01.2025 00:00:00,31.12.2025 22:00:00,1,,,1.0,1.0,3.976507432276013,22.04579153507772,69.15407637113533,20000,205479.4520547945,2378262.895576651,19946,12540038.28734183,147716.6009485439,1.774398223177339,0,62771.11154312157,12482.89150005258,1.25857396817653,5.261575546926078,33347.15300728333,18615,23196,169302.061558298,288,2.454715082943495,6827768.198960139,18639213.58389147,13489636.15563123,17237350.05768161,1999119.308959896,1194155.433089516,1465625.774211613,5734707.685855009,1602512.852914082,5119887.69610586,0,746202.945238424,252865.1979448488,2906278.459166823,526157.5546926078,499285.1491221564,17920622.5417041,17562235.28141103,577484.0799623106,681169.5217856169,4961657.86908783,102418.7449028231,131569.0234996378,161838.675960299,603169.5106371151,83832.3545775171,35816.48384588349,58611.64625819787,286669.9195931409,67200.80442343268,102374.3798807937,0,31291.75412975327,10603.81180823857,0,0,0,537495.9322611111,877911.2819326344,1529.754478000132,20430.42010889874,73912.46698787414,BO,0.0,1370.202877492329,optimal,566.189437504197,70.42039465317328,0.12501565957985833
261.0,261.0,ok,optimal,lcom,818.8608683369222,USD/ton,-17176462.43605234,-26147601.79047196,18361.4715569,5793552.22546069,116930396.4376556,3177587.12895893,0,0,0,881.0936007499695,01.01.2025 00:00:00,31.12.2025 22:00:00,1,,,1.0,1.0,0.2003134423953021,20.8170405922417,65.12782191088375,20000,205479.4520547945,2386609.351141194,20016,12540038.28734183,146629.4575518235,3.509563731408059,0,124154.3265622915,24689.7808504557,1.318922851507544,4.977312825737711,65956.98598621736,18478,23032,169896.2230096707,288,2.318682959028884,463731.1129009726,17701560.27664218,12857580.47251677,17237350.05768161,1999119.308959896,1197506.945589394,1470254.183031222,5734707.685855009,1594601.283561778,9458935.63776015,0,1178453.159907929,399341.4840431092,3045635.11526691,497731.2825737711,788504.207109647,17824905.49991254,17452920.75122585,578841.1612991547,681169.5217856169,4767547.290032129,6956.117602665594,124950.3896468334,154255.7394223313,603169.5106371151,83832.3545775171,35917.00626531478,58796.74034240853,286669.9195931409,66869.03558690836,189135.529473538,0,49418.01257764708,16746.24257680336,0,0,0,534625.076603541,872446.8033061405,1533.349384464365,20430.42010889874,71834.88125366178,BO,0.0,818.8608683369222,optimal,14.847428348790231,1.8466641986742651,0.10738845888337227
262.0,262.0,ok,optimal,lcom,834.628189993182,USD/ton,-16391211.53459604,-25011643.49424727,17759.1168605,5490215.280493665,110857884.4280214,3130216.679157564,0,0,0,968.9476408958435,01.01.2025 00:00:00,31.12.2025 22:00:00,1,,,1.0,1.0,0.05449911050526384,14.03744507872076,64.91354473491741,20000,205479.4520547945,2415821.945617092,20261,12540038.28734183,147462.6696442004,3.513846914528531,0,124305.8484483613,24719.91304370822,1.154514010054809,4.922109895542955,66037.48198819195,18583,22775,171975.7880894753,288,2.317878984789733,143706.9005004496,12416343.56565395,12823727.12260835,17237350.05768161,1999119.308959896,1209218.849414273,1486440.909842815,5734707.685855009,1600666.619857666,9469324.591167292,0,1179416.574502445,399667.9555797061,2665984.902810238,492210.9895542955,789148.828794081,17898282.66595643,17281428.64185668,583578.6668677658,681169.5217856169,4766390.068772853,2155.650273155511,87643.51516315632,153849.5919723341,603169.5106371151,83832.3545775171,36268.28316154178,59444.06159088308,286669.9195931409,67123.3832992784,189343.2611125495,0,49458.41302474926,16759.93304414704,0,0,0,536825.8890015288,863874.1555101629,1545.899029743947,20430.42010889874,71822.43805766218,BO,0.0,834.628189993182,optimal,30.61475000505004,3.807741075261372,0.1149170381716689
263.0,263.0,ok,optimal,lcom,829.2223530178894,USD/ton,-16998166.58482363,-26136153.37875462,18331.68885809999,5911645.573140605,119294800.0460888,3226341.220790375,0,0,0,899.7266709804535,01.01.2025 00:00:00,31.12.2025 22:00:00,1,,,1.0,1.0,0.9883522880462101,20.75000635589951,65.64894047755539,20000,205479.4520547945,2400917.560680409,20136,12540038.28734183,146288.2373616119,3.662832416708327,0,129576.3595734738,25768.02605154308,1.354525757588254,4.975298105601878,68837.44102340794,18435,23542,170914.7854977383,288,2.320000398580109,1950508.039252284,17650250.30946267,12939818.50287134,17237350.05768161,1999119.308959896,1203246.949099058,1478184.836404249,5734707.685855009,1592114.103078606,9829915.726722343,0,1212690.984294098,410943.6283335518,3127848.764716549,497529.8105601878,811412.7702067872,17794822.73053974,17792559.04670612,581163.9488036792,681169.5217856169,4769443.320755458,29258.25533056467,124588.206862285,155242.370476914,603169.5106371151,83832.3545775171,36089.16705551215,59113.89405127138,286669.9195931409,66764.73656121787,196553.4376015841,0,50853.76352109497,17232.77435590059,0,0,0,533722.7995687227,889424.8409306619,1539.502445145658,20430.42010889874,71855.26711282764,BO,0.0,829.2223530178894,optimal,25.20891302975747,3.1353845316478264,0.11797560018287281
264.0,264.0,ok,optimal,lcom,837.4386089915171,USD/ton,-16311963.51323245,-25187669.76214248,17715.9792903,5708130.037420222,115214950.3916443,3167576.211489811,0,0,0,846.8127517700195,01.01.2025 00:00:00,31.12.2025 22:00:00,1,,,1.0,1.0,0.1805909574030808,18.46638985637579,67.75916168455396,20000,205479.4520547945,2417252.766571014,20273,12540038.28734183,146724.6817909523,3.231254106058724,0,114308.8452559334,22731.87263612312,1.374978690729255,5.892012929114666,60726.57404221463,18490,23467,172077.6443382821,288,2.299802115006199,422428.8298795364,15891989.08538336,13271512.7068901,17237350.05768161,1999119.308959896,1209791.7635636,1487233.22446335,5734707.685855009,1595295.039429915,8781090.466386884,0,1114991.023936614,377836.1205534728,3175078.344000309,589201.2929114666,746041.6274264154,17833297.25410884,17742668.05906728,583810.2207930608,681169.5217856169,4740338.758567966,6336.569916597266,112177.1300071265,159221.7921738953,603169.5106371151,83832.3545775171,36285.46666195208,59475.74693995452,286669.9195931409,66898.12799158235,175581.7206414989,0,46756.75056034313,15844.42283582973,0,0,0,534876.7717516614,886930.8610805422,1546.512415751301,20430.42010889874,71542.1335964048,BO,0.0,837.4386089915171,optimal,33.42516900338512,4.157289833846374,0.14619909473573237
265.0,265.0,ok,optimal,lcom,834.9429980086268,USD/ton,-16512658.01708028,-25476250.40084238,17895.5327014,5788432.971327544,116835150.4464357,3175159.412434554,0,0,0,813.1924407482147,01.01.2025 00:00:00,31.12.2025 22:00:00,1,,,1.0,1.0,0.1260137865687018,21.12702369752618,65.3316627915337,20000,205479.4520547945,2406879.314655083,20186,12540038.28734183,146431.0737203051,3.261048963796289,0,115362.8681432575,22941.47946030689,1.416299442538094,4.921463163424089,61286.52370110555,18453,23412,171339.1865344331,288,2.343849179750764,305564.8576250657,17938616.50780535,12889764.33704714,17237350.05768161,1999119.308959896,1205636.596428068,1481487.879040158,5734707.685855009,1593155.481111181,8853929.062173592,0,1121868.954916131,380166.8395484653,3270495.549452763,492146.3163424089,750643.6580357463,17807417.86329952,17706069.17556396,582130.4279621892,681169.5217856169,4803710.365801815,4583.572302459734,126623.7036366252,154641.8576217245,603169.5106371151,83832.3545775171,36160.84010793499,59245.98559193483,286669.9195931409,66808.40637726372,177038.16002409,0,47045.17414069188,15942.16070486688,0,0,0,534100.5672834833,885101.3347008502,1542.062647014289,20430.42010889874,72223.38237894252,BO,0.0,834.9429980086268,optimal,30.929558020494824,3.8468956465393633,0.12399515469272542
266.0,266.0,ok,optimal,lcom,1091.077338825821,USD/ton,-8928437.043421965,-17711998.762086,12402.9024435,5661616.617798055,114291092.1974676,3121945.10086598,0,0,0,705.689578294754,01.01.2025 00:00:00,31.12.2025 22:00:00,1,,,1.0,1.0,0.2023762301490956,21.18353046718039,65.6469077487956,20000,205479.4520547945,2413556.479106716,20242,12540038.28734183,146851.647443124,2.244187299705442,0,79390.36991437973,15787.85765342779,1.431834820618852,5.284203161817588,42176.13401701423,18506,23616,171814.5156955313,288,2.325001959164605,468026.7774832071,17981791.83032912,12939497.9709941,17237350.05768161,1999119.308959896,1208311.596525631,1485186.315707439,5734707.685855009,1596219.816174093,6325103.561223376,0,873378.1509849343,295960.9586624551,3306369.590878023,528420.3161817588,584378.2085518521,17844483.93034356,17841766.13108769,583211.9472391453,681169.5217856169,4776638.520819104,7020.553969310697,126928.4662275021,155238.5249725567,603169.5106371151,83832.3545775171,36241.07178894342,59393.88928294874,286669.9195931409,66936.90817422353,126473.1949598322,0,36624.80098384878,12411.01714964758,0,0,0,535212.2954176331,891884.6334250332,1544.927589987393,20430.42010889874,71932.61200784161,BO,0.0,1091.077338825821,optimal,287.06389883768907,35.70386818930868,0.12393088907390588
267.0,267.0,ok,optimal,lcom,1136.767174263165,USD/ton,-8099558.009085469,-16922007.47826922,11846.9946381,5712735.053346072,115316274.0022179,3109714.415837675,0,0,0,696.5318284034729,01.01.2025 00:00:00,31.12.2025 22:00:00,1,,,1.0,1.0,0.04751225037480097,21.67776617138894,65.63602969990002,20000,205479.4520547945,2405806.198939641,20177,12540038.28734183,146700.8757311701,2.143267247685479,0,75820.22215412151,15077.88508746734,1.996342565562314,5.896274975154184,40279.49301937705,18487,23540,171262.794347828,288,2.331538248998005,127014.1746963492,18358937.05356595,12937782.62653685,17237350.05768161,1999119.308959896,1205206.547354936,1480893.391802604,5734707.685855009,1595121.614395923,6068524.994133166,0,846864.3778152142,286976.2574580341,4609921.659048487,589627.4975154185,566637.8159745955,17831199.45600663,17791228.86815086,581956.5200673168,681169.5217856169,4786034.57341342,1905.253953883378,129590.6294413893,155217.9455386434,603169.5106371151,83832.3545775171,36147.94158128265,59222.21153153987,286669.9195931409,66890.85547469098,121342.7949870865,0,35512.95537083818,12034.24691199031,0,0,0,534813.8521770755,889358.3471875858,1541.601965256694,20430.42010889874,72033.5747997417,BO,0.0,1136.767174263165,optimal,332.75373427503314,41.386588547567676,0.1786787263297907
268.0,268.0,ok,optimal,lcom,1167.622998943102,USD/ton,-7488815.680429866,-16229099.18514003,11359.726833,5644556.574985492,113968164.1938615,3095726.92972467,0,0,0,708.0477025508881,01.01.2025 00:00:00,31.12.2025 22:00:00,1,,,1.0,1.0,0.1240252023176043,21.78824349344242,67.29345023685538,20000,205479.4520547945,2408787.075926978,20202,12540038.28734183,140384.3345356266,2.055331083666556,0,72709.39241578808,14459.25417359422,1.506257263302153,5.807177761413446,38626.86472088742,17691,23637,171474.9948661754,288,2.38988397571604,301221.5920601448,18443122.72496113,13198489.90103462,17237350.05768161,1999119.308959896,1206401.033445098,1482544.679804534,5734707.685855009,1548771.61506481,5843971.12816776,0,823424.0083255792,279033.0381117167,3478224.680462013,580717.7761413447,550953.840923584,17271214.00100766,17855726.93107048,582439.5343887594,681169.5217856169,4869561.134610198,4518.421905583841,130184.8726763988,158345.7185661112,603169.5106371151,83832.3545775171,36183.76798257592,59288.24797136134,286669.9195931409,64947.1847987196,116852.742833105,0,34529.99184401122,11701.1508442654,0,0,0,518018.1240439216,892582.5140543098,1542.881469483396,20430.42010889874,72929.10581815126,BO,0.0,1167.622998943102,optimal,363.60955895497,45.22431353390526,0.16887122567746837
269.0,269.0,ok,optimal,lcom,1095.891910172405,USD/ton,-8821284.440772535,-17595377.16690436,12319.3073155,5671308.808327321,114491542.4537794,3102783.917804504,0,0,0,722.8588743209839,01.01.2025 00:00:00,31.12.2025 22:00:00,1,,,1.0,1.0,0.02523018250263474,22.49333895689434,66.36843138937505,20000,205479.4520547945,2428103.15880492,20364,12540038.28734183,140249.4335301942,2.229035020246232,0,78854.34287623072,15681.26136743224,1.472126672082382,5.903860421328898,41891.36965299756,17674,23559,172850.0542250666,288,2.34738746970512,71854.75329896447,18979422.47334031,13053147.64620749,17237350.05768161,1999119.308959896,1214134.158753498,1493240.086231464,5734707.685855009,1547774.310962036,6286655.364638267,0,869422.836644689,294620.6244410984,3399410.876451459,590386.0421328897,581731.7037064935,17259179.8678256,17803865.01705092,585564.7020471768,681169.5217856169,4808785.415764888,1077.844682732893,133970.4634085277,156602.0097061441,603169.5106371151,83832.3545775171,36415.70877521623,59715.96655349401,286669.9195931409,64905.36320718648,125704.4065573192,0,36458.93628895496,12354.81071254623,0,0,0,517657.1824740294,889990.0103843135,1551.160034011577,20430.42010889874,72277.85010335602,BO,0.0,1095.891910172405,optimal,291.87847018427306,36.30268546115118,0.17656729419674136
270.0,270.0,ok,optimal,lcom,852.0921706059268,USD/ton,-15829507.22175334,-24815769.68812088,17411.4602504,5839362.302141896,117811569.2099907,3146900.164225651,0,0,0,885.0181713104248,01.01.2025 00:00:00,31.12.2025 22:00:00,1,,,1.0,1.0,0.2265485102145653,22.47747984061559,66.17638678640962,20000,205479.4520547945,2417372.001650508,20274,12540038.28734183,142320.5607312455,3.16402093815873,0,111930.4047083032,22258.88729994667,1.757186342052909,5.905528777745802,59463.02750128609,17935,22807,172086.132359016,288,2.195100490511776,518050.6696067225,18967378.60853116,13022922.27896251,17237350.05768161,1999119.308959896,1209839.503347398,1487299.248564414,5734707.685855009,1563051.219305594,8616479.603471506,0,1099393.309377971,372550.535439495,4057666.012311971,590552.8777745803,735605.1807612407,17443590.76274251,17302794.35103079,583829.5149115655,681169.5217856169,4588218.959569126,7770.928630129581,133885.4491172879,156239.3881084296,603169.5106371151,83832.3545775171,36286.89852848121,59478.38730103725,286669.9195931409,65545.99490503731,172290.2548881736,0,46102.66596838377,15622.77371091823,0,0,0,523188.2462332153,864942.1970680787,1546.563525842827,20430.42010889874,69898.21132396426,BO,0.0,852.0921706059268,optimal,48.078730617794804,5.979841657684789,0.17428019927923882
271.0,271.0,ok,optimal,lcom,875.43856131487,USD/ton,-15014697.03368464,-23582449.5178585,16858.0836475,5468741.132766774,110384563.4442491,3099011.351407086,0,0,0,1043.548220157623,01.01.2025 00:00:00,31.12.2025 22:00:00,1,,,1.0,1.0,0.1563608553232249,12.31397150436797,72.21910580060869,20000,205479.4520547945,2334622.856482043,19580,12540038.28734183,141574.6375247366,3.217836840330548,0,113834.1960635335,22637.4821717254,1.645145827406035,5.814374729272956,60474.41665875215,17841,22842,166195.4459696918,288,2.168455091499682,371058.4990851972,11035519.63807729,13965860.29185327,17237350.05768161,1999119.308959896,1176593.262354456,1441399.20867351,5734707.685855009,1557557.69854056,8748267.776860232,0,1111886.914098502,376784.2333240462,3798943.885122303,581437.4729272956,743964.664378624,17377260.16175365,17326158.97697336,570362.706119034,681169.5217856169,4549161.479825611,5565.998237552809,77896.66318581736,167552.0608713026,603169.5106371151,83832.3545775171,35289.73901267234,57642.8048838476,286669.9195931409,65315.62607282746,174925.4166977881,0,46626.58082238409,15800.31232036543,0,0,0,521198.7825227344,866110.1616457332,1510.889969169038,20430.42010889874,69474.11024822036,BO,0.0,875.43856131487,optimal,71.42512132673801,8.88357305666337,0.16436504695162432
272.0,272.0,ok,optimal,lcom,850.6451416435743,USD/ton,-15853885.99806163,-24520069.93264731,17416.3207127,5548679.083554427,111995001.3829637,3117504.851031254,0,0,0,1065.284477710724,01.01.2025 00:00:00,31.12.2025 22:00:00,1,,,1.0,1.0,0.155966713034036,13.7017259741548,74.37702785394893,20000,205479.4520547945,2354296.644598464,19745,12540038.28734183,141892.0516551659,3.309103470840484,0,117062.844384453,23279.5429173628,1.607027871389338,4.890321023052138,62189.63607924063,17881,22807,167595.9693907848,288,2.203330671933267,370216.5910117576,12148767.1439427,14298716.76601147,17237350.05768161,1999119.308959896,1184518.689846209,1452326.576970854,5734707.685855009,1559896.531545717,8971266.599019391,0,1132918.473485662,383911.1811087723,3710922.523422522,489032.1023052138,758036.9021416827,17405497.66740946,17302794.35103079,573578.5513828571,681169.5217856169,4600254.158046553,5553.369342474271,85754.76763860937,171545.4266256554,603169.5106371151,83832.3545775171,35527.44755367501,58079.79982242358,286669.9195931409,65413.70419998428,179384.3750749523,0,47508.53175745851,16099.17833154686,0,0,0,522045.7142848358,864942.1970680787,1519.408738540498,20430.42010889874,70028.72567634723,BO,0.0,850.6451416435743,optimal,46.631701655442384,5.799865939570701,0.15373517745321424
273.0,273.0,ok,optimal,lcom,858.6887390174313,USD/ton,-15952381.13337189,-24875976.27924286,17648.0299976,5732706.187551898,115671201.8440462,3190888.958319073,0,0,0,905.6810126304626,01.01.2025 00:00:00,31.12.2025 22:00:00,1,,,1.0,1.0,2.679373544202437,13.60864118696873,72.33569991430976,20000,205479.4520547945,2347142.539828857,19685,12540038.28734183,145947.0171714004,3.303616918096733,0,116868.75209459,23240.94501881051,1.309277797238603,4.911338384177784,62086.52455025094,18392,22820,167086.688146751,288,2.177022961379853,4785828.021936427,12074460.77904899,13983895.12479709,17237350.05768161,1999119.308959896,1181638.254520619,1448354.049028305,5734707.685855009,1589625.007395274,8957878.420105008,0,1131659.601540798,383484.5881750985,3023362.913419345,491133.8384177784,757194.5896438186,17764720.65857789,17311473.14259158,572410.1829649857,681169.5217856169,4561736.097601052,71788.97775149134,85230.25967989794,167768.4294561273,603169.5106371151,83832.3545775171,35441.05422291638,57920.93498351561,286669.9195931409,66660.35722229234,179116.6726182879,0,47455.74141184154,16081.28930915798,0,0,0,532819.9435884423,865376.0375731555,1516.313732320917,20430.42010889874,69610.74185295403,BO,0.0,858.6887390174313,optimal,54.67529902929937,6.800296650526941,0.1300223615124475
274.0,274.0,ok,optimal,lcom,870.0971648518538,USD/ton,-15674797.7536662,-24650003.5000593,17516.0294226,5768770.350704006,116500930.6010178,3206435.395689097,0,0,0,937.0673763751984,01.01.2025 00:00:00,31.12.2025 22:00:00,1,,,1.0,1.0,3.095513663294742,13.13971623911832,71.86869854243663,20000,205479.4520547945,2352031.178088089,19726,12540038.28734183,146542.1686659554,3.293795918138691,0,116521.3244000743,23171.85428410569,1.312328271606365,4.843539319468858,61901.95358753949,18467,22880,167434.6969968407,288,2.553550496844148,5449875.76956225,11699353.02534311,13911624.03043854,17237350.05768161,1999119.308959896,1183606.741642224,1451068.740567963,5734707.685855009,1593965.210062233,8933907.852379685,0,1129404.480284167,382720.397030335,3030407.019025719,484353.9319468858,755685.6857188337,17817211.74192125,17351521.42159003,573208.6949751772,681169.5217856169,5100669.284247268,81749.91006283452,82582.47839663197,166901.3743268229,603169.5106371151,83832.3545775171,35500.09535377603,58029.49785339837,286669.9195931409,66842.36207176984,178637.3706976351,0,47361.17370697575,16049.24322630256,0,0,0,534394.3165607749,867377.9943509431,1518.428989460831,20430.42010889874,75388.9451750994,BO,0.0,870.0971648518538,optimal,66.08372486372184,8.219231368159381,0.13612800183521534
275.0,275.0,ok,optimal,lcom,2178.197625216521,USD/ton,761434.3555138079,-7714693.755810352,5395.17299049,5444779.11872901,110016915.6021852,3031348.99259515,0,0,0,810.2241184711456,01.01.2025 00:00:00,31.12.2025 22:00:00,1,,,1.0,1.0,3.19503944743417,13.990401272748,75.33268083491264,20000,205479.4520547945,2347857.950305818,19691,12540038.28734183,146827.8413833418,0.975833897385458,0,34521.09995390796,6864.991468106698,1.322168668171977,4.890106905457188,18339.33435051361,18503,21827,167137.6162711544,288,2.559734240144561,5607325.302507812,12378887.38708279,14445505.56852493,17237350.05768161,1999119.308959896,1181926.376987676,1448751.356251271,5734707.685855009,1596046.440638846,2989184.767127633,0,499890.1495528223,169397.3769789478,3053130.302115493,489010.6905457188,334477.0071691832,17842386.63121221,16646810.11377375,572527.0726385727,681169.5217856169,5109312.484795374,84111.70429484668,87379.12241844877,173306.4900947141,603169.5106371151,83832.3545775171,35449.69592348654,57936.82364405779,286669.9195931409,66929.6377330444,59770.04869004432,0,20962.71497118588,7103.618532297121,0,0,0,535149.3908087552,832150.473609762,1516.623372894235,20430.42010889874,75480.44358494038,BO,0.0,2178.197625216521,optimal,1374.184185228389,170.91557390491795,0.16110717794651794
276.0,276.0,ok,optimal,lcom,1627.637917442614,USD/ton,-2243994.971167006,-10879913.57524889,7609.06417844,5574967.347803961,112622881.1332414,3060951.256277925,0,0,0,979.7654819488525,01.01.2025 00:00:00,31.12.2025 22:00:00,1,,,1.0,1.0,2.784256823599376,16.96441925475432,72.04013306585286,20000,205479.4520547945,2337961.43870786,19608,12540038.28734183,146288.2373616119,1.376543160937197,0,48696.5908613143,9683.981137193185,1.339177572254183,5.515245157798495,25870.06389507322,18435,21884,166433.1105502409,288,2.559099215911867,4954108.493482738,14723787.99114423,13938165.36849293,17237350.05768161,1999119.308959896,1177939.121511076,1443254.196633194,5734707.685855009,1592114.103078606,4074040.107246323,0,629479.9680195714,213311.3755866073,3092406.985725731,551524.5157798495,421185.6864242759,17794822.73053974,16685059.68030549,570909.0534758242,681169.5217856169,5108425.181513119,74313.23958716018,103931.1234613845,167219.7976674809,603169.5106371151,83832.3545775171,35330.10556915755,57716.98746170564,286669.9195931409,66764.73656121787,81462.20275613655,0,26397.01774773844,8945.136387531724,0,0,0,533722.7995687227,834062.5152974615,1512.337242513176,20430.42010889874,75471.05205304208,BO,0.0,1627.637917442614,optimal,823.6244774544821,102.43914299077383,0.14020244178423164
277.0,277.0,ok,optimal,lcom,881.4111597600073,USD/ton,-15263761.53209799,-24645918.82601282,17229.231585,6095882.68650648,123055926.4344715,3286274.607408351,0,0,0,954.2824125289917,01.01.2025 00:00:00,31.12.2025 22:00:00,1,,,1.0,1.0,2.945258177137021,17.14420880772444,62.41920518314865,20000,205479.4520547945,2475797.190602305,20764,12540038.28734183,137226.0639378549,5.665353088292303,0,200417.5308514285,39855.75897613636,1.279059534637583,5.483756920409138,106471.8132648214,17293,21738,176245.2625186252,288,2.577805051627427,5211205.303800184,14864152.79262887,12427981.41735375,17237350.05768161,1999119.308959896,1233175.8846685,1519612.225162094,5734707.685855009,1525339.135534127,14555218.66354563,0,1624257.212491001,550410.7484039131,2953583.394780459,548375.6920409137,1086792.151821633,16988631.08800448,16587063.12034759,593246.2529531287,681169.5217856169,5134534.776653086,78169.77540734844,104921.9195473854,149101.7277440879,603169.5106371151,83832.3545775171,36986.83012988605,60770.61126926778,286669.9195931409,63964.55213450474,291037.9237113307,0,68112.64638001006,23081.27824921088,0,0,0,509542.5721532303,829163.8059817578,1571.508451057347,20430.42010889874,75747.25133260142,BO,0.0,881.4111597600073,optimal,77.39771977187536,9.626421142041833,0.1753535111647572
278.0,278.0,ok,optimal,lcom,2146.477572226531,USD/ton,621755.8234733478,-7663750.683075104,5359.491010979999,5323040.660930209,107578278.7791525,2962465.845618243,0,0,0,792.1312205791473,01.01.2025 00:00:00,31.12.2025 22:00:00,1,,,1.0,1.0,1.486939615058867,17.95446507195401,64.58698002667019,20000,205479.4520547945,2463873.682652959,20664,12540038.28734183,136567.4296172141,0.9694276765920422,0,34294.47348712009,6819.923704825017,1.223705994636862,5.515884006803081,18218.93904003255,17210,21772,175396.4604452356,288,2.553854507629472,2817027.902866184,15494932.24464467,12772090.59286639,17237350.05768161,1999119.308959896,1228422.384638708,1513023.99111307,5734707.685855009,1520430.130261403,2971517.712671667,0,497689.01327385,168651.479680582,2825761.90394206,551588.4006803081,333004.2246476216,16929476.11688059,16609891.2729805,591330.4779719233,681169.5217856169,5101094.355750805,42256.33527097877,109374.416224449,153230.0950853751,603169.5106371151,83832.3545775171,36844.25768721165,60507.14207382781,286669.9195931409,63758.6947508051,59416.78825708103,0,20870.41110708671,7072.339595359861,0,0,0,507768.3281905486,830304.9530180538,1566.43356595137,20430.42010889874,75393.44587484215,BO,0.0,2146.477572226531,optimal,1342.4641322383989,166.97035963207466,0.18519806127917063
279.0,279.0,ok,optimal,lcom,1128.571201745752,USD/ton,-13034365.15307952,-27214184.13902175,18885.6872666,10248752.91811605,206144241.0836614,3931066.067826178,0,0,0,860.9270617961884,01.01.2025 00:00:00,31.12.2025 22:00:00,1,,,1.0,1.0,1.436415561822963,140.7053942713963,62.93847410430912,20000,205479.4520547945,2455288.756929429,20592,12540038.28734183,149898.8230952455,5.425849829531709,0,191944.8635695137,38170.85355075557,1.210198940624678,5.512590183797825,101970.7087713042,18890,23759,174785.322952395,288,2.418104180971256,2730733.016135456,98835765.61630663,12510624.10520764,17237350.05768161,1999119.308959896,1224997.015986255,1508278.488920142,5734707.685855009,1618336.003506252,14000238.78890194,0,1577924.181085015,534709.910940566,2794571.635340455,551259.0183797826,1055790.673413601,18112172.99324504,17936803.13882972,589949.2251901793,681169.5217856169,4909740.697990621,40961.88388760602,697654.1746490163,150093.2135800117,603169.5106371151,83832.3545775171,36741.52008906721,60317.36532403027,286669.9195931409,67864.34259498201,279940.8598917118,0,66169.6872479217,22422.86923505549,0,0,0,543241.1338179455,896635.3989147855,1562.774629365168,20430.42010889874,73358.63904800786,BO,0.0,1128.571201745752,optimal,324.55776175762,40.36720602113453,0.8434700768688933
280.0,280.0,ok,optimal,lcom,838.42774584441,USD/ton,-17180612.33992722,-26628276.68855388,18675.2845299,6097293.616687018,123046611.0262438,3350370.731939638,0,0,0,920.1481132507324,01.01.2025 00:00:00,31.12.2025 22:00:00,1,,,1.0,1.0,1.491994230341529,17.88656925049846,63.63115037554907,20000,205479.4520547945,2464827.563288907,20672,12540038.28734183,150271.7846984999,5.521641070751797,0,195333.5745189156,38844.7449327389,1.128015720096323,5.313120272893615,103770.9614631739,18937,23696,175464.3646111068,288,2.444175483610155,2825644.875268484,15442186.79616459,12620653.04451575,17237350.05768161,1999119.308959896,1228802.833677509,1513551.166969222,5734707.685855009,1621032.695002937,14222495.51378228,0,1596534.844067645,541016.4914881464,2604795.484263243,531312.0272893615,1068243.086931717,18144833.73308146,17894942.17110728,591483.8523877922,681169.5217856169,4946735.835964239,42385.59266118136,109002.1007767323,151413.2594025602,603169.5106371151,83832.3545775171,36855.66855256037,60528.22429368251,286669.9195931409,67977.42739023312,284384.9797112279,0,66950.11875648148,22687.33343900113,0,0,0,544220.7323093404,894542.8283935923,1566.839854553302,20430.42010889874,73753.42148181939,BO,0.0,838.42774584441,optimal,34.41430585627802,4.280314749065141,0.11557933997151078
281.0,281.0,ok,optimal,lcom,822.0941598481204,USD/ton,-17441130.24484082,-26544311.80866754,18695.5767994,5862147.501593974,118339117.7458368,3241034.062232748,0,0,0,874.0981006622314,01.01.2025 00:00:00,31.12.2025 22:00:00,1,,,1.0,1.0,1.472068148740473,18.89903188646432,62.63375414062305,20000,205479.4520547945,2397698.213534086,20109,12540038.28734183,150517.7806495826,3.624507262888722,0,128220.5689319514,25498.40859442217,1.133040827888265,5.28875706249404,68117.17724509921,18968,23722,170685.6089379231,288,2.443204667483376,2791658.39507307,16226694.51187683,12462143.91847225,17237350.05768161,1999119.308959896,1201956.046191758,1476400.852448832,5734707.685855009,1622810.155081408,9737299.478371523,0,1204174.812023721,408057.7598166524,2616399.381133821,528875.706249404,805714.5906845846,18166363.72250571,17912219.74255921,580641.7207927278,681169.5217856169,4945360.378273212,41875.78439823988,114539.7225020069,149511.5841616164,603169.5106371151,83832.3545775171,36050.44881009388,59042.55098514562,286669.9195931409,68051.9645441078,194701.5354594702,0,50496.64087703182,17111.75648983903,0,0,0,544866.4845263871,895406.5097336376,1538.119063913153,20430.42010889874,73738.75576458669,BO,0.0,822.0941598481204,optimal,18.08071985998845,2.24880816174607,0.09308596200591387
282.0,282.0,ok,optimal,lcom,832.5253542410835,USD/ton,-17503358.09754128,-27173707.38675598,18929.91826280001,6369913.426373966,128497706.1556986,3300435.862840727,0,0,0,928.5408608913422,01.01.2025 00:00:00,31.12.2025 22:00:00,1,,,1.0,1.0,1.210775736461569,26.19804003640038,68.99772498261709,20000,205479.4520547945,2396505.862739151,20099,12540038.28734183,150795.5180137083,5.337577423956707,0,188822.1389498925,37549.85717753544,1.576064035565596,5.315550344727144,100311.7613171304,19003,21132,170600.7287305841,288,2.422036328057396,2341447.843505193,21770899.82413872,13465231.51323751,17237350.05768161,1999119.308959896,1201477.846050476,1475740.056878596,5734707.685855009,1624815.8131057,13795079.87137691,0,1560678.083680893,528865.7396441419,3639421.339270351,531555.0344727144,1044251.292111051,18190660.14884898,16179458.88802119,580448.2442991318,681169.5217856169,4915328.042774915,35122.47961548347,153674.725474783,161545.8871136084,603169.5106371151,83832.3545775171,36036.10608119886,59016.12519699895,286669.9195931409,68136.07109737859,275838.6181619538,0,65446.47830977533,22177.79599798668,0,0,0,545595.2109028059,808788.2473817886,1537.606544966336,20430.42010889874,73418.3060453276,BO,0.0,832.5253542410835,optimal,28.511914252951556,3.5461987119733243,0.13994656296005695
283.0,283.0,ok,optimal,lcom,984.0216074073319,USD/ton,-12182106.56639061,-20859690.02819948,15139.5421369,5549171.226565337,112030917.1328097,3128412.23524353,0,0,0,921.0233421325684,01.01.2025 00:00:00,31.12.2025 22:00:00,1,,,1.0,1.0,1.303707173680809,8.73785336934895,80.64508952797692,20000,205479.4520547945,2401036.795759903,20137,12540038.28734183,149875.0170354632,3.813490910691422,0,134906.0544566198,26827.90855671416,1.512809912836572,5.324694237267402,71668.84143007925,18887,20977,170923.2735184722,288,2.293037108192868,2502587.088354813,8103986.994002275,15254864.36285137,17237350.05768161,1999119.308959896,1203294.753666941,1478250.905288306,5734707.685855009,1618163.799132933,10193067.36468052,0,1245887.835104739,422193.0187372527,3493355.951784859,532469.4237267402,833624.8168264655,18110087.50692622,16074979.79994713,581183.286142529,681169.5217856169,4730573.651354477,37539.62072677665,57203.78976590049,183016.5782052771,603169.5106371151,83832.3545775171,36090.6008651201,59116.53620326486,286669.9195931409,67857.12126606025,203814.8124491105,0,52245.86160925888,17704.51352668307,0,0,0,543178.5835125335,803565.4856617394,1539.553669727814,20430.42010889874,71436.97286540574,BO,0.0,984.0216074073319,optimal,180.00816741919994,22.388701291094964,0.17124338131759917
284.0,284.0,ok,optimal,lcom,844.918860091614,USD/ton,-17284293.34156894,-27184929.05676133,18893.566824,6497974.389051034,131025864.6382987,3402661.326141359,0,0,0,947.6012365818024,01.01.2025 00:00:00,31.12.2025 22:00:00,1,,,1.0,1.0,1.36307796105635,24.98824956065371,78.96758055233404,20000,205479.4520547945,2400202.150203449,20130,12540038.28734183,150486.0392365397,5.454835333010749,0,192970.2547405883,38374.76656773062,1.504157526345854,5.73385962170025,102515.4478309375,18964,23589,170863.8573733349,288,2.298407553651215,2604928.31353614,20863958.45582195,15000477.14074884,17237350.05768161,1999119.308959896,1202960.111719564,1477788.416208884,5734707.685855009,1622580.859290617,14067532.61785984,0,1583566.945782355,536622.0701209259,3473376.002163946,573385.962170025,1059566.253008067,18163586.20339334,17823814.34180935,581047.9181146594,681169.5217856169,4738326.452268045,39074.77240876917,147272.8786552376,179964.6284913402,603169.5106371151,83832.3545775171,36080.56389876693,59098.04086373256,286669.9195931409,68042.34910697477,281286.4292514868,0,66406.31457115586,22503.05494768311,0,0,0,544783.1779771195,890987.2488902176,1539.195080021194,20430.42010889874,71520.46708218174,BO,0.0,844.918860091614,optimal,40.905420103482015,5.087653771569518,0.1532901448658876
285.0,285.0,ok,optimal,lcom,980.3766313291414,USD/ton,-12888879.52749943,-22157620.30536657,15960.6363362,5937251.378073937,119812110.0732913,3331489.399793204,0,0,0,895.0626032352448,01.01.2025 00:00:00,31.12.2025 22:00:00,1,,,1.0,1.0,1.59595611533644,10.21207787498915,80.46401505895618,20000,205479.4520547945,2391617.224479919,20058,12540038.28734183,149827.4049158988,5.4075602122716,0,191297.8500693201,38042.18609333071,1.416628425566926,5.032412492645753,101626.9828493263,18881,23768,170252.7198804943,288,2.336438775716501,3002244.103510595,9324749.296687411,15227456.49703245,17237350.05768161,1999119.308959896,1199516.727643513,1473030.451108037,5734707.685855009,1617819.363304366,13957758.43940013,0,1574358.523580496,533501.6194208967,3271255.23169179,503241.2492645754,1053404.888353085,18105916.26097676,17942782.18898147,579654.6583032402,681169.5217856169,4793073.999750389,45034.63855440879,65820.81126021183,182687.7589054934,603169.5106371151,83832.3545775171,35977.28596130783,58907.76571143474,286669.9195931409,67842.67747254569,279091.4468390241,0,66020.16267333471,22372.19996151293,0,0,0,543053.4747042275,896934.2831683762,1535.504336831052,20430.42010889874,72109.1853278231,BO,0.0,980.3766313291414,optimal,176.3631913410095,21.935353635831362,0.15081026456707458
286.0,286.0,ok,optimal,lcom,839.0529524204869,USD/ton,-17373543.04201435,-27086289.2528629,18895.1699093,6402869.831066345,129131630.0443194,3309876.379782205,0,0,0,908.0116455554962,01.01.2025 00:00:00,31.12.2025 22:00:00,1,,,1.0,1.0,1.779372012986575,26.66285221842014,62.20633093794004,20000,205479.4520547945,2399248.269567501,20122,12540038.28734183,150462.2331767575,5.35544638446784,0,189454.2712969343,37675.56531473126,1.735898080979974,5.289268966965691,100647.5816264964,18961,21326,170795.9532074637,288,2.331720612966322,3311061.364987108,22118231.69493456,12394062.3612862,17237350.05768161,1999119.308959896,1202577.63527979,1477259.837567315,5734707.685855009,1622408.876973481,13836637.35259931,0,1564176.758899228,530051.3329298217,4008507.507405797,528926.8966965692,1046592.259255797,18161502.95833059,16310096.8281067,580893.1927743147,681169.5217856169,4786296.612010718,49666.99797304993,156126.4445274797,148694.792000198,603169.5106371151,83832.3545775171,36069.09222527536,59076.90254527202,286669.9195931409,68035.13708989976,276669.5780622631,0,65593.19400610248,22227.51342918969,0,0,0,544720.6948940387,815318.6530853781,1538.785212822313,20430.42010889874,72036.38981456394,BO,0.0,839.0529524204869,optimal,35.03951243235497,4.3580754611355985,0.14137236919376373
287.0,287.0,ok,optimal,lcom,863.7552303450005,USD/ton,-16331289.76240639,-26113936.49386248,18147.7758202,6478560.757020356,130669184.4457598,3304085.97443574,0,0,0,953.8493049144745,01.01.2025 00:00:00,31.12.2025 22:00:00,1,,,1.0,1.0,2.191719466150331,25.68554604584072,69.72426194449841,20000,205479.4520547945,2383628.474153857,19991,12540038.28734183,144328.2051062109,5.467494716101448,0,193418.0930768048,38463.82532777369,2.123537550384267,5.030589417290829,102753.3619470526,18188,20907,169684.0224913233,288,2.409891402125987,3994235.049254934,21387222.15534389,13578542.26576783,17237350.05768161,1999119.308959896,1196310.246359699,1468601.365986999,5734707.685855009,1577789.994931166,14096911.88667208,0,1586028.310464578,537456.1508111138,4903638.241346527,503058.941729083,1061213.154618748,17621646.0447479,16027765.36203877,578356.6694588369,681169.5217856169,4898062.031945553,59914.82555805855,150966.451544944,162905.3057035544,603169.5106371151,83832.3545775171,35881.113484994,58730.64275485919,286669.9195931409,66164.0601994615,281873.8805013048,0,66509.53102044924,22538.03182367681,0,0,0,528528.6851366509,801205.3027439229,1532.065966292336,20430.42010889874,73233.8730808996,BO,0.0,863.7552303450005,optimal,59.74179035686859,7.430446729565919,0.1907418613662729
288.0,288.0,ok,optimal,lcom,843.2787510174096,USD/ton,-16626006.76215513,-26076530.14339323,18148.2209296,6215946.730022211,125411649.7072607,3234576.651215886,0,0,0,909.3781373500824,01.01.2025 00:00:00,31.12.2025 22:00:00,1,,,1.0,1.0,0.04794623303971748,25.16817268319032,61.93825478485785,20000,205479.4520547945,2303264.030575261,19317,12540038.28734183,144502.782877947,6.040072215225389,0,213673.5946858134,42491.90803411062,1.796238033664768,5.035741489942241,113514.0971768384,18210,20187,163963.0965166771,288,2.40828726125054,128057.8460246576,20999114.1645401,12351314.46953953,17237350.05768161,1999119.308959896,1163932.91811185,1423962.565852231,5734707.685855009,1579068.419464136,15418863.66393223,0,1695473.295230209,574543.6856612874,4147843.541003439,503574.1489942241,1134442.905168607,17637096.81075243,15541016.87783368,565218.2886161641,681169.5217856169,4895779.532253837,1920.909363443517,148226.9052045024,148181.9344167496,603169.5106371151,83832.3545775171,34910.01540008076,56945.49840974368,286669.9195931409,66217.67047588082,308306.8808837652,0,71099.06738702908,24093.28435814581,0,0,0,528992.1022896223,776873.4350232148,1497.262414774411,20430.42010889874,73209.4806722615,BO,0.0,843.2787510174096,optimal,39.265311029277655,4.883663515607059,0.17774861311675766
289.0,289.0,ok,optimal,lcom,853.8314747483588,USD/ton,-16590598.88536221,-26337790.1212803,18276.3052761,6434851.896675085,129803075.3265695,3312339.339243004,0,0,0,913.5474455356598,01.01.2025 00:00:00,31.12.2025 22:00:00,1,,,1.0,1.0,0.0640993388137602,27.20036587151358,69.02632079745192,20000,205479.4520547945,2468046.91043523,20699,12540038.28734183,145439.1545627135,6.281446345086267,0,222212.4459037718,44189.97503768189,1.847110701660535,5.268348320057314,118050.3618863788,18328,21089,175693.541170922,288,2.441112099675946,166301.1853072507,22519136.2865779,13469695.81476744,17237350.05768161,1999119.308959896,1230086.631873602,1515330.234916607,5734707.685855009,1585916.747416164,15972325.0327605,0,1740574.811598526,589827.2006043211,4265317.875365091,526834.8320057314,1164620.375613186,17719881.70594719,16150483.61221928,592001.3465001656,681169.5217856169,4942395.058814391,2494.571897976039,158956.3185133983,161599.4465010044,603169.5106371151,83832.3545775171,36894.17370530481,60599.37076438203,286669.9195931409,66504.85266383951,319373.581519575,0,72990.38337563786,24734.19310138725,0,0,0,531475.0821256351,807339.814359682,1568.21069569544,20430.42010889874,73707.13510281387,BO,0.0,853.8314747483588,optimal,49.81803476022685,6.196169402462005,0.18391502951560104
290.0,290.0,ok,optimal,lcom,880.2626496153496,USD/ton,-16144002.6728334,-26275349.2098832,18204.1277373,6718956.784411793,135489565.0788482,3412389.752638008,0,0,0,947.6779220104218,01.01.2025 00:00:00,31.12.2025 22:00:00,1,,,1.0,1.0,2.747993647989229,26.64232313208289,62.65948137152454,20000,205479.4520547945,2449565.473113743,20544,12540038.28734183,144780.5202420727,7.269662986586594,0,257171.5978134873,51142.07911063669,1.851411797365636,5.413829982464949,136622.4113384151,18245,20845,174377.897957168,288,2.438296163019506,4895998.791168824,22102904.148099,12466238.87705995,17237350.05768161,1999119.308959896,1222712.106280591,1505113.899208144,5734707.685855009,1581101.226781452,18217018.5477036,0,1919584.754787811,650488.1575296406,4275249.89534534,541382.9982464949,1284396.110552229,17661667.00036319,15985931.0172387,589027.5045291699,681169.5217856169,4938403.469672008,73441.57514217007,156018.2516382935,149560.7124456041,603169.5106371151,83832.3545775171,36672.98844796376,60190.81063591301,286669.9195931409,66302.91552506284,364257.2040235455,0,80497.1014404807,27277.98867535962,0,0,0,529729.0396889754,799114.0630649332,1560.332992690549,20430.42010889874,73664.56400034345,BO,0.0,880.2626496153496,optimal,76.24920962721762,9.483574009452273,0.1914396995674546
291.0,291.0,ok,optimal,lcom,885.642750971495,USD/ton,-16119324.55076773,-26341001.47177254,18264.0553838,6747880.333247975,135977875.2601585,3473796.587756834,0,0,0,958.7744944095612,01.01.2025 00:00:00,31.12.2025 22:00:00,1,,,1.0,1.0,3.658288243466316,23.88162403483736,62.5276267216153,20000,205479.4520547945,2472458.608376488,20736,12540038.28734183,145312.1889105418,7.474886285805503,0,264431.5772466555,52585.82502064172,1.886047102344961,5.277691912348548,140479.2754122857,18312,22213,176007.5979380761,288,2.124867365716081,6333988.62474694,20030506.41863384,12445248.24375698,17237350.05768161,1999119.308959896,1231845.367100888,1517767.840105432,5734707.685855009,1584989.015129995,18679213.30717626,0,1955725.062988194,662734.9949954965,4355229.176129232,527769.1912348547,1308577.627503203,17708665.24423828,16905600.95925548,592710.1434625923,681169.5217856169,4484957.469418754,95011.89060198901,141389.7725803444,149308.8823545529,603169.5106371151,83832.3545775171,36946.9237159917,60696.85271070043,286669.9195931409,66465.94854160001,373498.9891355812,0,82012.63236353082,27791.55543262585,0,0,0,531138.6650994482,845087.0616504522,1570.088297805849,20430.42010889874,68775.1203555405,BO,0.0,885.642750971495,optimal,81.6293109833631,10.152729658918142,0.1809995341379615
292.0,292.0,ok,optimal,lcom,877.8992817954149,USD/ton,-16322745.81262071,-26527601.142876,18366.9141342,6797324.63222565,136968386.8566464,3407530.698029633,0,0,0,942.2934193611145,01.01.2025 00:00:00,31.12.2025 22:00:00,1,,,1.0,1.0,3.804696916704313,27.36729822705153,62.21231369167348,20000,205479.4520547945,2476870.306317747,20773,12540038.28734183,146050.1767637899,7.510892376937856,0,265705.3287265536,52839.12787175782,1.826818235526571,5.297016192865159,141155.9558859816,18405,19490,176321.6547052303,288,2.127312198229747,6561682.459173899,22643480.91444895,12395015.96081375,17237350.05768161,1999119.308959896,1233603.474804722,1520205.010382045,5734707.685855009,1590377.727031437,18760172.85060932,0,1962031.868135278,664872.1770343684,4218458.843874112,529701.6192865159,1312797.517237543,17773823.3241117,15067828.95040073,593418.5231859772,681169.5217856169,4488569.061833937,98427.3722153912,159834.0326504668,148706.2325819271,603169.5106371151,83832.3545775171,36999.65490527316,60794.31726450218,286669.9195931409,66691.92225152972,375117.8103961912,0,82277.10598597646,27881.17739849673,0,0,0,533092.9612074322,753219.4403402362,1571.964794650651,20430.42010889874,68814.50112088754,BO,0.0,877.8992817954149,optimal,73.88584180728299,9.18962770179235,0.23767371955132355
293.0,293.0,ok,optimal,lcom,1016.2646351057,USD/ton,-11070731.50134797,-20294593.26564941,14209.3055093,6056269.034061861,122125100.6326689,3167592.730239579,0,0,0,739.2730445861816,01.01.2025 00:00:00,31.12.2025 22:00:00,1,,,1.0,1.0,4.009405227235241,23.13780848751421,62.02635103551951,20000,205479.4520547945,2504055.904442256,21001,12540038.28734183,149462.3786659051,2.570887386622875,0,90947.71218917082,18086.19276489193,1.92551770304702,5.411451771516101,48315.97210049701,18835,21151,178256.9234325587,288,2.098137562415493,6878584.977236226,19468139.87816444,12365366.52604107,17237350.05768161,1999119.308959896,1244423.451996237,1535213.702457429,5734707.685855009,1615177.487438218,7148076.611787024,0,956639.6381205899,324175.712517404,4446374.042852456,541145.1771516101,640088.5542238003,18073924.58698986,16192259.66238397,597774.525625719,681169.5217856169,4445389.523400721,103181.0131139546,137420.1836142964,148350.5205959831,603169.5106371151,83832.3545775171,37324.18011158577,61394.52788183647,286669.9195931409,67731.8913511931,142928.8988171921,0,40116.34172427574,13594.19278047878,0,0,0,542093.9436056754,809428.1399723664,1583.503838703276,20430.42010889874,68343.18791536536,BO,0.0,1016.2646351057,optimal,212.25119511756805,26.3989610821308,0.19391493272848948
294.0,294.0,ok,optimal,lcom,960.9608957503109,USD/ton,-12642639.8535212,-21934531.39654381,15363.1649114,6094375.505478816,122896814.3491302,3197516.037543799,0,0,0,773.0999255180359,01.01.2025 00:00:00,31.12.2025 22:00:00,1,,,1.0,1.0,4.010085943606191,23.30884838925021,64.12241187345676,20000,205479.4520547945,2530764.562248792,21225,12540038.28734183,150708.2291278402,2.780021114975668,0,98346.02696337925,19557.44854385383,1.652233112466996,5.308325060223677,52246.32682429523,18992,21348,180158.2400769514,288,2.128166062209125,6879636.029163471,19597613.72971175,12698542.80622046,17237350.05768161,1999119.308959896,1255030.74857358,1549943.223243947,5734707.685855009,1624185.59489947,7669335.478081984,0,1008103.097712749,341615.0940954813,3815309.728074297,530832.5060223676,674522.8073459227,18183025.45621718,16324902.41459886,602038.9346386994,681169.5217856169,4489830.126247787,103196.7792349006,138334.1035144116,152347.7231464093,603169.5106371151,83832.3545775171,37642.32635618975,61983.57419712562,286669.9195931409,68109.64312187505,153351.6964177918,0,42274.44353089591,14325.50702146154,0,0,0,545366.2224162675,816058.7633964417,1594.800251903198,20430.42010889874,68828.25002145332,BO,0.0,960.9608957503109,optimal,156.94745576217895,19.520501518543725,0.1806611198282099
295.0,295.0,ok,optimal,lcom,1001.045738639284,USD/ton,-11209257.37514199,-20227035.32163195,14167.9186864,5876291.096483752,118581572.8237673,3141486.850006216,0,0,0,751.89626121521,01.01.2025 00:00:00,31.12.2025 22:00:00,1,,,1.0,1.0,2.388211781743809,20.97890729474491,66.05242168067117,20000,205479.4520547945,2504890.549998711,21008,12540038.28734183,150216.2372256747,2.563522575011642,0,90687.17461361185,18034.3813152069,1.687605121558826,5.421372720791768,48177.56151348129,18930,21487,178316.339577696,288,2.300942712684369,4315118.262317823,17825389.79625892,13003402.43923402,17237350.05768161,1999119.308959896,1244755.271389639,1535674.236963187,5734707.685855009,1620631.200198386,7129644.607456445,0,954802.646159267,323553.2125140375,3896990.193966964,542137.2720791769,638859.4210353051,18139970.78159581,16418404.5619297,597908.0149052471,681169.5217856169,4741984.331481216,64728.1781770434,125824.4677780312,156005.2035107008,603169.5106371151,83832.3545775171,37334.13242065225,61412.9450562722,286669.9195931409,67960.59084892951,142560.3428789948,0,40039.30812214532,13568.08846505706,0,0,0,544074.8770726579,820732.8033868729,1583.857451608304,20430.42010889874,71559.84992057893,BO,0.0,1001.045738639284,optimal,197.03229865115202,24.50609515359102,0.16279737507661454
296.0,296.0,ok,optimal,lcom,1028.889527882029,USD/ton,-10769180.60663605,-19992461.71037056,14001.9602829,5984337.414482821,120734359.0362766,3238943.689251689,0,0,0,746.1456425189972,01.01.2025 00:00:00,31.12.2025 22:00:00,1,,,1.0,1.0,2.295096103461582,20.9700981308603,68.52956328816535,20000,205479.4520547945,2522298.871604756,21154,12540038.28734183,150668.5523615365,2.533464679705756,0,89623.84650927082,17822.92402172999,1.723575841486813,5.466579072306486,47612.66845805012,18987,24355,179555.5906048448,288,2.265968576727582,4163398.083138399,17818653.16943505,13392090.61398351,17237350.05768161,1999119.308959896,1251671.048956876,1545276.181663615,5734707.685855009,1623899.092260206,7054363.24872362,0,947287.2197122372,321006.4659375268,3980053.19314761,546657.9072306486,633830.841560692,18179554.73941131,18332167.67557652,600688.8840986309,681169.5217856169,4691414.097157963,62452.3261159915,125776.9158033243,160668.3967085858,603169.5106371151,83832.3545775171,37541.55837932986,61796.93515529663,286669.9195931409,68097.62873597293,141055.0593895311,0,39724.15139693893,13461.29155650627,0,0,0,545262.124684124,916399.1124583274,1591.223970009277,20430.42010889874,71014.75998107916,BO,0.0,1028.889527882029,optimal,224.87608789389697,27.969195129028734,0.1770576091812632
297.0,297.0,ok,optimal,lcom,1259.545974160741,USD/ton,-9115540.790750269,-22224078.65311913,15543.8701105,9376772.249751031,188649267.3315845,3731765.612617832,0,0,0,747.5123076438904,01.01.2025 00:00:00,31.12.2025 22:00:00,1,,,1.0,1.0,2.282825578535088,119.083238298187,70.09103816578316,20000,205479.4520547945,2421187.524194298,20306,12540038.28734183,151208.1563832664,2.812634043078432,0,99499.74190794262,19786.88049305677,1.57133741008823,5.694065649358614,52859.23788859451,19055,24340,172357.7490225006,288,2.28059409947642,4143359.407190629,85055035.59102063,13635654.92021435,17237350.05768161,1999119.308959896,1211366.927922699,1489411.847947257,5734707.685855009,1627793.398469989,7750261.504977126,0,1016011.419763741,344294.9808924932,3628506.692887413,569406.5649358614,679814.273668498,18226734.98730404,18322231.58206275,584446.7609987208,681169.5217856169,4712589.897046154,62151.73945571243,600379.8350220504,163590.5010838867,603169.5106371151,83832.3545775171,36332.71080392807,59562.87198320595,286669.9195931409,68260.93507669444,154969.8475006579,0,42606.07619299896,14437.88711763079,0,0,0,546677.2089685233,915902.4212083636,1548.198609819368,20430.42010889874,71243.17467768885,BO,0.0,1259.545974160741,optimal,455.5325341726091,56.65732828786211,0.7036535459215048
298.0,298.0,ok,optimal,lcom,876.7999565946479,USD/ton,-15628779.85723518,-25221021.50670553,17568.8275801,6241024.925852144,125876323.9484684,3351216.72361821,0,0,0,920.2049157619476,01.01.2025 00:00:00,31.12.2025 22:00:00,1,,,1.0,1.0,2.047089355629647,19.7481364989681,71.83886190339456,20000,205479.4520547945,2300283.153587925,19292,12540038.28734183,139836.7951606361,5.203302064839872,0,184072.0138457753,36605.23002614851,1.581983937551563,5.680867966365843,97788.25735556814,17622,24260,163750.8959983297,288,2.278140584473603,3756213.505900256,16881380.79717773,13907003.45599596,17237350.05768161,1999119.308959896,1162727.675442723,1422303.859429651,5734707.685855009,1544721.766585886,13482349.62341502,0,1534262.540513383,519914.325562362,3653091.480284886,568086.7966365842,1026576.625328117,17222349.7988493,18269226.66055694,564728.0764098924,681169.5217856169,4709040.38609759,56344.42494985808,119160.970864657,166845.94009262,603169.5106371151,83832.3545775171,34873.86637509372,56879.16530084432,286669.9195931409,64777.35584846701,269585.4409234343,0,64338.75193684139,21802.42164393455,0,0,0,516552.5326654869,913252.7802120859,1495.963843361389,20430.42010889874,71204.90404485431,BO,0.0,876.7999565946479,optimal,72.78651660651599,9.052897997276064,0.16050113867167184
299.0,299.0,ok,optimal,lcom,1066.509161125798,USD/ton,-14068355.20574066,-27248691.87379377,19028.65461020001,9412803.988427904,189485680.7883615,3767532.679625202,0,0,0,749.0095934867859,01.01.2025 00:00:00,31.12.2025 22:00:00,1,,,1.0,1.0,1.566972961228152,119.4227892770121,69.35645604443557,20000,205479.4520547945,2312087.426457778,19391,12540038.28734183,151033.5786115303,3.654524770672218,0,129282.4682873004,25709.58176167906,1.131633864729503,6.298415522249667,68681.31127762834,19033,24325,164591.2100509854,288,2.688713449697316,2953129.56947606,85273275.93328992,13521208.90206959,17237350.05768161,1999119.308959896,1167498.610139465,1428871.079978286,5734707.685855009,1626533.978482691,9809847.798989499,0,1210847.461345198,410318.9151796249,2613150.444778434,629841.5522249667,810179.2671278662,18211475.86385999,18312294.75372437,566668.0913545223,681169.5217856169,5288191.992058977,44297.90456085141,601920.332886478,162217.4624168842,603169.5106371151,83832.3545775171,35016.96173836107,57141.79414817283,286669.9195931409,68208.12174911366,196152.1706638922,0,50776.45604433192,17206.57723280018,0,0,0,546219.5397797459,915405.693225558,1501.102940094806,20430.42010889874,77366.3573222465,BO,0.0,1066.509161125798,optimal,262.4957211376661,32.64817577446726,0.714635702179989
