Unnamed: 0,case_id,solver_status,termination_condition,objective_metric,objective_value,objective_unit,total_costs,operating_costs,methanol_output_period,CAPEX_technologies,CAPEX_total_technologies,OPEX_fix_technologies,CAPEX_industries,CAPEX_total_industries,OPEX_fix_industries,solver_time,start_time,end_time,time_step,direct_emitted_co2,indirect_emitted_co2,technology_symbiosis,direct_symbiosis,wt_scale,pv_scale,bess_scale,anaerobic_digester_lvl2_scale,compressor_biogas_scale,steam_generator_scale,reformer_auto_scale,reverse_water_gas_shift_scale,compressor_syngas_mp_to_hp_scale,electrolyzer_lvl2_scale,storage_o2_l_scale,compressor_h2_lp_to_mp_scale,compressor_h2_mp_to_hp_scale,cgh2_scale,biogas_storage_scale,compressor_cgh2_scale,meohsyn_syngas_scale,distillery_syngas_scale,fuel_boiler_aux_scale,storage_meoh_scale,genset_gas_scale,wt_CAPEX,pv_CAPEX,bess_CAPEX,anaerobic_digester_lvl2_CAPEX,compressor_biogas_CAPEX,steam_generator_CAPEX,reformer_auto_CAPEX,reverse_water_gas_shift_CAPEX,compressor_syngas_mp_to_hp_CAPEX,electrolyzer_lvl2_CAPEX,storage_o2_l_CAPEX,compressor_h2_lp_to_mp_CAPEX,compressor_h2_mp_to_hp_CAPEX,cgh2_CAPEX,biogas_storage_CAPEX,compressor_cgh2_CAPEX,meohsyn_syngas_CAPEX,distillery_syngas_CAPEX,fuel_boiler_aux_CAPEX,storage_meoh_CAPEX,genset_gas_CAPEX,wt_OPEX_fix,pv_OPEX_fix,bess_OPEX_fix,anaerobic_digester_lvl2_OPEX_fix,compressor_biogas_OPEX_fix,steam_generator_OPEX_fix,reformer_auto_OPEX_fix,reverse_water_gas_shift_OPEX_fix,compressor_syngas_mp_to_hp_OPEX_fix,electrolyzer_lvl2_OPEX_fix,storage_o2_l_OPEX_fix,compressor_h2_lp_to_mp_OPEX_fix,compressor_h2_mp_to_hp_OPEX_fix,cgh2_OPEX_fix,biogas_storage_OPEX_fix,compressor_cgh2_OPEX_fix,meohsyn_syngas_OPEX_fix,distillery_syngas_OPEX_fix,fuel_boiler_aux_OPEX_fix,storage_meoh_OPEX_fix,genset_gas_OPEX_fix,optimization_mode,bo_penalized,bo_objective,_termination_condition_norm,abs_cost_gap,rel_cost_gap,layout_distance
0.0,0.0,ok,optimal,lcom,1555.666014347356,USD/ton,-6068391.483767015,-24653767.15947855,17244.0342326,13390005.45468158,269188150.111604,5195370.221029962,0,0,0,43.43722891807556,01.01.2025 00:00:00,31.12.2025 22:00:00,1,,,1.0,1.0,26.21780831931537,142.6071459614874,146.398788362281,20000,205479.4520547945,1666891.776757387,13979.87726295555,12540038.28734183,261808.2707558225,3.12037280884873,0,110386.3084858327,21951.82271025082,1.559945203362026,0.4065852851773962,58642.72638309861,32992.64218662403,32992.64218662403,118661.4880652938,288,3.005575058716044,37278969.22096678,100037220.7486229,28234622.97495267,17237350.05768161,1999119.308959896,898625.8221468518,1064402.493423717,5734707.685855009,2351433.706570596,8509426.40683848,0,1089208.622603287,369099.2587409501,3602199.995110475,40658.52851773962,728790.5964882773,27136559.40581115,26022373.61266416,455117.8514148887,681169.5217856169,5717094.292448923,559196.6697791349,706134.9121986997,338738.1205679938,603169.5106371151,83832.3545775171,26952.61969302099,42566.37916623257,286669.9195931409,98606.5330724621,170149.6796900303,0,45675.57476420722,15478.04565459824,0,0,0,813910.9153290892,1300821.621573701,1205.606518650979,20430.42010889874,81831.33810547022,BO,0.0,1555.666014347356,optimal,794.4736822651419,104.37226556025439,1.5511946727562735
1.0,1.0,ok,optimal,lcom,1348.502232342869,USD/ton,-8488728.912557596,-22932841.67644716,16451.4639856,9888110.68121461,198982553.5105886,4556002.082674954,0,0,0,59.29164910316467,01.01.2025 00:00:00,31.12.2025 22:00:00,1,,,1.0,1.0,49.56508044572318,3.087674144370367,193.9819704323988,20000,205479.4520547945,2085020.864211147,17486.63961200633,12540038.28734183,194921.1103354841,4.246782213565522,0,150234.167587094,29876.11287243345,1.818249672071006,1.283831568974037,79811.90153064365,24563.63364439307,24563.63364439307,148426.9595928841,288,2.623782158161189,66127999.35436452,3177625.947184199,35363977.05664267,17237350.05768161,1999119.308959896,1074833.749797976,1301932.847280038,5734707.685855009,1929697.943228937,11229707.41783329,0,1339038.053115817,453758.7589507957,4198672.457037436,128383.1568974037,895951.7223783615,21911117.68049629,18470291.9907481,528749.3922725453,681169.5217856169,5198469.408078124,991941.5099417396,22429.97758657858,424270.8370713377,603169.5106371151,83832.3545775171,32237.65061894067,52065.42409350955,286669.9195931409,80921.1943875627,224542.8808951871,0,56152.08274887688,19028.21157422998,0,0,0,657183.4542663919,923303.7514553176,1400.656362027442,20430.42010889874,76422.24675658223,BO,0.0,1348.502232342869,optimal,587.309900260655,77.15657075184797,1.332120390497259
2.0,2.0,ok,optimal,lcom,1353.695484882152,USD/ton,-8288450.245417033,-23644130.5975417,16192.3902921,10562703.57047665,211975681.2656746,4792976.78164802,0,0,0,56.08701586723328,01.01.2025 00:00:00,31.12.2025 22:00:00,1,,,1.0,1.0,30.2361513049481,43.68437102970628,122.3705789444759,20000,205479.4520547945,845663.8209227724,7092.407909780627,12540038.28734183,252166.7945969967,5.842892970704362,0,206698.1817316375,41104.7520489052,3.663618432936917,3.192489889519251,109808.4090449324,31777.6394208952,31777.6394208952,60200.50539146891,288,0.9983689107917987,42383909.02727188,34492759.19637182,24462093.32528442,17237350.05768161,1999119.308959896,522169.1038315376,577919.296332944,5734707.685855009,2293056.619132184,14965098.79657123,0,1658186.746944417,561908.4227302969,8459967.871159432,319248.9889519251,1109494.437811414,26408307.71659091,25177169.25004385,288847.3602717861,681169.5217856169,2643198.532092465,635772.4281427328,243474.7917260206,293478.1004696452,603169.5106371151,83832.3545775171,15661.49661423495,23111.49405152481,286669.9195931409,96158.51075012966,299233.6551286172,0,69535.46929518103,23563.4291176589,0,0,0,792068.3526777505,1258571.051894313,765.1562322949588,20430.42010889874,47480.64063124407,BO,0.0,1353.695484882152,optimal,592.5031527999379,77.83882309733296,1.0638481765403427
3.0,3.0,ok,optimal,lcom,1483.988649707667,USD/ton,-6671243.234592156,-22731389.33956405,16323.8403721,11118332.42493371,223976699.3572878,4941813.680038184,0,0,0,49.82635235786438,01.01.2025 00:00:00,31.12.2025 22:00:00,1,,,1.0,1.0,35.99641068895281,88.86218532930636,9.290082543999544,20000,205479.4520547945,1682785.278152025,14113.17277852158,12540038.28734183,273646.5347495549,3.41048247374583,0,120649.2279912325,23992.74420280192,0.6505159298527952,6.642198760773333,64094.90237034226,34484.48049611839,34484.48049611839,119792.9031651536,288,4.041986740582305,49586154.37514553,65355139.88150831,2707457.612061746,17237350.05768161,1999119.308959896,905473.8945687163,1073532.14489241,5734707.685855009,2422150.670797712,9218254.418513117,0,1156057.210237118,391752.1864092556,1502160.764547832,664219.8760773332,773519.0544209903,28020737.50516906,27055072.85585419,458020.7371478378,681169.5217856169,7034649.595654473,743808.4521430436,461323.7514657554,32482.07365265311,603169.5106371151,83832.3545775171,27158.01496107129,42931.4818491678,286669.9195931409,101572.0237228513,184323.0038808168,0,48478.8464230865,16427.98808974798,0,0,0,840430.2022954472,1352444.794929056,1213.296258685702,20430.42010889874,95117.54545012958,BO,0.0,1483.988649707667,optimal,722.796317625453,94.95580645804324,1.3944487485828734
4.0,4.0,ok,optimal,lcom,1437.009519047809,USD/ton,-6019174.195261664,-19301518.21233954,13499.282271,8860922.465756947,178014179.6488664,4421421.551320932,0,0,0,46.5540714263916,01.01.2025 00:00:00,31.12.2025 22:00:00,1,,,1.0,1.0,21.32296384213594,14.65081710095758,136.8466053024314,20000,205479.4520547945,1383399.661171647,11602.28740609402,12540038.28734183,266943.7444799619,2.440764696895577,0,86344.49191737792,17170.77964266038,4.951769101112702,0.2407196478065288,45870.51133110702,33639.80603118173,33639.80603118173,98480.45606355132,288,1.293899908000085,30952088.84166701,12903577.07128425,26750951.23954952,17237350.05768161,1999119.308959896,774125.0171760991,899999.1888693209,5734707.685855009,2382237.834936986,6821623.909086696,0,923921.5303383657,313088.5533825796,11434544.36307964,24071.96478065288,618196.8350510447,27521440.60498306,26471035.32107841,401680.589076238,681169.5217856169,3169250.210244361,464291.4051720459,91082.76093731735,320938.1245972256,603169.5106371151,83832.3545775171,23218.44828913793,35991.7483840983,286669.9195931409,99898.29319907812,136401.3351316108,0,38744.31955410728,13129.25672004347,0,0,0,825454.7151316493,1323249.585285413,1064.051289353655,20430.42010889874,53855.30271318004,BO,0.0,1437.009519047809,optimal,675.8171869655948,88.784024546979,1.3757751546596642
5.0,5.0,ok,optimal,lcom,1276.402332853514,USD/ton,-11687746.20754636,-29164335.74572422,20394.2826001,12324196.87376661,248219698.952663,5152392.664411243,0,0,0,52.61340117454529,01.01.2025 00:00:00,31.12.2025 22:00:00,1,,,1.0,1.0,46.37655990477874,46.75666141341163,104.0136042355622,20000,205479.4520547945,1573981.05172818,13200.6541901492,12540038.28734183,270535.9050556072,3.69708911051054,0,130788.2243734209,26009.02189244165,9.695846277645586,5.425929763527802,69481.24419837985,34092.48412346284,34092.48412346284,112047.426466983,288,4.474136752138244,62286772.45773533,36668538.63748799,21479497.8141523,17237350.05768161,1999119.308959896,858326.5975998989,1010854.780766586,5734707.685855009,2403668.531181277,9912618.154616134,0,1220278.252049124,413514.7197169049,22389489.92480813,542592.9763527802,816489.4187736023,27789447.1622801,26784248.8801196,437961.1370462146,681169.5217856169,7553052.933694933,934321.856465565,258833.0135270542,257695.1258306107,603169.5106371151,83832.3545775171,25743.91897869834,40424.95968015421,286669.9195931409,100796.9817957728,198207.108594544,0,51171.93288590633,17340.59215523574,0,0,0,833493.0761892092,1338906.687740223,1160.158407536017,20430.42010889874,100195.0472440603,BO,0.0,1276.402332853514,optimal,515.2100007713,67.68460204557785,1.6672874229392198
6.0,6.0,ok,optimal,lcom,4397.536001545747,USD/ton,9507507.639475772,-7160172.984213486,5006.9858513,12223706.1745347,246129055.8427856,4443974.449154554,0,0,0,48.13332271575928,01.01.2025 00:00:00,31.12.2025 22:00:00,1,,,1.0,1.0,41.85299851677595,138.2811352534675,17.6985004103839,20000,205479.4520547945,946695.880165878,7939.742936287178,12540038.28734183,191005.8215759147,0.9045457782107613,0,31999.21144998389,6363.479549712706,3.253303307632643,2.720741027826374,16999.58108280394,24070.23547660844,24070.23547660844,67392.70266501319,288,4.143687545759646,56791203.22325503,97301850.72123556,4534142.697364985,17237350.05768161,1999119.308959896,571506.7450487464,639703.3985436357,5734707.685855009,1903641.269395719,2791913.420045441,0,475117.6838038877,161002.7512338232,7512474.882829257,272074.1027826375,317901.7251570914,21591143.00145018,18143411.94521793,311535.0650973318,681169.5217856169,7158086.636042297,851886.5295592177,686826.6961200689,54397.29005961991,603169.5106371151,83832.3545775171,17141.28792170178,25582.29390157613,286669.9195931409,79828.51707205344,55825.52235968187,0,19923.89046325564,6751.592898380858,0,0,0,647586.4055023997,906963.480686178,825.2559289908206,20430.42010889874,96333.481764758,BO,0.0,4397.536001545747,optimal,3636.343669463533,477.7168024691534,1.5747580621327513
7.0,7.0,ok,optimal,lcom,1219.655980804104,USD/ton,-12263583.60016641,-28443059.99131151,19842.944069,10998756.486577,220702928.9513306,5180719.9045681,0,0,0,46.69145393371582,01.01.2025 00:00:00,31.12.2025 22:00:00,1,,,1.0,1.0,24.97273286855125,42.14017645310711,108.5392166316497,20000,205479.4520547945,848222.0649786359,7113.86337462144,12540038.28734183,250627.5909364919,16.04393961508079,0,567570.4078230981,112869.1151920934,0.7455064367977082,6.908208556203621,301521.7791560208,31583.67153944986,31583.67153944986,60382.61982189312,288,0.993578407670862,35681788.46806441,33393441.0028536,22223955.21244141,17237350.05768161,1999119.308959896,523432.4260673924,579492.512154901,5734707.685855009,2283669.417752142,37144487.21694715,0,3262504.418257681,1105562.274690674,1721511.292319606,690820.8556203621,2182945.022363874,26291343.75722679,25041881.91274156,289432.5152281085,681169.5217856169,2634314.072318781,535238.4387249348,235715.0104141322,266626.5750007696,603169.5106371151,83832.3545775171,15699.38762841857,23174.40831713531,286669.9195931409,95764.86181129179,742720.1670296964,0,136811.9581339012,46361.35932658057,0,0,0,788560.2350198363,1251808.229405195,766.7063069131484,20430.42010889874,47370.36253262316,BO,0.0,1219.655980804104,optimal,458.46364872188997,60.22967250179455,0.9251817267181497
8.0,8.0,ok,optimal,lcom,1087.688545567348,USD/ton,-15703246.11024568,-31835544.16888231,21733.0724622,11603193.32253285,233748764.9060857,4529104.736103787,0,0,0,44.3740439414978,01.01.2025 00:00:00,31.12.2025 22:00:00,1,,,1.0,1.0,0.3865481986521679,122.3192142682251,141.3714687695234,20000,205479.4520547945,1900023.811957418,15935.10752061481,12540038.28734183,172498.994004471,15.42540693371891,0,545689.1956872403,108517.7377787126,0.7404465173409036,2.509260099809908,289897.3852088464,21738.03589287695,21738.03589287695,135257.5230318473,288,4.315517129377968,837935.2069017551,87132399.19333008,27456262.79610788,17237350.05768161,1999119.308959896,997838.3832839626,1197491.278137851,5734707.685855009,1777996.436820506,35853158.18650585,0,3177688.102459705,1076820.63728484,1709827.008920883,250926.0099809908,2126194.339253593,20053357.98141935,16587087.22166665,496837.6158183211,681169.5217856169,7364597.933911324,12569.3007876037,615043.3667949655,329399.930915497,603169.5106371151,83832.3545775171,29928.31698904434,47888.71513210648,286669.9195931409,74559.64587058511,716899.4817802829,0,133255.2162085611,45156.08902212941,0,0,0,601463.3876755845,829165.0107725817,1316.122113161266,20430.42010889874,98357.94712501134,BO,0.0,1087.688545567348,optimal,326.4962134851339,42.8927354788264,1.328499298750981
9.0,9.0,ok,optimal,lcom,1380.748996300298,USD/ton,-8687521.511787608,-24940595.75650512,17713.4841161,11275587.64468519,226683425.8609482,4977486.600032317,0,0,0,61.53450226783752,01.01.2025 00:00:00,31.12.2025 22:00:00,1,,,1.0,1.0,43.63086887792905,49.63470372789737,12.71167005720473,20000,205479.4520547945,1152375.425229763,9664.734825734931,12540038.28734183,264312.2631611621,6.503666440534941,0,230073.7040003641,45753.29340916331,7.296061783380641,4.462902299486492,122226.6552501934,33308.1911386449,33308.1911386449,82034.46958844889,288,2.361074625809746,58957848.31310074,38693796.9763004,3479429.948724179,17237350.05768161,1999119.308959896,668849.1219396564,763525.9621903723,5734707.685855009,2366478.08265788,16479987.71312117,0,1781594.074261849,603727.3654845319,16847946.75080652,446290.2299486492,1192066.405954428,27324479.50762331,26241266.08081372,355397.1017764476,681169.5217856169,4828395.651962263,884386.910984829,273128.7487399566,41743.62669989912,603169.5106371151,83832.3545775171,20060.89249982024,30534.06564777759,286669.9195931409,99237.41361315521,329524.5174727354,0,74710.51151240683,25317.0915535712,0,0,0,819547.2312594688,1311763.746208712,941.4463996068463,20430.42010889874,72488.19252370633,BO,0.0,1380.748996300298,optimal,619.5566642180838,81.39291977932949,1.4336679270319206
10.0,10.0,ok,optimal,lcom,979.4537393819919,USD/ton,-21342642.09869286,-38683601.16304255,26405.2512537,12423479.73766267,248821455.1439744,4917479.326687016,0,0,0,54.43838858604431,01.01.2025 00:00:00,31.12.2025 22:00:00,1,,,1.0,1.0,8.371597215681119,106.9867180834492,152.1570097233795,20000,205479.4520547945,1600034.366518346,13419.15796354244,12540038.28734183,209597.4004265881,15.41934359909122,0,545474.6991614511,108475.0822196067,4.937955963643907,3.659129805673958,289783.4339295209,26413.11527537824,26413.11527537824,113902.0910259795,288,0.1270956337204759,13343035.52268204,77238056.42641088,29119611.64396583,17237350.05768161,1999119.308959896,869673.8654845866,1025901.345181571,5734707.685855009,2025874.016152063,35840474.27011708,0,3176851.172433804,1076537.027473306,11402647.29155731,365912.9805673958,2125634.348522581,23095194.14911049,21396420.975682,442805.0324627883,681169.5217856169,624478.5018885729,200149.8749818436,545201.9536819517,349355.5599696612,603169.5106371151,83832.3545775171,26084.25929422606,41026.68484520644,286669.9195931409,84954.30367275063,716645.8613589309,0,133220.1198466914,45144.19594592548,0,0,0,692697.6382120193,1069576.797403097,1172.989879366291,20430.42010889874,18146.88267867396,BO,0.0,979.4537393819919,optimal,218.26140729977783,28.67362138327532,0.992569969333603
11.0,11.0,ok,optimal,lcom,1471.375916346985,USD/ton,-5678700.24504938,-18368918.98441299,13563.6575947,8573940.712550111,172977350.4378259,4116278.0268135,0,0,0,63.20637726783752,01.01.2025 00:00:00,31.12.2025 22:00:00,1,,,1.0,1.0,7.552399889531311,4.714377853010137,127.2820822527561,20000,205479.4520547945,1158409.303360554,9715.339716144901,12540038.28734183,207555.0672115576,10.17141382329405,0,359823.9354128505,71555.89624687367,9.07566473926093,1.745045604042124,191156.4656880768,26155.74384553445,26155.74384553445,82464.00494748526,288,3.777755692715243,12161961.64190564,4650679.456255633,25244444.82328071,17237350.05768161,1999119.308959896,671649.3519893044,767123.0858522035,5734707.685855009,2012626.676841601,24646635.47526776,0,2404020.755796647,814648.5994956939,20957376.84178315,174504.5604042124,1608532.731222569,22931819.66269447,21212843.54958093,356642.8111448946,681169.5217856169,6709493.840028357,182433.3824206217,32827.85252260795,302864.1750168389,603169.5106371151,83832.3545775171,20144.88022165181,30677.91774380644,286669.9195931409,84398.78122778903,492820.1891708715,0,100811.7522092818,34161.99820736711,0,0,0,687797.5226228702,1060400.021730762,944.7462818906885,20430.42010889874,91892.60252046818,BO,0.0,1471.375916346985,optimal,710.1835842647708,93.29883583063551,1.4561702683609454
12.0,12.0,ok,optimal,lcom,1514.665027131848,USD/ton,-5843925.202133819,-20961440.29254844,15203.30050281,10146588.28121997,204518301.9345018,4970926.809194651,0,0,0,57.59927916526794,01.01.2025 00:00:00,31.12.2025 22:00:00,1,,,1.0,1.0,16.01587158441357,11.54698647431895,57.9502905827536,20000,205479.4520547945,884523.8924938738,7418.319308810067,12540038.28734183,262437.2797538545,18.59395304685146,0,657779.6829854172,130808.4596846,8.08120379564417,4.433826295572964,349445.4565860029,33071.90885281577,33071.90885281577,62966.84810384399,288,4.018360384495572,23923387.23485515,10414927.4615234,11710906.19345782,17237350.05768161,1999119.308959896,541278.3111827814,601766.2561254853,5734707.685855009,2355217.339732533,42417884.70582003,0,3601403.522357455,1220404.744273986,18660983.86688036,443382.6295572964,2409702.75738428,27183811.70430626,26077383.47049608,297674.2859923329,681169.5217856169,7005840.876274387,358858.5937629294,73516.07565227062,140498.7896469913,603169.5106371151,83832.3545775171,16234.64194979041,24065.15466277174,286669.9195931409,98765.19837843014,848164.0419410366,0,151023.5710844443,51177.23729220083,0,0,0,815328.1606380623,1303571.486498883,788.538745539068,20430.42010889874,94833.11402462884,BO,0.0,1514.665027131848,optimal,753.472695049634,98.98584934356035,1.5897955673069404
13.0,13.0,ok,optimal,lcom,1133.184317889561,USD/ton,-16073913.91958595,-34301477.14987954,23413.68098999999,13232946.40445255,265800823.4881651,4994616.825841047,0,0,0,45.70483660697937,01.01.2025 00:00:00,31.12.2025 22:00:00,1,,,1.0,1.0,13.05990412202251,133.8838497734967,107.8684483831301,20000,205479.4520547945,2040303.263775364,17111.60232746094,12540038.28734183,185838.2557443524,17.92182599846986,0,634002.5165218699,126080.0458992355,3.180034749718639,0.7703634716937373,336813.8369022434,23419.02743812912,23419.02743812912,145243.6353456786,288,2.135538943131281,19910086.1684997,94512626.15040034,22114012.58066057,17237350.05768161,1999119.308959896,1056352.221832284,1276775.297104446,5734707.685855009,1868978.981826542,41035382.05338738,0,3513652.744194034,1190668.707942719,7343284.325115593,77036.34716937374,2350988.622522603,21166049.53906415,17710746.04798681,521124.3602884088,681169.5217856169,4500712.765888019,298657.771743827,667138.3358008794,265307.5646320894,603169.5106371151,83832.3545775171,31683.33136577789,51059.35183580258,286669.9195931409,78374.96641655057,820520.3004906148,0,147343.7735273509,49930.26722379121,0,0,0,634836.5132298762,885335.1249330383,1380.457663522389,20430.42010889874,68946.86206125561,BO,0.0,1133.184317889561,optimal,371.99198580734696,48.869644389319625,1.3991648395392178
14.0,14.0,ok,optimal,lcom,1461.175210978778,USD/ton,-8178546.19761732,-27221956.16512116,19164.7589896,13798042.25116092,277779904.0267321,5245367.716342922,0,0,0,50.93979263305664,01.01.2025 00:00:00,31.12.2025 22:00:00,1,,,1.0,1.0,57.26103361457452,129.1095874884515,1.390426106238141,20000,205479.4520547945,1509660.325825957,12661.20953866349,12540038.28734183,198893.4999837194,8.34822006297558,0,295326.6329478241,58729.72814303321,2.221078104707302,0.8390575713357796,156892.2737535316,25064.22757105442,25064.22757105442,107468.6090803828,288,4.714548519562595,75300942.95880409,91473880.33034836,592467.2360685484,17237350.05768161,1999119.308959896,830149.6022539614,973599.9372264041,5734707.685855009,1955958.707414363,20632362.05929411,0,2106010.981346744,713662.2644957739,5128877.296890434,83905.75713357796,1409134.088232038,22233957.63197782,20431848.91863841,425887.606174086,681169.5217856169,7834912.076151251,1129538.649102697,645688.6743970653,7107.983634915544,603169.5106371151,83832.3545775171,24898.80211143902,38935.10616542859,286669.9195931409,82022.43015913582,412553.0473847676,0,88314.81870097191,29927.1722991516,0,0,0,666866.4415782936,1021359.20564746,1128.175642023041,20430.42010889874,102925.0046029017,BO,0.0,1461.175210978778,optimal,699.982878896564,91.95874017566443,1.773926020247027
15.0,15.0,ok,optimal,lcom,1128.529936217521,USD/ton,-16979807.3192762,-35815281.34156654,24601.13266839999,13503849.730364,271028079.2643421,5331624.29192634,0,0,0,46.62233829498291,01.01.2025 00:00:00,31.12.2025 22:00:00,1,,,1.0,1.0,22.62420524145286,77.81859326150492,140.6037917790356,20000,205479.4520547945,1246536.465655407,10454.44403568941,12540038.28734183,217894.7035040749,19.43564165441921,0,687555.2591667341,136729.7390388392,9.624472949421111,1.762476070777549,365263.7314323275,27458.72758838578,27458.72758838578,88737.53773629144,288,1.504391549083848,32646990.18043882,57997529.73960528,27336923.23282535,17237350.05768161,1999119.308959896,712224.5849890166,819452.3565081118,5734707.685855009,2079261.71956475,44142146.2384451,0,3709829.733141725,1257147.047996217,22224675.800551,176247.6070777549,2482250.845227698,23754488.55444261,22140051.26038945,374600.4126917621,681169.5217856169,3521913.376165411,489715.4768148941,409388.4282664003,327968.1831138143,603169.5106371151,83832.3545775171,21361.85929908838,32770.61067716008,286669.9195931409,87193.09795706988,882641.4007489372,0,155570.3855277968,52718.01268255986,0,0,0,712471.9546568779,1106749.822708279,992.3159419621064,20430.42010889874,57980.53861482885,BO,0.0,1128.529936217521,optimal,367.33760413530695,48.25818504115355,1.5182436669582866
16.0,16.0,ok,optimal,lcom,2542.702038142609,USD/ton,2448417.503102529,-8146218.480002973,5696.378535579999,7027835.379165336,141107448.8574716,3566800.603940166,0,0,0,50.78467106819153,01.01.2025 00:00:00,31.12.2025 22:00:00,1,,,1.0,1.0,19.93883460642273,5.533042103179919,121.9128667959794,20000,205479.4520547945,1495229.996883183,12540.18534843292,12540038.28734183,187222.1886684317,1.029575024999787,0,36422.24608439246,7243.060300873502,2.786464642366114,6.357861201766576,19349.31823233349,23593.42836000459,23593.42836000459,106441.3532444027,288,0.7244743604561155,29137812.45497998,5371579.844317425,24388867.93651577,17237350.05768161,1999119.308959896,823795.4171302597,965220.2408941864,5734707.685855009,1878292.78228903,3136943.160069467,0,518171.5747921544,175592.3889945874,6434458.658851548,635786.1201766576,346709.1273786109,21280209.60501476,17826758.84357969,423155.7732902599,681169.5217856169,2111748.354915059,437076.668962985,37916.487816737,292599.5964219248,603169.5106371151,83832.3545775171,24708.22007954388,38599.99483904703,286669.9195931409,78765.53731411332,62724.54198119757,0,21729.34001251142,7363.404149683448,0,0,0,638260.5332901343,891134.4403657002,1120.939020733925,20430.42010889874,40698.69476918234,BO,0.0,2542.702038142609,optimal,1781.509706060395,234.04199319600866,0.5684368879443287
17.0,17.0,ok,optimal,lcom,1148.485838202023,USD/ton,-16939915.21804837,-36670285.24352235,25118.5274427,14332361.7227968,288093706.2232691,5398008.302677184,0,0,0,51.71422672271729,01.01.2025 00:00:00,31.12.2025 22:00:00,1,,,1.0,1.0,34.26169321942941,147.8475681165901,48.41105430230008,20000,205479.4520547945,1798307.428847177,15082.03321108818,12540038.28734183,202484.4014366536,15.23239230657435,0,538861.1102373743,107159.8798767506,2.376375439923997,5.097514440283017,286269.9648136051,25516.7469907888,25516.7469907888,128016.6106050308,288,3.161529152967897,47430214.60830799,103339706.7871739,10141487.05164829,17237350.05768161,1999119.308959896,954869.71950998,1139637.585889665,5734707.685855009,1979548.926609783,35449144.2005252,0,3150992.459417491,1067774.305981527,5487487.367906127,509751.4440283017,2108332.257359792,22524270.5883305,20756118.09705897,478855.7960219223,681169.5217856169,5923168.453217553,711468.6540463222,729446.2424357678,121670.0597237476,603169.5106371151,83832.3545775171,28639.55138174111,45575.09578640049,286669.9195931409,83011.67757988167,708821.0465229244,0,132135.7439473712,44776.73434827577,0,0,0,675573.8418239675,1037568.962865537,1268.48829898248,20430.42010889874,83949.9989995926,BO,0.0,1148.485838202023,optimal,387.29350611980885,50.87984860020613,1.301525798052005
18.0,18.0,ok,optimal,lcom,1301.667359560585,USD/ton,-10548956.16431212,-27076838.30215607,19073.1298024,11576884.44683069,232992557.3204437,4950997.691013259,0,0,0,48.77820324897766,01.01.2025 00:00:00,31.12.2025 22:00:00,1,,,1.0,1.0,44.34707975326263,80.36620261121377,18.05795401088166,20000,205479.4520547945,2090135.789407411,17529.53743383857,12540038.28734183,229041.2288667526,6.415601299434717,0,226958.3115688025,45133.75514152324,1.865185103998542,0.2854259908833474,120571.6030209264,28863.39414782363,28863.39414782363,148791.0771940352,288,3.387821809211412,59828163.80601679,59703605.81455479,4607664.424053919,17237350.05768161,1999119.308959896,1076942.638764192,1304806.979542481,5734707.685855009,2149938.526570996,16279013.3899467,0,1765394.469002716,598237.8181480896,4307054.990151736,28542.59908833474,1181227.233609777,24629423.87494012,23133725.31163986,529618.1084910223,681169.5217856169,6216850.761639947,897441.9265999633,421431.1446710877,55279.34935049892,603169.5106371151,83832.3545775171,32300.90284348217,52180.36313622405,286669.9195931409,90156.90462873723,325505.9485258819,0,74031.18684878484,25086.8893456709,0,0,0,738714.0215641285,1156422.181959712,1402.957590011793,20430.42010889874,86941.70903240312,BO,0.0,1301.667359560585,optimal,540.475027478371,71.0037404081464,1.5455971417865988
19.0,19.0,ok,optimal,lcom,1149.663631609684,USD/ton,-12150155.57619707,-25523086.0333985,18041.22003454,9186681.839916267,184308654.7697958,4186248.617285158,0,0,0,51.9407479763031,01.01.2025 00:00:00,31.12.2025 22:00:00,1,,,1.0,1.0,1.161148024949931,76.81395874489215,45.29915503958758,20000,205479.4520547945,1750083.831739695,14677.59185614175,12540038.28734183,270206.3157728848,3.487328580099829,0,123367.7358496115,24533.3565610023,6.90937738102466,2.707147424103762,65539.10967010613,34050.94983105102,34050.94983105102,124583.7039986004,288,0.6876047207299663,2254893.210098185,57323221.74896391,9616523.313227052,17237350.05768161,1999119.308959896,934329.4816948669,1112095.764891299,5734707.685855009,2401706.143140789,9404983.381681966,0,1173445.565744977,397644.5645960305,15955021.44210082,270714.7424103762,785153.6207653461,27764897.87631684,26755531.68149257,470213.7676880001,681169.5217856169,2035931.890700651,33824.13194743875,404628.6757442575,115371.9331195103,603169.5106371151,83832.3545775171,28023.4849338481,44473.67446994528,286669.9195931409,100714.6897538264,188056.7306625066,0,49208.02090402989,16675.0828655548,0,0,0,832756.7657561057,1337471.155630774,1245.595578643445,20430.42010889874,39696.47100204615,BO,0.0,1149.663631609684,optimal,388.4712995274699,51.034578667499275,1.2800223717841115
20.0,20.0,ok,optimal,lcom,1054.244638658052,USD/ton,-15694090.53752085,-30046536.37468757,20952.3220176,9857938.706150156,198385341.0411097,4494507.131016566,0,0,0,76.90488052368164,01.01.2025 00:00:00,31.12.2025 22:00:00,1,,,1.0,1.0,23.8746445735181,17.02102818608836,184.9387236557126,20000,205479.4520547945,2165319.81061422,18160.09030071472,12540038.28734183,224792.7837749696,5.158832554303112,0,182498.8604410269,36292.38701952239,6.599840460341791,5.720555401408511,96952.51960929554,28328.01217399193,28328.01217399193,154143.2230018977,288,2.648252891780032,34266549.36319434,14767999.53150867,34038803.97050105,17237350.05768161,1999119.308959896,1107823.593397888,1346973.538161453,5734707.685855009,2123137.257547595,13378602.14921448,0,1525464.780406217,516933.0355994024,15240243.83852395,572055.540140851,1020690.035098104,24297358.45762083,22755691.15801705,542307.5900159626,681169.5217856169,5232360.62787976,514009.3915993657,104243.2004257362,408372.3906488331,603169.5106371151,83832.3545775171,33227.11996910514,53866.64039825584,286669.9195931409,89033.00297973253,267510.9650821854,0,63969.82100736341,21677.40231359591,0,0,0,728754.3334652164,1137524.789736947,1436.572007897641,20430.42010889874,76779.29646566082,BO,0.0,1054.244638658052,optimal,293.052306575838,38.49911437943732,1.1049904136314626
21.0,21.0,ok,optimal,lcom,1170.695439965333,USD/ton,-12837380.93503484,-27822172.43042621,19545.0683537,10082904.98508123,203355611.7006394,4901886.510310145,0,0,0,62.16314554214478,01.01.2025 00:00:00,31.12.2025 22:00:00,1,,,1.0,1.0,16.92966036303162,13.96541517088488,179.4431515906653,20000,205479.4520547945,2206596.676815638,18506.27085744996,12540038.28734183,245117.7866667174,12.66202914546536,0,447931.9430499826,89077.37503834881,3.390297910487007,2.444467022288626,237963.8447453032,30889.33518305359,30889.33518305359,157081.6107451383,288,4.485551299762885,25148412.24052762,12358988.38664296,33227182.5532546,17237350.05768161,1999119.308959896,1124686.127907712,1370060.935121626,5734707.685855009,2249909.349084969,30017009.89156141,0,2784004.563678942,943413.4099391765,7828820.583093977,244446.7022288626,1862780.28330359,25871022.57947331,24556778.69766462,549212.3477885249,681169.5217856169,7566536.475085381,377234.3675003355,87238.6609099895,398635.157262197,603169.5106371151,83832.3545775171,33732.88050758815,54789.92543285489,286669.9195931409,94349.14538337123,600203.1598977306,0,116746.2375465663,39561.70456697457,0,0,0,775953.4785994083,1227558.606359283,1454.862701076184,20430.42010889874,100326.1187260978,BO,0.0,1170.695439965333,optimal,409.5031078831189,53.79758710429176,1.4078344824807414
22.0,22.0,ok,optimal,lcom,2177.124846977688,USD/ton,1690445.545561853,-17460478.08490039,12050.2627259,14322707.78540225,287044953.9071546,4828215.845059999,0,0,0,51.26890826225281,01.01.2025 00:00:00,31.12.2025 22:00:00,1,,,1.0,1.0,62.09604969855821,116.9813318786436,128.4063292308576,20000,205479.4520547945,746661.9286887546,6262.099474925732,12540038.28734183,159801.7930176863,3.232574281892275,0,114355.5477962211,22741.16007311216,8.985541885270791,4.24500341761713,60751.38476674248,20137.95577424944,20137.95577424944,53152.83018089148,288,0.5073577143301605,80999945.28823729,83702680.02173926,25422669.50540698,17237350.05768161,1999119.308959896,472663.6201281156,516655.2258784483,5734707.685855009,1689209.793745814,8784319.278370872,0,1115296.219044089,377939.541776554,20749266.61874266,424500.3417617129,746245.8337830361,18972018.54801851,15507786.01912432,265729.0255631793,681169.5217856169,1645682.451551595,1215025.538635313,590833.9332663874,305002.3829155538,603169.5106371151,83832.3545775171,14176.6711817878,20661.49072257287,286669.9195931409,70836.40968821959,175646.2821405458,0,46769.54880822681,15848.75976790043,0,0,0,569030.6111080345,775212.2714354487,703.915797672579,20430.42010889874,34365.82467566423,BO,0.0,2177.124846977688,optimal,1415.9325148954738,186.01507860992788,1.5344839116204945
23.0,23.0,ok,optimal,lcom,1931.878841774268,USD/ton,-889207.4841120681,-16274394.380585,16481.4684836,10339895.47082517,207583264.8393852,5045291.425647761,0,0,0,52.11575412750244,01.01.2025 00:00:00,31.12.2025 22:00:00,1,,,1.0,1.0,46.44512383756391,0.759237576932803,32.16161028349973,20000,205479.4520547945,1577600.152405451,13231.00684049879,12540038.28734183,243477.9708098553,13.83790395385386,0,489529.6902715344,97349.65431536194,6.519612595026006,1.569885166223919,260062.6479567526,30682.68832021304,30682.68832021304,112305.0603924791,288,1.186245437484,62369643.62183913,899030.4120765962,7311664.17258535,17237350.05768161,1999119.308959896,859905.0952655742,1012946.399647394,5734707.685855009,2239813.551626543,32514548.75284975,0,2954675.798542204,1001248.635413127,15054982.96177944,156988.5166223918,1976976.580025977,25745427.59297654,24412151.80710765,438635.5826248222,681169.5217856169,2982278.784120536,935564.950895373,6346.005580172091,87719.93811438698,603169.5106371151,83832.3545775171,25791.26309704075,40508.60533384427,286669.9195931409,93925.78172094034,650142.5350029792,0,123903.2748545016,41987.00410126073,0,0,0,772186.4892441386,1220328.912823336,1161.945012881241,20430.42010889874,51622.5149502336,BO,0.0,1931.878841774268,optimal,1170.686509692054,153.79641390891095,1.4585221120627774
24.0,24.0,ok,optimal,lcom,1057.917686850718,USD/ton,-19033689.87461463,-37372818.28935393,25509.9117932,13257629.38602019,266039612.5806102,5081499.028719106,0,0,0,77.27953886985779,01.01.2025 00:00:00,31.12.2025 22:00:00,1,,,1.0,1.0,22.77797887114874,111.9737107677036,129.9265798094429,20000,205479.4520547945,2115033.710337095,17738.35115741267,12540038.28734183,202476.3871671197,13.15225784600687,0,465274.2735603389,92526.1339466583,5.683086033354717,0.6557233747966473,247176.9578289301,25515.7370458915,25515.7370458915,150563.4924092542,288,1.326011838408627,32846629.89547083,80470911.72080012,25663176.56302234,17237350.05768161,1999119.308959896,1087193.395989985,1318787.384148461,5734707.685855009,1979496.431813938,31060949.92231305,0,2855768.090680716,967731.8591979445,13123289.48314461,65572.33747966473,1910797.332163084,22523624.24469317,20755395.15713612,533836.7852574888,681169.5217856169,3224105.40301654,492710.1375078933,568021.7798663579,307887.8086834926,603169.5106371151,83832.3545775171,32608.35534959004,52739.45164553536,286669.9195931409,83009.47622935743,621077.1945688861,0,119755.6154333099,40581.49005546404,0,0,0,675554.4559418588,1037532.824122134,1414.132858557999,20430.42010889874,54504.10153999748,BO,0.0,1057.917686850718,optimal,296.72535476850385,38.98165315943506,1.3472633521152435
25.0,25.0,ok,optimal,lcom,1102.272575634428,USD/ton,-18126971.88238143,-37227562.05565485,25495.0335028,13934352.94511181,279936184.2561232,5166237.228161612,0,0,0,59.72906827926636,01.01.2025 00:00:00,31.12.2025 22:00:00,1,,,1.0,1.0,17.07927503653585,145.9515832128668,78.61954493335207,20000,205479.4520547945,2191624.026243545,18380.6983276567,12540038.28734183,227376.1070446483,12.62277251994526,0,446543.2006655834,88801.2046778149,7.948113035416484,3.518459651736345,237226.0753535912,28653.55826939539,28653.55826939539,156015.7485086453,288,2.462588469094319,25348346.7209548,102146240.597761,14947564.23337511,17237350.05768161,1999119.308959896,1118576.813956097,1361691.313815815,5734707.685855009,2139453.838369782,29933240.18607552,0,2778218.585159889,941452.7200050761,18353652.85627297,351845.9651736345,1858908.879195448,24499478.78763238,22985660.96077956,546712.703261388,681169.5217856169,4972792.520052599,380233.449770186,721021.8966116186,179329.818569725,603169.5106371151,83832.3545775171,33549.64293365581,54455.21701552023,286669.9195931409,89717.23297183336,598528.1482254164,0,116503.604602843,39479.48373451331,0,0,0,734816.558979741,1149020.654649013,1448.241146402251,20430.42010889874,74031.07403447207,BO,0.0,1102.272575634428,optimal,341.0802435522139,44.808680957045546,1.4539845763260524
26.0,26.0,ok,optimal,lcom,1416.945188133696,USD/ton,-8381527.789475332,-25621396.88751147,18150.501278,12059595.81554539,242946443.0128417,5180273.282490746,0,0,0,53.82658386230469,01.01.2025 00:00:00,31.12.2025 22:00:00,1,,,1.0,1.0,13.66700914586312,108.3678172892258,56.15447248817116,20000,205479.4520547945,639665.1403235468,5364.739496471808,12540038.28734183,272253.4688750164,12.90944591814335,0,456684.5588002394,90817.95203413852,1.77110679407049,6.5832100904704,242613.6718626272,34308.92865503881,34308.92865503881,45536.02007800573,288,4.574321951102243,20741171.68538958,78134844.3842118,11419668.29695245,17237350.05768161,1999119.308959896,417652.5310488016,449517.5322365122,5734707.685855009,2413882.239422095,30544378.4871978,0,2820335.796200825,955724.9457778499,4089810.892838283,658321.00904704,1887089.54791214,27917246.21088697,26933832.84513582,239570.9791236159,681169.5217856169,7671049.055178032,311124.3249522002,551532.1304012137,137004.732800972,603169.5106371151,83832.3545775171,12526.71529768974,17976.59610651772,286669.9195931409,101225.2900047716,610748.1241921512,0,118269.7748128826,40077.98442740894,0,0,0,837326.1723114657,1346384.178411525,634.6231711481055,20430.42010889874,101340.4306841281,BO,0.0,1416.945188133696,optimal,655.752856051482,86.14811637128474,1.462431660588332
27.0,27.0,ok,optimal,lcom,2434.480361624257,USD/ton,4726942.840892776,-11144361.44991141,13736.7823727,11032576.84449972,221690301.7612006,4838727.446304462,0,0,0,51.65600895881653,01.01.2025 00:00:00,31.12.2025 22:00:00,1,,,1.0,1.0,25.91110901788111,2.318492479330114,185.6637125175451,20000,205479.4520547945,1361993.961904173,11422.76222475972,12540038.28734183,193755.4048517129,19.33309638087339,0,683927.6175697771,136008.3330394443,9.636199770892528,5.971066188271521,363336.5468339441,24416.73338104378,24416.73338104378,96956.64260212923,288,1.925488643009626,36886253.89452793,2455384.898446957,34145512.15721592,17237350.05768161,1999119.308959896,764527.5086096049,887456.1095053595,5734707.685855009,1921958.253086925,43932480.48622853,0,3696703.976495113,1252699.133291779,22251755.18523448,597106.6188271521,2473468.388114036,21816037.41485046,18373052.52763527,397505.6279388932,681169.5217856169,4186053.006910058,553305.8120836298,17331.87894169604,409652.5965382151,603169.5106371151,83832.3545775171,22930.58876850315,35490.13975820984,286669.9195931409,80596.63324436465,878449.0429005929,0,155019.9616084412,52531.49096724162,0,0,0,654331.6975317134,918442.8883392094,1052.991823444662,20430.42010889874,65489.51888252762,BO,0.0,2434.480361624257,optimal,1673.288029542043,219.82460398212686,1.3513887997225589
28.0,28.0,ok,optimal,lcom,1238.16645521734,USD/ton,-12943991.14928709,-31145941.20933118,21452.7481498,12986150.10089744,261122099.1895489,5215799.95914666,0,0,0,44.73103213310242,01.01.2025 00:00:00,31.12.2025 22:00:00,1,,,1.0,1.0,59.57956700617998,47.53830077344165,33.8985493372185,20000,205479.4520547945,1592029.039336569,13352.01893687525,12540038.28734183,170274.012315316,18.72309548321562,0,662348.2258142357,131716.9767244219,6.960297966749731,3.990428190625555,351872.4949638128,21457.64740656153,21457.64740656153,113332.2135755747,288,3.075036133495848,78039550.32117307,37219775.28861734,7625896.35575521,17237350.05768161,1999119.308959896,866191.1832493828,1021280.656444783,5734707.685855009,1762598.086875007,42682941.10969518,0,3618143.211092544,1226077.309267924,16072606.42730065,399042.8190625554,2420903.300131652,19865496.04564829,16398665.79888898,441319.451589849,681169.5217856169,5809265.250474346,1170618.650746306,262724.0397004426,91489.86340233442,603169.5106371151,83832.3545775171,25979.80268115786,40841.8994938056,286669.9195931409,73913.92156250897,853463.9599452517,0,151725.5439558321,51415.11428023477,0,0,0,595828.8163280401,819746.090563182,1169.054577820042,20430.42010889874,82780.996993072,BO,0.0,1238.16645521734,optimal,476.97412313512586,62.66144613285586,1.5355127271562683
29.0,29.0,ok,optimal,lcom,1148.902204279125,USD/ton,-16122471.00280168,-34756885.75718705,23918.1154139,13116206.57044035,263256149.5897394,5518208.183945025,0,0,0,73.04743647575378,01.01.2025 00:00:00,31.12.2025 22:00:00,1,,,1.0,1.0,69.30376950729843,21.0126022854786,103.6659304727473,20000,205479.4520547945,2165380.117118653,18160.59607891933,12540038.28734183,201497.4044002039,14.81537235508409,0,524108.6124334547,104226.1445180166,6.97015740995268,4.917388587909765,278432.7003552728,25392.36726829633,25392.36726829633,154147.5160577853,288,1.467959221322467,89414575.93110149,17851154.7379978,21422041.04266198,17237350.05768161,1999119.308959896,1107848.276599714,1347007.301320558,5734707.685855009,1973078.763485385,34574488.54305894,0,3092930.409564119,1048098.865375265,16095373.6925744,491738.8587909765,2069482.880786887,22444617.13581987,20667058.5851191,542317.7095518865,681169.5217856169,3461990.281648936,1341247.736599538,126006.3353342911,257005.8019885392,603169.5106371151,83832.3545775171,33227.86029609689,53867.99061628069,286669.9195931409,82740.35359897277,691331.9264763185,0,129700.9326137056,43951.6517701723,0,0,0,673184.7838202412,1033117.003929639,1436.598814533412,20430.42010889874,57287.00317002431,BO,0.0,1148.902204279125,optimal,387.70987219691096,50.93454779508152,1.3993369113534087
30.0,30.0,ok,optimal,lcom,1193.650061937961,USD/ton,-16964962.17723209,-38918818.97336047,26564.6536055,15996984.74034111,321506493.3304749,5956872.055787281,0,0,0,60.66725277900696,01.01.2025 00:00:00,31.12.2025 22:00:00,1,,,1.0,1.0,56.65528088349595,121.5170092018771,173.4144637160207,20000,205479.4520547945,2229530.045678224,18698.60828834707,12540038.28734183,236072.4661765012,10.22684797721876,0,361784.9740420908,71945.87551973395,5.015162946871996,5.588066252767426,192198.2674598607,29749.45896166648,29749.45896166648,158714.1748464973,288,3.509834386288516,74583628.35576615,86617934.43361916,32331083.61005878,17237350.05768161,1999119.308959896,1134027.625122986,1382869.556947804,5734707.685855009,2193937.555598307,24767494.23285658,0,2412791.154602318,817620.6175561997,11580932.39670544,558806.6252767426,1614401.013977941,25175303.51628821,23757538.71932344,553030.19034814,681169.5217856169,6372747.152144508,1118778.696625869,611411.9031736333,387884.4250094449,603169.5106371151,83832.3545775171,34013.06144118874,55302.15333218669,286669.9195931409,92001.98820426589,495236.8125610152,0,101179.535752349,34286.62872378622,0,0,0,755086.6719029184,1187605.731186269,1464.976160398304,20430.42010889874,88517.26679728474,BO,0.0,1193.650061937961,optimal,432.45772985574695,56.813201030648116,1.4841498309297443
31.0,31.0,ok,optimal,lcom,2512.471143491603,USD/ton,4221775.098127184,-14873279.84252401,10401.6083276,14010112.81690382,281522585.2926793,5084942.123747374,0,0,0,45.69820284843445,01.01.2025 00:00:00,31.12.2025 22:00:00,1,,,1.0,1.0,55.70548686052707,133.5008012726349,67.59903137030716,20000,205479.4520547945,1267915.345683534,10633.74428959916,12540038.28734183,214127.3364853322,1.87963879681738,0,66494.10207621164,13223.25893561027,5.782801409961739,0.2515959165771946,35324.99172798744,26983.9702719869,26983.9702719869,90259.4420090703,288,2.713223173537883,73457361.79426044,94269226.41426075,13246415.88869838,17237350.05768161,1999119.308959896,721980.016840603,832090.2858414253,5734707.685855009,2055105.888308216,5392391.442945385,0,775572.8083729588,262817.7400816992,13353550.6027994,25159.59165771946,518936.5543978863,23456009.5144298,21802837.11529572,378892.8263017618,681169.5217856169,5321890.233904986,1101884.331689314,665420.2447741404,158920.6991140006,603169.5106371151,83832.3545775171,21654.45543660959,33276.01243561286,286669.9195931409,86180.13179645287,107823.2107446245,0,32523.36885587408,11021.16810989833,0,0,0,703519.62783348,1089892.964930135,1003.686539298321,20430.42010889874,77720.01657126164,BO,0.0,2512.471143491603,optimal,1751.278811409389,230.07047464848065,1.6878908933491554
32.0,32.0,ok,optimal,lcom,1456.861529919787,USD/ton,-7269583.980007368,-23685071.97719121,16899.49829952,11500135.82441428,231572615.6497826,4915352.17276956,0,0,0,47.52727246284485,01.01.2025 00:00:00,31.12.2025 22:00:00,1,,,1.0,1.0,20.05788764897991,88.62498908535161,6.100049987809885,20000,205479.4520547945,662973.6112840672,5560.222831238216,12540038.28734183,220869.8365632345,16.45201121319316,0,582006.3486779213,115739.8988848139,3.601906414112629,0.8894235885631935,309190.8727351457,27833.64890082207,27833.64890082207,47195.28667663421,288,3.849967765493054,29294347.21364758,65198114.05377197,1933805.196550106,17237350.05768161,1999119.308959896,429783.7238557006,464232.8167472102,5734707.685855009,2098240.575983081,37993696.35524386,0,3317870.673927256,1124324.193668197,8317463.484833551,88942.35885631935,2219990.640308315,23989198.77062032,22405858.54525308,245385.215049145,681169.5217856169,6799015.257184844,439424.7412831384,460215.3498303266,23200.36426217237,603169.5106371151,83832.3545775171,12890.56799153502,18565.07310078573,286669.9195931409,87988.96952591845,759700.472864989,0,139133.7223008114,47148.13370129094,0,0,0,719511.6535379888,1120037.152621725,650.0250735586583,20430.42010889874,92783.74175864861,BO,0.0,1456.861529919787,optimal,695.6691978375729,91.39203963531727,1.6120746945156121
33.0,33.0,ok,optimal,lcom,1489.878995621921,USD/ton,-6514882.489483824,-22509462.47496946,16125.314697,11236976.53954412,226549925.704058,4757603.445941512,0,0,0,51.818519115448,01.01.2025 00:00:00,31.12.2025 22:00:00,1,,,1.0,1.0,15.10747192477902,93.43357137285004,17.0694929987536,20000,205479.4520547945,688609.509445795,5775.225817529116,12540038.28734183,245133.9337043499,10.62709263136296,0,375944.0289270961,74761.59666163842,5.406351216101065,4.462009310487446,199720.2653675198,30891.37000583992,30891.37000583992,49020.23648212103,288,4.879260397312673,22698636.29424167,68373389.93560734,4404762.586819782,17237350.05768161,1999119.308959896,443028.2124295595,480357.8958972832,5734707.685855009,2250008.64997331,25638196.38796616,0,2475656.685482375,838923.8099535637,12484257.96126195,446200.9310487446,1656464.404588205,25872258.14476196,24558202.23998608,251702.6745804689,681169.5217856169,8025532.315177445,340486.9310905955,482628.7389593658,52845.08319913377,603169.5106371151,83832.3545775171,13287.81193307562,19209.92900579184,286669.9195931409,94353.30953067545,512646.8806095801,0,103815.7793481266,35179.97049217625,0,0,0,775990.537095292,1227629.767224873,666.7600145604223,20430.42010889874,104759.7425215947,BO,0.0,1489.878995621921,optimal,728.6866635397068,95.72963794136113,1.5355152426775416
34.0,34.0,ok,optimal,lcom,1148.869577595547,USD/ton,-14914798.11972547,-32071914.9578439,22125.6523231,11795816.66249195,237572195.0104237,5361300.175626477,0,0,0,52.87464046478271,01.01.2025 00:00:00,31.12.2025 22:00:00,1,,,1.0,1.0,36.14102438108367,48.4434709411869,159.0372389537407,20000,205479.4520547945,1080565.972596737,9062.483768931113,12540038.28734183,273291.3937599672,8.779428414112722,0,310581.0595776517,61763.278893283,0.7845638134226596,0.1774552039082026,164996.1879006274,34439.72622016887,34439.72622016887,76922.55013128705,288,4.179900602561029,49765407.21113323,37856999.15187824,30168316.0232274,17237350.05768161,1999119.308959896,635292.8982894217,720568.6747820135,5734707.685855009,2420044.081622959,21589076.6472495,0,2178287.042471354,738154.395784681,1811701.948750488,17745.52039082026,1457494.074194078,27994367.75889918,27024171.60494146,340402.1326010653,681169.5217856169,7201819.269925688,746497.303016002,267222.0256837332,361937.1393581173,603169.5106371151,83832.3545775171,19054.43562746149,28816.16645543783,286669.9195931409,101483.6846578163,431682.9714140264,0,91345.68952319269,30954.24108157411,0,0,0,839639.2905220513,1350900.085137426,901.7247483277114,20430.42010889874,96763.21348464025,BO,0.0,1148.869577595547,optimal,387.677245513333,50.93026153493374,1.609217541654888
35.0,35.0,ok,optimal,lcom,1591.9445083021,USD/ton,-4809454.623433112,-21177103.34156501,14881.6615387,11489082.91998275,230661242.7045588,4878565.798149143,0,0,0,55.98566269874573,01.01.2025 00:00:00,31.12.2025 22:00:00,1,,,1.0,1.0,48.71819442655886,61.34294166214048,34.65886401416915,20000,205479.4520547945,875967.1457464669,7346.555640066291,12540038.28734183,237290.5563056249,5.004857963291906,0,177051.8553094145,35209.17577175856,5.492266647061205,5.002171458900436,94058.79813312646,29902.96065076597,29902.96065076597,62357.71659560633,288,1.399669484729714,65110227.93389533,46819049.94542351,7762425.893564219,17237350.05768161,1999119.308959896,537085.249203749,596524.4589409205,5734707.685855009,2201515.721235144,13018682.37906611,0,1494807.275573347,506544.1513454256,12682652.47173419,500217.1458900436,1000177.06745322,25269414.27021438,23865379.73998391,295741.824361178,681169.5217856169,3348450.602392025,976674.6074276365,330482.6491083149,93127.84380251428,603169.5106371151,83832.3545775171,16108.87881002204,23855.53064568307,286669.9195931409,92319.77587500024,260314.2128362714,0,62684.20948628404,21241.74816101944,0,0,0,757909.3499264981,1192996.551157413,783.4196575219307,20430.42010889874,55964.816338292,BO,0.0,1591.9445083021,optimal,830.752176219886,109.13827441579626,1.2240555414776237
36.0,36.0,ok,optimal,lcom,1218.266267104492,USD/ton,-15454283.8553935,-36383915.88007509,24961.1649655,15060891.20296945,301576850.273316,5868740.821712134,0,0,0,58.08765816688538,01.01.2025 00:00:00,31.12.2025 22:00:00,1,,,1.0,1.0,66.84056964642359,110.6845375043653,110.8708105022801,20000,205479.4520547945,1690253.974543144,14175.81119351528,12540038.28734183,248913.7142717672,8.392001248555797,0,296875.4361689099,59037.72878359005,2.477309895011575,2.491808750558831,157715.0754647334,31367.69165696554,31367.69165696554,120324.5793303587,288,0.07196744314877934,86549243.87852302,79636601.34405366,22605066.28405157,17237350.05768161,1999119.308959896,908687.4779164784,1077819.381312976,5734707.685855009,2273194.515858007,20729720.00740865,0,2113404.547584775,716167.7164002833,5720563.563684892,249180.8750558831,1414081.130916947,26160873.7070284,24891124.41081944,459381.7383590851,681169.5217856169,419393.1200598071,1298266.823363554,562132.6150113012,271198.8637201693,603169.5106371151,83832.3545775171,27254.40045065931,43102.93215314639,286669.9195931409,95325.60053968181,414499.7618746719,0,88624.86526181549,30032.23753037336,0,0,0,784647.0271443655,1244272.075285139,1216.90154889146,20430.42010889874,14064.51291169383,BO,0.0,1218.266267104492,optimal,457.07393502227796,60.04710186346317,1.3936609404129385
37.0,37.0,ok,optimal,lcom,1448.902842454568,USD/ton,-6190468.525480404,-17954198.258485,14183.067416,7610053.121581892,153307568.1639627,4153676.611422705,0,0,0,48.57822799682617,01.01.2025 00:00:00,31.12.2025 22:00:00,1,,,1.0,1.0,8.125084835484136,6.900396303262912,8.145760463794026,20000,205479.4520547945,2126189.0585385,17831.90876016511,12540038.28734183,217224.2497792056,14.07315718760047,0,497852.0086685543,99004.66081476933,4.741738290873251,0.6848391245570103,264483.8796051695,27374.23812675248,27374.23812675248,151357.6112812306,288,2.367358853902828,12988896.72254294,6552712.120337141,2437200.821170127,17237350.05768161,1999119.308959896,1091778.339518642,1325045.863245512,5734707.685855009,2074973.008079335,33011619.82808056,0,2988237.122982009,1012621.534705358,10949544.64514915,68483.91245570104,1999432.49632139,23701474.65266219,22080090.9749363,535721.6140344434,681169.5217856169,4837387.933459789,194837.6777345553,46253.77197737993,29239.73259151778,603169.5106371151,83832.3545775171,32745.87225172695,52989.73365435715,286669.9195931409,87013.25237190917,660081.6872078484,0,125310.657014195,42463.92257319363,0,0,0,710881.9007123816,1103752.492913766,1419.125767214456,20430.42010889874,72584.57973598853,BO,0.0,1448.902842454568,optimal,687.7105103723538,90.3464842441524,1.388890508709275
38.0,38.0,ok,optimal,lcom,935.6725766317444,USD/ton,-20488120.25915506,-35346905.09144587,24305.3388864,10135739.87317796,203909487.5317658,4723044.959112847,0,0,0,48.60489749908447,01.01.2025 00:00:00,31.12.2025 22:00:00,1,,,1.0,1.0,12.12413089370106,65.07774738569596,79.70094687947469,20000,205479.4520547945,1697639.428427037,14237.75147078325,12540038.28734183,233203.3580585343,12.70187301735288,0,449341.4598618753,89357.67667707748,0.4530400977204452,2.622288302385299,238712.6505516212,29387.89873571355,29387.89873571355,120850.3296880724,288,2.515681292900438,18621416.09993988,49376888.4364656,15111820.71846962,17237350.05768161,1999119.308959896,911862.4527162818,1082056.971784085,5734707.685855009,2176036.634022479,30102006.16932778,0,2789871.045615021,945401.3800021096,1046152.797083028,262228.8302385299,1866705.552329889,24953103.94618786,23503263.68770048,460725.6203663854,681169.5217856169,5047600.61523465,279327.3013514911,348537.7194588706,181300.4463730916,603169.5106371151,83832.3545775171,27349.62794825067,43272.3970725344,286669.9195931409,91251.31944823751,601902.6974159316,0,116992.2463723446,39645.06938190001,0,0,0,748422.2067147713,1174894.882288131,1220.461490351155,20430.42010889874,74826.37888027045,BO,0.0,935.6725766317444,optimal,174.4802445495303,22.921965605229616,1.0064619305926952
39.0,39.0,ok,optimal,lcom,1686.077687503166,USD/ton,-4284546.820746771,-24351259.25575756,17232.8666169,14144806.95158293,284263605.8055632,5921905.483427853,0,0,0,44.88767790794373,01.01.2025 00:00:00,31.12.2025 22:00:00,1,,,1.0,1.0,59.95428888318256,98.80404474284174,32.58688541628594,20000,205479.4520547945,722389.450557992,6058.531211006448,12540038.28734183,270622.951896628,12.84838556412631,0,454524.4877165324,90388.3924436286,0.2651131054162181,4.100429068914242,241466.1340994078,34103.45362137436,34103.45362137436,51424.9385359813,288,2.877370889379395,78481154.01049487,71900466.70816451,7388908.535502745,17237350.05768161,1999119.308959896,460330.8561242984,501514.4781888704,5734707.685855009,2404186.679900883,30414323.08625266,0,2811391.074033391,952693.8548985347,612194.8546498996,410042.9068914243,1881104.625218224,27795929.4276309,26791832.59267306,259909.853512081,681169.5217856169,5545275.687144685,1177242.849794493,507525.3927095352,88646.65884100416,603169.5106371151,83832.3545775171,13806.77273265961,20055.99908665815,286669.9195931409,100818.7101773613,608147.6099207088,0,117894.6810818696,39950.87671342082,0,0,0,833687.4997506555,1339285.786795835,688.5008194726571,20430.42010889874,80051.94008750767,BO,0.0,1686.077687503166,optimal,924.885355420952,121.5048176971202,1.5582677122045379
40.0,40.0,ok,optimal,lcom,1042.553480005364,USD/ton,-19286083.38305381,-37130420.17185563,25433.3948415,12759699.65381653,256431780.6540928,5084637.134985286,0,0,0,36.51930546760559,01.01.2025 00:00:00,31.12.2025 22:00:00,1,,,1.0,1.0,0.0,150.0,129.1692349294341,20000,205479.4520547945,1748784.344771589,14666.6933271717,12540038.28734183,228535.341305399,15.825127984862,0,559829.7275924782,111329.7753735042,0.0,0.0,297409.542783504,28799.64303999874,28799.64303999874,124491.1970587336,288,2.498470179417786,0,104692746.0323931,25543433.66750134,17237350.05768161,1999119.308959896,933774.4275224176,1111352.550860062,5734707.685855009,2146755.798159628,36688246.75240804,0,3232625.323287631,1095437.16956716,0,0,2162952.889549402,24589972.27737885,23088754.97066754,469979.8104732669,681169.5217856169,5023402.410042217,0,738996.9700696861,306451.2219999681,603169.5106371151,83832.3545775171,28006.83711041553,44443.95269603852,286669.9195931409,90023.4380489739,733597.4406329355,0,135558.9889525432,45936.76665767645,0,0,0,737530.7438537122,1154174.178271153,1244.975826325906,20430.42010889874,74569.41594918663,BO,0.0,1042.553480005364,optimal,281.36114792314993,36.96321364056528,1.484416404470078
41.0,41.0,ok,optimal,lcom,934.853142829878,USD/ton,-20689263.92857701,-35694477.03380341,24525.0763449,10455326.82496468,209601562.7193369,4549886.28026172,0,0,0,44.67982363700867,01.01.2025 00:00:00,31.12.2025 22:00:00,1,,,1.0,1.0,0.0,101.0522713389478,109.0305812824291,20000,205479.4520547945,2384701.589869298,20000.0,12540038.28734183,216188.1475959013,12.48037917735787,0,441505.8937782121,87799.46751271264,0.0,6.683120520551896,234550.0060696752,27243.67025544783,27243.67025544783,169760.4146779283,288,0.4529614599654259,0,73371251.9657043,22304406.3648996,17237350.05768161,1999119.308959896,1196741.092543711,1469196.403920849,5734707.685855009,2068336.740030845,29629167.73463382,0,2757181.391174914,934323.8628286747,0,668312.0520551895,1844832.871317265,23619459.71305532,21987386.15692142,578531.1095421627,681169.5217856169,1520088.686426728,0,517907.256689001,267591.7684161516,603169.5106371151,83832.3545775171,35894.03591951309,58754.4388380768,286669.9195931409,86734.96284030445,592448.0873914935,0,115621.4173829206,39180.53765367359,0,0,0,708422.0142703371,1099118.3102872,1532.528057816362,20430.42010889874,32578.71759855972,BO,0.0,934.853142829878,optimal,173.66081074766396,22.814314257819845,0.7589306726874632
42.0,42.0,ok,optimal,lcom,984.3305267734061,USD/ton,-18905019.76133774,-34076671.68700115,23501.7149529,10586056.3344727,213547331.2062735,4585595.591190706,0,0,0,41.94217038154602,01.01.2025 00:00:00,31.12.2025 22:00:00,1,,,1.0,1.0,0.0,111.9077417322429,79.83982008172816,20000,205479.4520547945,2384701.589869298,20000.0,12540038.28734183,228070.131194563,10.81628581421051,0,382636.9269635112,76092.57070297096,0.0,1.016738103981686,203275.8674493653,28741.01803673165,28741.01803673165,169760.4146779283,288,5.0,0,80428242.14842448,15132882.06442431,17237350.05768161,1999119.308959896,1196741.092543711,1469196.403920849,5734707.685855009,2143826.934207185,26048624.16149526,0,2505100.130587456,848901.2867541888,0,101673.8103981686,1676165.043635218,24553671.70551665,23047390.06459467,578531.1095421627,681169.5217856169,8164038.675947065,0,567720.5872250835,181553.1248222303,603169.5106371151,83832.3545775171,35894.03591951309,58754.4388380768,286669.9195931409,89900.61718467128,520853.5623367701,0,105050.479707915,35598.37242006026,0,0,0,736441.9753319,1152106.405169634,1532.528057816362,20430.42010889874,106087.2592603631,BO,0.0,984.3305267734061,optimal,223.13819469119198,29.314298802880153,1.5557817624064987
43.0,43.0,ok,optimal,lcom,1573.997652614215,USD/ton,-5998534.915120007,-25034332.82798829,17779.0281382,13928599.50152091,278826451.7705692,5107198.41134738,0,0,0,41.06033825874329,01.01.2025 00:00:00,31.12.2025 22:00:00,1,,,1.0,1.0,0.0,150.0,122.2960531612103,20000,205479.4520547945,596175.3974673244,5000.0,12540038.28734183,231627.7930450684,18.54396343712447,0,656011.2505517153,130456.7827801706,10.0,0.0,348505.9768555987,29189.34865713515,29189.34865713515,42440.10366948209,288,0.0,0,104692746.0323931,24450174.33145146,17237350.05768161,1999119.308959896,394777.3346896058,421915.8730878597,5734707.685855009,2166175.477390723,42315234.9391617,0,3594913.481298971,1218205.469227705,23091836.73469388,0,2405360.264315374,24830763.92979687,23363469.59041162,228531.7383682326,681169.5217856169,0,0,738996.9700696861,293335.1051984273,603169.5106371151,83832.3545775171,11840.61608634099,16872.78181051818,286669.9195931409,90837.79536511117,846111.5152392209,0,150751.4135294655,51085.01147823016,0,0,0,744752.8441683594,1167906.773246716,605.3802386323359,20430.42010889874,0,BO,0.0,1573.997652614215,optimal,812.8053205320009,106.78054497850778,1.8431543276895903
44.0,44.0,ok,optimal,lcom,982.3709050815586,USD/ton,-19884230.98271853,-35925825.76736423,24671.4174902,11119603.33666641,224179518.6377684,4921991.447979291,0,0,0,44.2963593006134,01.01.2025 00:00:00,31.12.2025 22:00:00,1,,,1.0,1.0,7.112938694746303,82.26990832584646,111.346630225986,20000,205479.4520547945,2384701.589869298,20000.0,12540038.28734183,223088.2829692969,15.70807908813891,0,555689.0058220022,110506.3363850572,0.0,3.979227371716912,295209.7843429387,28113.21382164797,28113.21382164797,169760.4146779283,288,4.789190831079157,11523152.48445969,60974938.38565107,22682643.62415968,17237350.05768161,1999119.308959896,1196741.092543711,1469196.403920849,5734707.685855009,2112337.535789125,36443931.50066397,0,3216586.160238879,1090001.991154809,0,397922.7371716912,2152221.069250795,24163647.82731351,22603781.4083421,578531.1095421627,681169.5217856169,7921538.733284282,172851.0371752149,430405.1276221162,272129.5792608088,603169.5106371151,83832.3545775171,35894.03591951309,58754.4388380768,286669.9195931409,88580.12050306551,728712.2509808767,0,134886.392375739,45708.84439119937,0,0,0,724743.9303822317,1129931.036382762,1532.528057816362,20430.42010889874,103759.9211731991,BO,0.0,982.3709050815586,optimal,221.1785729993445,29.056857731911006,1.3198369259536025
45.0,45.0,ok,optimal,lcom,1149.894199518982,USD/ton,-17325631.47108269,-37604103.86742182,25733.0291119,14466410.44560716,289592495.9264497,5812061.950731962,0,0,0,42.57751059532166,01.01.2025 00:00:00,31.12.2025 22:00:00,1,,,1.0,1.0,62.21834205204922,90.67842984642714,123.1597362563538,20000,205479.4520547945,1817155.504417617,15240.10813040312,12540038.28734183,214104.6244192069,15.12496786484762,0,535060.8631868495,106404.148929203,0.0,2.256425457696267,284251.0835680138,26981.10813524527,26981.10813524527,129358.3537976851,288,0.0,81143500.78574364,66556128.32189628,24588215.29160268,17237350.05768161,1999119.308959896,962867.761145899,1150382.070001266,5734707.685855009,2054959.838451127,35224064.27429864,0,3136086.367007398,1062723.090314377,0,225642.5457696267,2098358.575777198,23454205.73679023,21800802.02831712,482212.6650521373,681169.5217856169,0,1217178.917814287,469801.1947669447,294991.2185258305,603169.5106371151,83832.3545775171,28879.43784971159,46004.77702772194,286669.9195931409,86174.00724783257,704320.4755653652,0,131510.6622833167,44564.91342245199,0,0,0,703465.5268589342,1089791.233812792,1277.380640103583,20430.42010889874,0,BO,0.0,1149.894199518982,optimal,388.701867436768,51.06486902902557,1.2852564491339546
46.0,46.0,ok,optimal,lcom,952.0896647654882,USD/ton,-20170236.87773469,-35343907.0520673,24303.10108499999,10524296.01796285,212070499.8110036,4649374.156369759,0,0,0,45.85096788406372,01.01.2025 00:00:00,31.12.2025 22:00:00,1,,,1.0,1.0,0.0,91.36019312534773,116.0985791065724,20000,205479.4520547945,1382172.061206296,11591.99177857764,12540038.28734183,225010.0063456338,13.31078987801487,0,470882.5027246539,93641.40679183458,0.0,5.300135477309866,250156.3295724724,28355.38620051942,28355.38620051942,98393.0665637238,288,3.982122077747382,0,67006319.86265916,23453816.91275205,17237350.05768161,1999119.308959896,773575.4144951513,899280.3805332105,5734707.685855009,2124511.635679552,31397704.32738633,0,2878785.393946786,975531.7144299175,0,530013.5477309866,1926198.233173892,24314378.55208624,22775040.67438983,401441.7373088464,681169.5217856169,6961554.850149528,0,472978.971615704,281381.5459203869,603169.5106371151,83832.3545775171,23201.96397311142,35963.00261511357,286669.9195931409,89090.63703607196,627810.7452711259,0,120720.8378290774,40908.5742002319,0,0,0,729264.8197231893,1138492.044670696,1063.418571373327,20430.42010889874,94395.39002700549,BO,0.0,952.0896647654882,optimal,190.89733268327416,25.078725131279423,1.0326464875173242
47.0,47.0,ok,optimal,lcom,1047.057523254217,USD/ton,-15594188.9830642,-29628488.0903164,20661.931895,9530841.020677522,190790939.4548051,4503458.086574683,0,0,0,76.18813586235046,01.01.2025 00:00:00,31.12.2025 22:00:00,1,,,1.0,1.0,0.0,20.3983669140541,200.0,20000,205479.4520547945,2384701.589869298,20000.0,12540038.28734183,277737.3641256533,7.719237361758733,0,273075.7409095769,54304.83483997269,10.0,7.0,145071.4873582128,35000.0,35000,169760.4146779283,288,0.0,0,17380822.22494509,39300154.27983114,17237350.05768161,1999119.308959896,1196741.092543711,1469196.403920849,5734707.685855009,2446351.58969062,19227880.14147139,0,1998331.668325676,677173.061423897,23091836.73469388,700000,1337085.750441148,28323813.11812014,27410675.70557325,578531.1095421627,681169.5217856169,0,0,122686.388965097,471494.1797024125,603169.5106371151,83832.3545775171,35894.03591951309,58754.4388380768,286669.9195931409,102586.8806174044,384469.820969421,0,83799.32514869256,28397.01059421357,0,0,0,849520.394823617,1370220.878021748,1532.528057816362,20430.42010889874,0,BO,0.0,1047.057523254217,optimal,285.8651911720028,37.55492260281038,1.4095539752422122
48.0,48.0,ok,optimal,lcom,980.2804780636252,USD/ton,-21372864.21712561,-38759804.57691105,26464.0806492,12121793.79733139,242657329.1331513,5265146.562454048,0,0,0,42.90482902526855,01.01.2025 00:00:00,31.12.2025 22:00:00,1,,,1.0,1.0,0.0,108.5517093521233,195.5946617181526,20000,205479.4520547945,2384701.589869298,20000.0,12540038.28734183,277737.3641256533,14.97770038995864,0,529851.1289951769,105368.122243359,0.0,5.552599895968931,281483.4122786877,35000.0,35000,169760.4146779283,288,0.0,0,78254164.34247074,35598984.13873105,17237350.05768161,1999119.308959896,1196741.092543711,1469196.403920849,5734707.685855009,2446351.58969062,34915243.51177116,0,3115594.790102833,1055779.125963607,0,555259.9895968931,2084647.640842099,28323813.11812014,27410675.70557325,578531.1095421627,681169.5217856169,0,0,552374.3767932885,427090.2782013789,603169.5106371151,83832.3545775171,35894.03591951309,58754.4388380768,286669.9195931409,102586.8806174044,698145.4701873935,0,130651.3553208875,44273.72075625227,0,0,0,849520.394823617,1370220.878021748,1532.528057816362,20430.42010889874,0,BO,0.0,980.2804780636252,optimal,219.08814598141112,28.782232393500788,1.1929556759712288
49.0,49.0,ok,optimal,lcom,894.8489246745986,USD/ton,-22014991.8353127,-36685492.07883065,25151.9520574,9966686.620512135,199672826.36216,4703813.62300582,0,0,0,42.75010919570923,01.01.2025 00:00:00,31.12.2025 22:00:00,1,,,1.0,1.0,0.0,73.53266162202765,131.0246548821023,20000,205479.4520547945,2384701.589869298,20000.0,12540038.28734183,254272.2669958548,12.18416283512034,0,431026.9444552171,85715.58554507158,0.0,3.604294423782768,228983.0642418341,32042.96754551402,32042.96754551402,169760.4146779283,288,0.1762428317780964,0,55114607.08694299,25836544.3726422,17237350.05768161,1999119.308959896,1196741.092543711,1469196.403920849,5734707.685855009,2305866.783877679,28995498.21549587,0,2713162.721210842,919407.2911845122,0,360429.4423782768,1815379.934502404,26567984.99202651,25362068.12899862,578531.1095421627,681169.5217856169,785062.2126112313,0,389038.6792531926,309967.7474186307,603169.5106371151,83832.3545775171,35894.03591951309,58754.4388380768,286669.9195931409,96695.70043577149,579777.5899271744,0,113775.5101717203,38555.01654667925,0,0,0,796857.5772608498,1267813.885124256,1532.528057816362,20430.42010889874,21048.70913546698,BO,0.0,894.8489246745986,optimal,133.65659259238453,17.558846425419414,0.9647651772911322
50.0,50.0,ok,optimal,lcom,1511.069451434326,USD/ton,-6776135.015446127,-24981412.95163992,17498.8575672,12995374.34694256,261777707.3134,5209903.589251234,0,0,0,36.25972819328308,01.01.2025 00:00:00,31.12.2025 22:00:00,1,,,1.0,1.0,70.0,74.92968400402,18.99997619964236,20000,205479.4520547945,2384701.589869298,20000.0,12540038.28734183,158707.065214659,13.51295209061268,0,478034.1931575142,95063.61795746021,0.0,0.0,253955.6651149294,20000.0,20000,169760.4146779283,288,4.999999999999999,90222609.88614184,56056111.59637155,4798974.622604783,17237350.05768161,1999119.308959896,1196741.092543711,1469196.403920849,5734707.685855009,1681447.769209365,31826557.33235473,0,2908006.578973036,985433.8741345874,0,0,1945750.157776247,18877702.38326287,15414259.25633507,578531.1095421627,681169.5217856169,8164038.675947065,1353368.508878641,395684.4976708257,57574.54759557902,603169.5106371151,83832.3545775171,35894.03591951309,58754.4388380768,286669.9195931409,70510.91196016375,636385.847509608,0,121946.2177918023,41323.81773258365,0,0,0,566201.7721664937,770537.0009530957,1532.528057816362,20430.42010889874,106087.2592603631,BO,0.0,1511.069451434326,optimal,749.877119352112,98.51348834542911,1.926087070403209
51.0,51.0,ok,optimal,lcom,1010.534186619665,USD/ton,-20702257.33343086,-38686170.28919054,26417.5006871,12459647.29726961,251053379.116476,5524265.658490065,0,0,0,36.63002681732178,01.01.2025 00:00:00,31.12.2025 22:00:00,1,,,1.0,1.0,0.0,96.38117941547912,175.3030268499318,20000,205479.4520547945,2384701.589869298,20000.0,12540038.28734183,277737.3641256533,20.0,0,707520,140700,0.0,0.0,375870,35000.0,35000,169760.4146779283,288,4.999999999999999,0,70311679.35114999,32612458.45205306,17237350.05768161,1999119.308959896,1196741.092543711,1469196.403920849,5734707.685855009,2446351.58969062,45294080.38089943,0,3781662.987904636,1281489.125845887,0,0,2530314.549003043,28323813.11812014,27410675.70557325,578531.1095421627,681169.5217856169,8164038.675947065,0,496310.5847365409,391260.1522233982,603169.5106371151,83832.3545775171,35894.03591951309,58754.4388380768,286669.9195931409,102586.8806174044,905674.8246240296,0,158582.6874233123,53738.78902757388,0,0,0,849520.394823617,1370220.878021748,1532.528057816362,20430.42010889874,106087.2592603631,BO,0.0,1010.534186619665,optimal,249.3418545374509,32.75674806857096,1.8785933692173569
52.0,52.0,ok,optimal,lcom,1908.184142737732,USD/ton,-718632.9542786395,-12550837.11036305,9882.441533700001,7502859.392307661,151827065.403536,4329344.763776747,0,0,0,61.42753791809082,01.01.2025 00:00:00,31.12.2025 22:00:00,1,,,1.0,1.0,0.0,0.0,200.0,20000,205479.4520547945,2384701.589869298,20000.0,12540038.28734183,264115.03210798,7.214804005996124,0,255230.9065161189,50756.14618218273,0.0,7.0,135591.4190866882,33283.33640985064,33283.33640985064,169760.4146779283,288,5.0,0,0,36238983.18388478,17237350.05768161,1999119.308959896,1196741.092543711,1469196.403920849,5734707.685855009,2365294.799301056,18093247.93099947,0,1909867.182388583,647195.1715076021,0,700000,1277894.072982673,27309695.49050093,26224033.71573497,578531.1095421627,681169.5217856169,8164038.675947065,0,0,434768.513321182,603169.5106371151,83832.3545775171,35894.03591951309,58754.4388380768,286669.9195931409,99187.7930479942,361782.35674473,0,80089.59851088886,27139.89848205246,0,0,0,819103.8120061889,1310902.32467127,1532.528057816362,20430.42010889874,106087.2592603631,BO,0.0,1908.184142737732,optimal,1146.9918106555178,150.68357395534494,1.365780373542166
53.0,53.0,ok,optimal,lcom,1238.530209952214,USD/ton,-13647794.25865714,-32698740.67188008,22630.0027698,13700680.89111008,274263915.7147089,5350265.522112861,0,0,0,53.8440625667572,01.01.2025 00:00:00,31.12.2025 22:00:00,1,,,1.0,1.0,58.40866216069039,49.42869999037701,200.0,20000,205479.4520547945,2384701.589869298,20000.0,12540038.28734183,228849.7511430052,5.670810161763094,0,200610.5802825312,39894.14948800337,10.0,0.5668447148028603,106574.3707750947,28839.26444402141,28839.26444402141,169760.4146779283,288,0.0,76657858.52829182,38549231.77116777,39300154.27983114,17237350.05768161,1999119.308959896,1196741.092543711,1469196.403920849,5734707.685855009,2148734.141509057,14567836.15888493,0,1625305.290057546,550765.9096144353,23091836.73469388,56684.47148028603,1087493.421586706,24614494.32254229,23116705.50476013,578531.1095421627,681169.5217856169,0,1149892.824217664,272108.3031731028,471494.1797024125,603169.5106371151,83832.3545775171,35894.03591951309,58754.4388380768,286669.9195931409,90106.39917110509,291290.2160149279,0,68156.5971386214,23096.17180778901,0,0,0,738266.2372494019,1155571.385905759,1532.528057816362,20430.42010889874,0,BO,0.0,1238.530209952214,optimal,477.33787786999983,62.70923362617952,1.7511031320406112
54.0,54.0,ok,optimal,lcom,937.4801162510568,USD/ton,-21938985.4359463,-38137942.93115865,26070.7960486,11520663.3723394,230623738.5748508,4678294.122872951,0,0,0,46.583416223526,01.01.2025 00:00:00,31.12.2025 22:00:00,1,,,1.0,1.0,0.0,130.1626700436123,134.4908523273729,20000,205479.4520547945,2384701.589869298,20000.0,12540038.28734183,214054.6040886133,12.37755536125355,0,437868.3984597056,87076.10196641872,0.2849230303526868,3.256673632691724,232617.5866817186,26974.80465650273,26974.80465650273,169760.4146779283,288,0.0,0,92145103.45791942,26381908.13040132,17237350.05768161,1999119.308959896,1196741.092543711,1469196.403920849,5734707.685855009,2054638.164869977,29409378.04819541,0,2741940.925912497,929159.338499276,657939.6098858472,325667.3632691724,1834635.460519314,23450232.96883399,21796319.92625574,578531.1095421627,681169.5217856169,0,0,650426.6517289641,316510.6183644586,603169.5106371151,83832.3545775171,35894.03591951309,58754.4388380768,286669.9195931409,86160.51798103779,588053.2970779404,0,114982.313912668,38963.96516954726,0,0,0,703346.3710309864,1089567.179875271,1532.528057816362,20430.42010889874,0,BO,0.0,937.4801162510568,optimal,176.28778416884268,23.15942722210743,1.0267851971708355
55.0,55.0,ok,optimal,lcom,1037.330194419517,USD/ton,-20249940.38494364,-38910867.15807202,26559.580864,13519406.15369244,270635109.2561496,5141520.619435946,0,0,0,48.35457253456116,01.01.2025 00:00:00,31.12.2025 22:00:00,1,,,1.0,1.0,0.0,139.8238204455713,164.9099244905971,20000,205479.4520547945,2384701.589869298,20000.0,12540038.28734183,277737.3641256533,10.83737531082637,0,383382.9889957938,76240.93531166353,10.0,0.0,203672.2129040154,35000.0,35000,169760.4146779283,288,0.0,0,98278270.68455914,31056280.54262144,17237350.05768161,1999119.308959896,1196741.092543711,1469196.403920849,5734707.685855009,2446351.58969062,26094330.14378936,0,2508371.641175486,850009.9009424596,23091836.73469388,0,1678354.01469493,28323813.11812014,27410675.70557325,578531.1095421627,681169.5217856169,0,0,693718.9730137176,372590.2808113405,603169.5106371151,83832.3545775171,35894.03591951309,58754.4388380768,286669.9195931409,102586.8806174044,521767.4733191849,0,105187.6693365633,35644.86176029335,0,0,0,849520.394823617,1370220.878021748,1532.528057816362,20430.42010889874,0,BO,0.0,1037.330194419517,optimal,276.137862337303,36.27701576839822,1.84441094580658
56.0,56.0,ok,optimal,lcom,3505.014995109704,USD/ton,24354085.61684839,9430198.134058507,20431.7619439,9987180.9385599,199926074.6915188,4936706.544229981,0,0,0,53.15867757797241,01.01.2025 00:00:00,31.12.2025 22:00:00,1,,,1.0,1.0,0.0,0.0,200.0,20000,205479.4520547945,2384701.589869298,20000.0,12540038.28734183,277737.3641256533,18.64022013479675,0,659416.4274885699,131133.9486482951,10.0,7.0,350314.9771033027,35000.0,35000,169760.4146779283,288,0.0,0,0,39300154.27983114,17237350.05768161,1999119.308959896,1196741.092543711,1469196.403920849,5734707.685855009,2446351.58969062,42512865.97446459,0,3607405.147640053,1222438.510255155,23091836.73469388,700000,2413718.450961098,28323813.11812014,27410675.70557325,578531.1095421627,681169.5217856169,0,0,0,471494.1797024125,603169.5106371151,83832.3545775171,35894.03591951309,58754.4388380768,286669.9195931409,102586.8806174044,850063.2336918971,0,151275.2470982156,51262.52254260934,0,0,0,849520.394823617,1370220.878021748,1532.528057816362,20430.42010889874,0,BO,0.0,3505.014995109704,optimal,2743.8226630274903,360.4637812787555,1.5499523054892925
57.0,57.0,ok,optimal,lcom,1083.083525427285,USD/ton,-16256218.22798698,-32312014.73430428,22385.3847486,11426494.33043835,228738637.3615495,4629302.175878943,0,0,0,63.48677182197571,01.01.2025 00:00:00,31.12.2025 22:00:00,1,,,1.0,1.0,0.0,109.4346238686482,120.3607327546249,20000,205479.4520547945,2384701.589869298,20000.0,12540038.28734183,277737.3641256533,5.462915290646741,0,193256.0913219191,38431.60906969982,9.073646891458957,4.721545839932078,102667.2985147695,35000.0,35000,169760.4146779283,288,0.0,0,78826770.25554085,24140144.4987968,17237350.05768161,1999119.308959896,1196741.092543711,1469196.403920849,5734707.685855009,2446351.58969062,14086284.969165,0,1585138.14980437,537154.5027769128,20952717.26058329,472154.5839932078,1060617.547216217,28323813.11812014,27410675.70557325,578531.1095421627,681169.5217856169,0,0,556416.2426420635,289615.5966033731,603169.5106371151,83832.3545775171,35894.03591951309,58754.4388380768,286669.9195931409,102586.8806174044,281661.3906666822,0,66472.20245093215,22525.38232104462,0,0,0,849520.394823617,1370220.878021748,1532.528057816362,20430.42010889874,0,BO,0.0,1083.083525427285,optimal,321.89119334507086,42.28776089540329,1.4142527778876484
58.0,58.0,ok,optimal,lcom,2058.796620898268,USD/ton,578061.7585393786,-16183296.96295065,12413.56980386,11890612.75970587,238029484.9316777,4870745.961784158,0,0,0,89.15664029121399,01.01.2025 00:00:00,31.12.2025 22:00:00,1,,,1.0,1.0,64.13286243699552,0.0,200.0,20000,205479.4520547945,2384701.589869298,20000.0,12540038.28734183,183117.52836907,7.387780927643801,0,261350.1380963271,51973.03882597414,10.0,6.999999999999999,138842.2608636738,23076.16590621151,23076.16590621151,169760.4146779283,288,0.0,83387261.51826154,0,39300154.27983114,17237350.05768161,1999119.308959896,1196741.092543711,1469196.403920849,5734707.685855009,1850601.592533626,18483195.54430831,0,1940426.118792716,657550.6539566108,23091836.73469388,699999.9999999999,1298341.088391701,20940933.43254983,17482368.78806947,578531.1095421627,681169.5217856169,0,1250836.058975248,0,471494.1797024125,603169.5106371151,83832.3545775171,35894.03591951309,58754.4388380768,286669.9195931409,77604.31715689514,369579.5287664622,0,81371.07660009603,27574.15194186134,0,0,0,628084.5719255869,873918.8689835172,1532.528057816362,20430.42010889874,0,BO,0.0,2058.796620898268,optimal,1297.604288816054,170.46996325705283,1.5073778249086767
59.0,59.0,ok,optimal,lcom,1062.743225220586,USD/ton,-19684775.58775482,-38845619.92174111,26518.3622032,13647797.35347993,274838086.5673544,5513046.980506367,0,0,0,48.08675694465637,01.01.2025 00:00:00,31.12.2025 22:00:00,1,,,1.0,1.0,0.0,150.0,200.0,20000,205479.4520547945,2384701.589869298,20000.0,12540038.28734183,277737.3641256533,13.92837313656317,0,492730.1280790587,97986.1050157219,0.0,0.0,261762.8805419999,35000.0,35000,169760.4146779283,288,4.999999999999999,0,104692746.0323931,36238983.18388478,17237350.05768161,1999119.308959896,1196741.092543711,1469196.403920849,5734707.685855009,2446351.58969062,32705802.05639983,0,2967604.282647007,1005629.700528387,0,0,1985627.041881401,28323813.11812014,27410675.70557325,578531.1095421627,681169.5217856169,8164038.675947065,0,738996.9700696861,434768.513321182,603169.5106371151,83832.3545775171,35894.03591951309,58754.4388380768,286669.9195931409,102586.8806174044,653966.7279371297,0,124445.4262202385,42170.72250292067,0,0,0,849520.394823617,1370220.878021748,1532.528057816362,20430.42010889874,106087.2592603631,BO,0.0,1062.743225220586,optimal,301.550893138372,39.61559784942794,1.9247453115424351
60.0,60.0,ok,optimal,lcom,1015.017068672594,USD/ton,-18315191.03749678,-34038997.37593073,23477.8090802,11035676.69082287,222547952.4525982,4688129.647611074,0,0,0,63.4736704826355,01.01.2025 00:00:00,31.12.2025 22:00:00,1,,,1.0,1.0,0.0,66.81067439893886,200.0,20000,205479.4520547945,2384701.589869298,20000.0,12540038.28734183,265040.9694659625,6.472947913239559,0,228987.0053787627,45537.1885696403,8.486742230970906,0.0,121649.3466074677,33400.02149336978,33400.02149336978,169760.4146779283,288,5.0,0,50558680.16581249,39300154.27983114,17237350.05768161,1999119.308959896,1196741.092543711,1469196.403920849,5734707.685855009,2370847.415581099,16409915.75478115,0,1775951.663037587,601815.3260853128,19597446.60070119,0,1188291.062869159,27379075.48495349,26304920.84270963,578531.1095421627,681169.5217856169,8164038.675947065,0,356879.6585170987,471494.1797024125,603169.5106371151,83832.3545775171,35894.03591951309,58754.4388380768,286669.9195931409,99420.6400295301,328123.3982084304,0,74473.89901194003,25236.91086392296,0,0,0,821184.7366343241,1314945.757650974,1532.528057816362,20430.42010889874,106087.2592603631,BO,0.0,1015.017068672594,optimal,253.82473659037987,33.345677024366694,1.8950582355310988
61.0,61.0,ok,optimal,lcom,1247.376942663755,USD/ton,-15831567.53753486,-38910218.0274964,26559.580864,16786664.0404417,337672764.2972172,6291986.449519834,0,0,0,50.82231736183167,01.01.2025 00:00:00,31.12.2025 22:00:00,1,,,1.0,1.0,70.0,96.43342980084923,103.808383292869,20000,205479.4520547945,2337904.243200327,19607.52031308424,12540038.28734183,213067.7556049683,20.0,0,707520,140700,8.069802525610271,0.0,375870,26850.44365438726,26850.44365438726,166429.0389577542,288,5.0,90222609.88614184,70345984.19698471,21445587.53308643,17237350.05768161,1999119.308959896,1177916.067926153,1443222.419812459,5734707.685855009,2048286.8012918,45294080.38089943,0,3781662.987904636,1281489.125845887,18634656.24026126,0,2530314.549003043,23371802.13533597,21707867.02669575,570899.6957986166,681169.5217856169,8164038.675947065,1353368.508878641,496552.733100122,257288.2953626999,603169.5106371151,83832.3545775171,35329.41411951112,57715.71667907553,286669.9195931409,85894.1758166907,905674.8246240296,0,158582.6874233123,53738.78902757388,0,0,0,700993.9832235355,1085145.544633568,1512.312454040023,20430.42010889874,106087.2592603631,BO,0.0,1247.376942663755,optimal,486.18461058154094,63.87145404520833,2.130656068310391
62.0,62.0,ok,optimal,lcom,835.9148387828429,USD/ton,-23970240.75135626,-38024856.28818083,25999.3482457,9573953.110772323,192468081.6544597,4480662.426052247,0,0,0,57.92081356048584,01.01.2025 00:00:00,31.12.2025 22:00:00,1,,,1.0,1.0,0.0,60.61655496543362,127.7498474810124,20000,205479.4520547945,2384701.589869298,20000.0,12540038.28734183,226603.5909343014,12.09143684153374,0,427746.6697060976,85063.25818018988,1.799211002972973,0.0,227240.4182813644,28556.20707594952,28556.20707594952,169760.4146779283,288,1.8500506175558,0,46319790.17923504,25318636.82269068,17237350.05768161,1999119.308959896,1196741.092543711,1469196.403920849,5734707.685855009,2134580.975356472,28796822.59664393,0,2699311.014188174,914713.3742541227,4154708.673191672,0,1806111.743254244,24439103.29308666,22916923.88975839,578531.1095421627,681169.5217856169,4070563.912511505,0,326958.5133064244,303754.2757440069,603169.5106371151,83832.3545775171,35894.03591951309,58754.4388380768,286669.9195931409,89512.89120088026,575804.9845723987,0,113194.643782494,38358.17881583337,0,0,0,733005.707674154,1145584.585767715,1532.528057816362,20430.42010889874,64205.43745626188,BO,0.0,835.9148387828429,optimal,74.72250670062886,9.81650806915358,1.2680560621588495
63.0,63.0,ok,optimal,lcom,1371.394722831471,USD/ton,-8775984.379783235,-24835742.69187547,17627.5776879,11148357.88144349,223170827.1037534,4911400.430648751,0,0,0,46.24387216567993,01.01.2025 00:00:00,31.12.2025 22:00:00,1,,,1.0,1.0,0.0,88.88597659372286,200.0,20000,205479.4520547945,596175.3974673244,5000.0,12540038.28734183,253115.6202740146,13.55313999380068,0,479455.880420693,95346.3398563878,0.0,0.0,254710.9364734931,31897.20885225411,31897.20885225411,42440.10366948209,288,0.0,0,65370887.57594135,39300154.27983114,17237350.05768161,1999119.308959896,394777.3346896058,421915.8730878597,5734707.685855009,2298833.838363062,31911732.45523984,0,2913798.230342382,987396.4864229494,0,0,1949625.357594285,26480311.06931297,25260516.29027763,228531.7383682326,681169.5217856169,0,0,461434.9100599526,471494.1797024125,603169.5106371151,83832.3545775171,11840.61608634099,16872.78181051818,286669.9195931409,96400.77637623026,638088.9611136946,0,122189.0886244776,41406.11917828464,0,0,0,794227.9600857636,1262737.452455771,605.3802386323359,20430.42010889874,0,BO,0.0,1371.394722831471,optimal,610.2023907492569,80.16402228856803,1.4215526095639124
64.0,64.0,ok,optimal,lcom,1126.691903332036,USD/ton,-17591507.39060673,-37130976.94757593,25433.7493438,13857644.95509676,279038872.3078732,5681824.601872429,0,0,0,55.65785884857178,01.01.2025 00:00:00,31.12.2025 22:00:00,1,,,1.0,1.0,0.0,150.0,129.0014408130247,20000,205479.4520547945,2384701.589869298,20000.0,12540038.28734183,277737.3641256533,20.0,0,707520,140700,0.0,7.0,375870,35000.0,35000,169760.4146779283,288,5.0,0,104692746.0323931,25516884.96220721,17237350.05768161,1999119.308959896,1196741.092543711,1469196.403920849,5734707.685855009,2446351.58969062,45294080.38089943,0,3781662.987904636,1281489.125845887,0,700000,2530314.549003043,28323813.11812014,27410675.70557325,578531.1095421627,681169.5217856169,8164038.675947065,0,738996.9700696861,306132.7102726175,603169.5106371151,83832.3545775171,35894.03591951309,58754.4388380768,286669.9195931409,102586.8806174044,905674.8246240296,0,158582.6874233123,53738.78902757388,0,0,0,849520.394823617,1370220.878021748,1532.528057816362,20430.42010889874,106087.2592603631,BO,0.0,1126.691903332036,optimal,365.4995712498219,48.01671743723574,1.6960519862200172
65.0,65.0,ok,optimal,lcom,917.7126168707368,USD/ton,-21477654.92626996,-36700969.98898055,25056.4236378,10729962.90055103,216428091.558506,4493352.162159561,0,0,0,76.53884363174438,01.01.2025 00:00:00,31.12.2025 22:00:00,1,,,1.0,1.0,0.0,81.9534946826689,92.95038461537442,20000,205479.4520547945,1814848.28062401,15220.75792068792,12540038.28734183,198960.4075554181,15.77066947292928,0,557903.2032743462,110946.6597420575,5.967737208637574,7.0,296386.0767394964,25072.65915179195,25072.65915179195,129194.1088164172,288,5.0,0,60763836.70389598,17090192.74363819,17237350.05768161,1999119.308959896,961889.6022091731,1149067.420974275,5734707.685855009,1956399.53124055,36574598.48450744,0,3225167.782870478,1092910.038783506,13780601.32974166,700000,2157963.041676217,22239380.0047711,20437897.25943766,481802.3645304937,681169.5217856169,8164038.675947065,0,428915.0195763748,205035.4904777853,603169.5106371151,83832.3545775171,28850.09978132855,45952.2030725695,286669.9195931409,82040.91594892209,731324.9941182005,0,135246.2596573356,45830.7923303967,0,0,0,667029.0756225523,1021661.553642436,1276.293754625543,20430.42010889874,106087.2592603631,BO,0.0,917.7126168707368,optimal,156.52028478852276,20.56251464861281,1.3116719247620838
66.0,66.0,ok,optimal,lcom,928.4625412703726,USD/ton,-21418888.37108069,-36822352.05774049,25238.549295,10658635.24096729,215000235.28102,4744828.44569252,0,0,0,58.39536476135254,01.01.2025 00:00:00,31.12.2025 22:00:00,1,,,1.0,1.0,0.0,77.93428666492319,121.0336281309714,20000,205479.4520547945,2384701.589869298,20000.0,12540038.28734183,263114.9643918254,10.12370091557511,0,358136.0435893851,71220.23594107089,4.560493590552388,0.0,190259.7731568608,33157.30954207358,33157.30954207358,169760.4146779283,288,5.0,0,58075126.74476676,24248051.65521228,17237350.05768161,1999119.308959896,1196741.092543711,1469196.403920849,5734707.685855009,2359290.420634571,24542558.00288906,0,2396459.319663288,812086.2616534086,10531017.34226536,0,1603473.366620068,27234685.76611737,26136632.54496191,578531.1095421627,681169.5217856169,8164038.675947065,0,409936.1639393481,290910.1868443139,603169.5106371151,83832.3545775171,35894.03591951309,58754.4388380768,286669.9195931409,98936.00157205254,490739.1148726142,0,100494.6660843037,34054.5474846518,0,0,0,816854.0340399175,1306533.263862877,1532.528057816362,20430.42010889874,106087.2592603631,BO,0.0,928.4625412703726,optimal,167.27020918815856,21.97476276864179,1.7201092273185994
67.0,67.0,ok,optimal,lcom,1324.489867440999,USD/ton,-9491828.75395567,-24975003.99273447,17741.6025126,10754914.04295414,216927570.2392679,4728261.195824656,0,0,0,53.21665620803833,01.01.2025 00:00:00,31.12.2025 22:00:00,1,,,1.0,1.0,0.0,66.64105734325598,111.5481329045969,20000,205479.4520547945,596175.3974673244,5000.0,12540038.28734183,210287.7593156932,20.0,0,707520,140700,4.06234655356383,0.0,375870,26500.1131526525,26500.1131526525,42440.10366948209,288,4.999999999999999,0,50443144.23201937,22715476.49497842,17237350.05768161,1999119.308959896,394777.3346896058,421915.8730878597,5734707.685855009,2030342.297610317,45294080.38089943,0,3781662.987904636,1281489.125845887,9380704.337464232,0,2530314.549003043,23150319.60531113,21458426.03185657,228531.7383682326,681169.5217856169,8164038.675947065,0,356064.1225010611,272523.483757563,603169.5106371151,83832.3545775171,11840.61608634099,16872.78181051818,286669.9195931409,85141.67946061962,905674.8246240296,0,158582.6874233123,53738.78902757388,0,0,0,694351.0243264205,1072676.34239155,605.3802386323359,20430.42010889874,106087.2592603631,BO,0.0,1324.489867440999,optimal,563.2975353587849,74.00199813073588,1.7340783929149992
68.0,68.0,ok,optimal,lcom,1791.014777514069,USD/ton,-2617623.318407347,-18643863.59389358,15814.89785818,11352561.320566,227258626.481118,4673678.954920234,0,0,0,55.23183250427246,01.01.2025 00:00:00,31.12.2025 22:00:00,1,,,1.0,1.0,0.0,150.0,11.65703943006824,20000,205479.4520547945,2384701.589869298,20000.0,12540038.28734183,277737.3641256533,7.471570225865007,0,264314.2683102005,52562.49653896033,4.176406723165103,0.0,140416.955039794,35000.0,35000,169760.4146779283,288,0.0,0,104692746.0323931,3246509.067449244,17237350.05768161,1999119.308959896,1196741.092543711,1469196.403920849,5734707.685855009,2446351.58969062,18671755.20193031,0,1955143.720345134,662537.9958768929,9644090.21890064,0,1308188.650549837,28323813.11812014,27410675.70557325,578531.1095421627,681169.5217856169,0,0,738996.9700696861,38949.21426400066,603169.5106371151,83832.3545775171,35894.03591951309,58754.4388380768,286669.9195931409,102586.8806174044,373349.8610794676,0,81988.25396732122,27783.29434491177,0,0,0,849520.394823617,1370220.878021748,1532.528057816362,20430.42010889874,0,BO,0.0,1791.014777514069,optimal,1029.822445431855,135.29070144661245,1.6949786831359668
69.0,69.0,ok,optimal,lcom,1045.26748455046,USD/ton,-20056756.22488379,-38855956.11802996,26524.9027794,13534409.79042162,270935456.0923404,5264790.102724547,0,0,0,54.68957757949829,01.01.2025 00:00:00,31.12.2025 22:00:00,1,,,1.0,1.0,0.0,150.0,200.0,20000,205479.4520547945,2384701.589869298,20000.0,12540038.28734183,221672.0991683821,18.18962184818313,0,643476.0625013266,127963.9897019683,0.0,7.0,341846.6582038297,27934.74869799399,27934.74869799399,169760.4146779283,288,0.0,0,104692746.0323931,39300154.27983114,17237350.05768161,1999119.308959896,1196741.092543711,1469196.403920849,5734707.685855009,2103343.866349491,41586823.93729405,0,3548743.296106084,1202559.815330937,0,700000,2374467.746474049,24052340.61528758,22477461.32298516,578531.1095421627,681169.5217856169,0,0,738996.9700696861,471494.1797024125,603169.5106371151,83832.3545775171,35894.03591951309,58754.4388380768,286669.9195931409,88202.97418566608,831546.6206476332,0,148815.2832951907,50428.91656723989,0,0,0,721405.4763996183,1123616.474125022,1532.528057816362,20430.42010889874,0,BO,0.0,1045.26748455046,optimal,284.07515246824596,37.31976013094728,1.1878274398691504
70.0,70.0,ok,optimal,lcom,1242.779871735936,USD/ton,-11991628.27187058,-27625324.14442255,19995.43358999999,11467146.25337383,229552418.4906942,4166549.619178141,0,0,0,54.37853932380676,01.01.2025 00:00:00,31.12.2025 22:00:00,1,,,1.0,1.0,0.0,120.8773707112101,51.61298452282001,20000,205479.4520547945,2384701.589869298,20000.0,12540038.28734183,158707.065214659,16.17668051740147,0,572266.2499835945,113802.9474399194,10.0,7.0,304016.4453037846,20000.0,20000,169760.4146779283,288,0.0,0,86207482.45103736,10674638.73820606,17237350.05768161,1999119.308959896,1196741.092543711,1469196.403920849,5734707.685855009,1681447.769209365,37420959.41829955,0,3280564.867403362,1111682.404713393,23091836.73469388,700000,2195029.287244433,18877702.38326287,15414259.25633507,578531.1095421627,681169.5217856169,0,0,608514.6368110413,128066.4192728886,603169.5106371151,83832.3545775171,35894.03591951309,58754.4388380768,286669.9195931409,70510.91196016375,748248.3488664302,0,137569.3166216234,46618.0047943251,0,0,0,566201.7721664937,770537.0009530957,1532.528057816362,20430.42010889874,0,BO,0.0,1242.779871735936,optimal,481.58753965372193,63.267523772389644,1.39567169161182
71.0,71.0,ok,optimal,lcom,878.9597020311828,USD/ton,-22940763.15186716,-37769968.74996463,25838.1523775,10240500.6509011,206629904.5741915,4588704.947196377,0,0,0,75.23661494255066,01.01.2025 00:00:00,31.12.2025 22:00:00,1,,,1.0,1.0,0.0,69.92437778953038,111.3667454132983,20000,205479.4520547945,2384701.589869298,20000.0,12540038.28734183,230183.4735367836,12.63264665883245,0,446892.5082028569,88870.6692448863,3.5092446080577,4.585978089262539,237411.6449827677,29007.33791850405,29007.33791850405,169760.4146779283,288,4.999999999999999,0,52674474.01406477,22685921.72881214,17237350.05768161,1999119.308959896,1196741.092543711,1469196.403920849,5734707.685855009,2157116.29751387,29954313.05831333,0,2779674.478810074,941946.0775271681,8103490.355137322,458597.8089262539,1859883.019116601,24718413.72132137,23235220.15841271,578531.1095421627,681169.5217856169,8164038.675947065,0,371814.4587053249,272168.9075355298,603169.5106371151,83832.3545775171,35894.03591951309,58754.4388380768,286669.9195931409,90457.9018909128,598949.5094652916,0,116564.6569833399,39500.17250608394,0,0,0,741383.1074360705,1161495.765681383,1532.528057816362,20430.42010889874,106087.2592603631,BO,0.0,878.9597020311828,optimal,117.76736994896874,15.471434089045585,1.3204764298389746
72.0,72.0,ok,optimal,lcom,850.5639635338775,USD/ton,-21133753.03519571,-33623297.80629919,23214.8904015,8209856.725328896,165979928.2061488,4279688.04577458,0,0,0,47.49173784255981,01.01.2025 00:00:00,31.12.2025 22:00:00,1,,,1.0,1.0,0.0,33.21430952820781,102.3921761776564,20000,205479.4520547945,2384701.589869298,20000.0,12540038.28734183,228098.9312655177,10.78601784611836,0,381566.1673242831,75879.63554744265,0.0,0.0,202707.0263910254,28744.64737370107,28744.64737370107,169760.4146779283,288,5.0,0,26954244.52077788,21211209.11609924,17237350.05768161,1999119.308959896,1196741.092543711,1469196.403920849,5734707.685855009,2144008.310542395,25983010.65680896,0,2500401.127449267,847308.939301979,0,0,1673020.935859247,24555919.57999428,23049951.16307962,578531.1095421627,681169.5217856169,8164038.675947065,0,190262.5137486518,254476.396491503,603169.5106371151,83832.3545775171,35894.03591951309,58754.4388380768,286669.9195931409,89908.22313654078,519541.5917911712,0,104853.4286887607,35531.59789808653,0,0,0,736509.3961698284,1152234.430857597,1532.528057816362,20430.42010889874,106087.2592603631,BO,0.0,850.5639635338775,optimal,89.37163145166346,11.74100522100513,1.545941866426824
73.0,73.0,ok,optimal,lcom,1524.980239556785,USD/ton,-5167984.633967781,-19644457.42756388,13736.7614299,10096883.29186097,202122125.9110601,4379589.501735133,0,0,0,64.60933542251587,01.01.2025 00:00:00,31.12.2025 22:00:00,1,,,1.0,1.0,0.0,56.03098487073174,200.0,20000,205479.4520547945,2384701.589869298,20000.0,12540038.28734183,277737.3641256533,2.481068019557813,0,87770.2622598772,17454.31351758922,10.0,7.0,46627.95182555976,35000.0,35000,169760.4146779283,288,0.0,0,43153883.88997761,39300154.27983114,17237350.05768161,1999119.308959896,1196741.092543711,1469196.403920849,5734707.685855009,2446351.58969062,6922919.060947775,0,934115.6223415104,316543.0172234046,23091836.73469388,700000,625017.7123719307,28323813.11812014,27410675.70557325,578531.1095421627,681169.5217856169,0,0,304611.2615248931,471494.1797024125,603169.5106371151,83832.3545775171,35894.03591951309,58754.4388380768,286669.9195931409,102586.8806174044,138426.775721762,0,39171.80516318185,13274.11842803724,0,0,0,849520.394823617,1370220.878021748,1532.528057816362,20430.42010889874,0,BO,0.0,1524.980239556785,optimal,763.7879074745708,100.34098811600698,1.432860731579085
74.0,74.0,ok,optimal,lcom,887.4750879111393,USD/ton,-20815378.28787361,-34269760.03329378,23623.7795731,9202699.639983151,185594978.895923,4251682.105437023,0,0,0,63.62729287147522,01.01.2025 00:00:00,31.12.2025 22:00:00,1,,,1.0,1.0,0.0,44.27816595681578,135.3560827613135,20000,205479.4520547945,2384701.589869298,20000.0,12540038.28734183,238889.9088178928,6.852150410494901,0,242401.6729216676,48204.87813783163,6.848032221829609,0.0,128775.8887396359,30104.50839032057,30104.50839032057,169760.4146779283,288,3.90289488185279,0,34914443.11428694,26517600.82311711,17237350.05768161,1999119.308959896,1196741.092543711,1469196.403920849,5734707.685855009,2211446.390619503,17272637.12425943,0,1845001.572195939,625214.2138259952,15813364.20204123,0,1234492.427271417,25392780.24687159,24006874.23333999,578531.1095421627,681169.5217856169,6864309.367804993,0,246451.341195551,318138.5589162461,603169.5106371151,83832.3545775171,35894.03591951309,58754.4388380768,286669.9195931409,92736.21495059239,345373.8869793899,0,77369.48230312439,26218.13486841572,0,0,0,761609.4842537717,1200069.660591274,1532.528057816362,20430.42010889874,93432.13364657917,BO,0.0,887.4750879111393,optimal,126.28275582892525,16.590124533110224,1.5826924723840856
75.0,75.0,ok,optimal,lcom,957.8014897302655,USD/ton,-21064618.06554371,-37267080.45872822,25519.840721,11074296.64444009,223321057.0733073,5128165.74874442,0,0,0,47.48049378395081,01.01.2025 00:00:00,31.12.2025 22:00:00,1,,,1.0,1.0,0.0,81.03072550676357,139.7803617957408,20000,205479.4520547945,2384701.589869298,20000.0,12540038.28734183,276166.3722427452,14.89934159555667,0,527079.1082844129,104816.8681247412,0.0,0.0,280010.7762760944,34802.02621971705,34802.02621971705,169760.4146779283,288,5.0,0,60147726.01219233,27208771.60513333,17237350.05768161,1999119.308959896,1196741.092543711,1469196.403920849,5734707.685855009,2437071.771507137,34750801.03857454,0,3104664.442232442,1052075.167683237,0,0,2077334.133972086,28207569.84892727,27274189.19684898,578531.1095421627,681169.5217856169,8164038.675947065,0,424566.0655976947,326430.7146818598,603169.5106371151,83832.3545775171,35894.03591951309,58754.4388380768,286669.9195931409,102197.7347545807,694857.3714596867,0,130192.9950848479,44118.39658800048,0,0,0,846033.8929346061,1363398.110650703,1532.528057816362,20430.42010889874,106087.2592603631,BO,0.0,957.8014897302655,optimal,196.60915764805145,25.829103810102005,1.753108512994532
76.0,76.0,ok,optimal,lcom,901.5112890064443,USD/ton,-23067838.37689604,-38839213.70499419,26514.6635238,11139942.99874694,223002375.7182362,4631432.329351222,0,0,0,70.00905132293701,01.01.2025 00:00:00,31.12.2025 22:00:00,1,,,1.0,1.0,0.0,100.1490600347843,98.75531295904146,20000,205479.4520547945,2384701.589869298,20000.0,12540038.28734183,214520.5709225822,16.12311652329784,0,570371.3701281846,113426.1247414003,4.945876270577386,7.0,303009.790380598,27033.52502075856,27033.52502075856,169760.4146779283,288,0.0,0,72780770.31429225,17938841.12277709,17237350.05768161,1999119.308959896,1196741.092543711,1469196.403920849,5734707.685855009,2057633.771049929,37309423.96016309,0,3273282.970325997,1109214.794048451,11420936.73501697,700000,2190156.962508429,23487231.6044661,21838068.30329903,578531.1095421627,681169.5217856169,0,0,513739.2109760703,215216.9459633997,603169.5106371151,83832.3545775171,35894.03591951309,58754.4388380768,286669.9195931409,86286.13765682543,746018.1489012777,0,137263.9528671688,46514.52642197606,0,0,0,704456.0766846372,1091654.122147789,1532.528057816362,20430.42010889874,0,BO,0.0,901.5112890064443,optimal,140.31895692423018,18.434100162358803,0.9758886208399415
77.0,77.0,ok,optimal,lcom,1102.279454132219,USD/ton,-18854414.24773777,-38845619.92713236,26518.3622066,14233088.89165255,286554610.028467,5758116.787742037,0,0,0,44.99676704406738,01.01.2025 00:00:00,31.12.2025 22:00:00,1,,,1.0,1.0,0.0,150.0,200.0,20000,205479.4520547945,2384701.589869298,20000.0,12540038.28734183,277737.3641256533,18.91057338223658,0,668980.4439700014,133035.8837440344,0.0,0.0,355395.8608590632,35000.0,35000,169760.4146779283,288,4.999999999999999,0,104692746.0323931,36238983.18388478,17237350.05768161,1999119.308959896,1196741.092543711,1469196.403920849,5734707.685855009,2446351.58969062,43067402.36443397,0,3642376.816328444,1234289.331780024,0,0,2437118.030026757,28323813.11812014,27410675.70557325,578531.1095421627,681169.5217856169,8164038.675947065,0,738996.9700696861,434768.513321182,603169.5106371151,83832.3545775171,35894.03591951309,58754.4388380768,286669.9195931409,102586.8806174044,861151.4298426895,0,152741.7715405101,51759.48251275966,0,0,0,849520.394823617,1370220.878021748,1532.528057816362,20430.42010889874,106087.2592603631,BO,0.0,1102.279454132219,optimal,341.08712205000484,44.809584604849256,1.990682471254277
78.0,78.0,ok,optimal,lcom,1026.709622209104,USD/ton,-20109899.41482679,-38165409.19434912,26088.0901726,12866009.35890816,257555236.4471087,5189500.420614175,0,0,0,54.02922797203064,01.01.2025 00:00:00,31.12.2025 22:00:00,1,,,1.0,1.0,0.0,150.0,147.2352647291464,20000,205479.4520547945,2384701.589869298,20000.0,12540038.28734183,253104.7768014083,14.84865710938769,0,525286.0939016988,104460.3027645424,0.0,7.0,279058.2373852775,31895.84237589824,31895.84237589824,169760.4146779283,288,0.0,0,104692746.0323931,28363608.36619943,17237350.05768161,1999119.308959896,1196741.092543711,1469196.403920849,5734707.685855009,2298767.854932196,34644389.36950815,0,3097584.307721059,1049675.92813839,0,700000,2072596.808774058,26479488.61252968,25259563.9866238,578531.1095421627,681169.5217856169,0,0,738996.9700696861,340285.5918783214,603169.5106371151,83832.3545775171,35894.03591951309,58754.4388380768,286669.9195931409,96398.00938461159,692729.6238840832,0,129896.0921715727,44017.78533416559,0,0,0,794203.2920155304,1262689.848144126,1532.528057816362,20430.42010889874,0,BO,0.0,1026.709622209104,optimal,265.51729012689,34.881761013090745,1.1495679842836188
79.0,79.0,ok,optimal,lcom,878.6683504993775,USD/ton,-22697472.05070473,-37327543.14743073,25557.4916834,10112223.37416048,202429207.8051856,4517847.722565518,0,0,0,60.10107803344727,01.01.2025 00:00:00,31.12.2025 22:00:00,1,,,1.0,1.0,0.0,62.9993557952383,169.7394977128869,20000,205479.4520547945,2384701.589869298,20000.0,12540038.28734183,255484.4262574473,8.482279286612046,0,300069.1120431878,59672.83478131575,6.12742750323122,0.0,159411.7157729435,32195.72183656629,32195.72183656629,169760.4146779283,288,0.0,0,47955337.94159453,31781788.78444238,17237350.05768161,1999119.308959896,1196741.092543711,1469196.403920849,5734707.685855009,2313225.951285418,20930314.85472681,0,2128610.236855067,721320.4562169181,14149355.55082883,0,1424255.27306322,26659749.15787868,25468434.41800483,578531.1095421627,681169.5217856169,0,0,338503.3899726066,381294.3920193786,603169.5106371151,83832.3545775171,35894.03591951309,58754.4388380768,286669.9195931409,97004.30449394642,418510.7430368367,0,89262.51041325266,30248.31583516376,0,0,0,799609.873714731,1273130.985347523,1532.528057816362,20430.42010889874,0,BO,0.0,878.6683504993775,optimal,117.47601841716346,15.433158410281415,1.428907918950131
80.0,80.0,ok,optimal,lcom,1095.532579761461,USD/ton,-18187034.6411377,-37060103.22292583,25388.8941308,13245799.82238637,266790791.8480894,5627268.759401766,0,0,0,60.95088267326355,01.01.2025 00:00:00,31.12.2025 22:00:00,1,,,1.0,1.0,70.0,41.3102458626149,124.2820626883592,20000,205479.4520547945,2384701.589869298,20000.0,12540038.28734183,228631.2072895039,9.012572036841284,0,318828.7483752973,63403.44427917844,2.399628100550342,0.0,169377.7725743767,28811.72391163167,28811.72391163167,169760.4146779283,288,5.0,90222609.88614184,32800952.84653138,24767305.94820279,17237350.05768161,1999119.308959896,1196741.092543711,1469196.403920849,5734707.685855009,2147359.105427641,22104379.31289455,0,2216875.92882752,751230.9809806902,5541182.032189208,0,1483313.937277894,24597450.2206256,23097277.79275437,578531.1095421627,681169.5217856169,8164038.675947065,1353368.508878641,231532.8013412245,297139.8157456986,603169.5106371151,83832.3545775171,35894.03591951309,58754.4388380768,286669.9195931409,90048.73752388995,441986.6721937244,0,92963.90069711443,31502.60301370176,0,0,0,737755.0309323253,1154600.222083005,1532.528057816362,20430.42010889874,106087.2592603631,BO,0.0,1095.532579761461,optimal,334.3402476792469,43.92322854391757,1.848777081170373
81.0,81.0,ok,optimal,lcom,908.3617039951238,USD/ton,-20346537.99750976,-34147828.95591091,23533.50310556,9397721.037158022,188126107.8139466,4403569.92124314,0,0,0,61.59401893615723,01.01.2025 00:00:00,31.12.2025 22:00:00,1,,,1.0,1.0,0.0,36.85812558759477,137.6265236166874,20000,205479.4520547945,2384701.589869298,20000.0,12540038.28734183,277737.3641256533,7.044401752097372,0,249202.7563821966,49557.36632600502,10.0,0.0,132388.964328042,35000.0,35000,169760.4146779283,288,0.0,0,29601545.01136024,26872849.43749537,17237350.05768161,1999119.308959896,1196741.092543711,1469196.403920849,5734707.685855009,2446351.58969062,17708189.2686846,0,1879525.766851316,636913.4001815635,23091836.73469388,0,1257592.60100676,28323813.11812014,27410675.70557325,578531.1095421627,681169.5217856169,0,0,208949.0714667868,322400.5690049102,603169.5106371151,83832.3545775171,35894.03591951309,58754.4388380768,286669.9195931409,102586.8806174044,354082.9414231408,0,78817.24208158332,26708.73607187202,0,0,0,849520.394823617,1370220.878021748,1532.528057816362,20430.42010889874,0,BO,0.0,908.3617039951238,optimal,147.1693719129097,19.334058648532785,1.679978859740513
82.0,82.0,ok,optimal,lcom,6852.048409165229,USD/ton,10765259.67849804,1212852.780821134,2801.394060369999,5947143.273816725,119051513.903351,3605263.623860177,0,0,0,51.29292058944702,01.01.2025 00:00:00,31.12.2025 22:00:00,1,,,1.0,1.0,0.0,0.0,0.0,20000,205479.4520547945,2384701.589869298,20000.0,12540038.28734183,277737.3641256533,2.508734136454451,0,88748.97881121267,17648.94464995707,10.0,0.0,47147.89499345673,35000.0,35000,169760.4146779283,288,0.0,0,0,0,17237350.05768161,1999119.308959896,1196741.092543711,1469196.403920849,5734707.685855009,2446351.58969062,6992357.52072468,0,941081.7128649921,318903.61077287,23091836.73469388,0,629678.7306217364,28323813.11812014,27410675.70557325,578531.1095421627,681169.5217856169,0,0,0,0,603169.5106371151,83832.3545775171,35894.03591951309,58754.4388380768,286669.9195931409,102586.8806174044,139815.2279069428,0,39463.92568253566,13373.10907585163,0,0,0,849520.394823617,1370220.878021748,1532.528057816362,20430.42010889874,0,BO,0.0,6852.048409165229,optimal,6090.8560770830145,800.1730732654254,1.8098595175721561
83.0,83.0,ok,optimal,lcom,936.8487567052354,USD/ton,-19685682.60307181,-33883192.99055769,23379.2322674,9685103.060121354,195234986.4869153,4512407.327364521,0,0,0,64.44263696670532,01.01.2025 00:00:00,31.12.2025 22:00:00,1,,,1.0,1.0,0.0,30.52712164663799,192.4094188868634,20000,205479.4520547945,1807906.699912057,15162.54031609167,12540038.28734183,268591.7483215132,7.636004129692004,0,270131.2820919844,53719.28905238325,8.844724668803345,0.0,143507.2436113667,33847.48473021411,33847.48473021411,128699.9565815264,288,3.834546539427667,0,24983410.83340773,35134442.70907722,17237350.05768161,1999119.308959896,958945.1832476506,1145111.120762608,5734707.685855009,2392081.503508869,19041185.74309381,0,1983869.266460598,672272.19881848,20424093.80153262,0,1327408.942653203,27644518.42349469,26614793.16200441,480566.8830272703,681169.5217856169,6779940.141544054,0,176350.9470100434,421517.0537617786,603169.5106371151,83832.3545775171,28761.78737973604,45793.98719469833,286669.9195931409,100311.0839266565,380736.7853257564,0,83192.84948925502,28191.49467036069,0,0,0,829146.2066882412,1330435.83626047,1273.020965941627,20430.42010889874,92594.06977491152,BO,0.0,936.8487567052354,optimal,175.65642462302128,23.076483724227685,1.7352014217180771
84.0,84.0,ok,optimal,lcom,1639.386410449332,USD/ton,-3467881.117347748,-14256216.73218895,12142.18737537,6997604.237369976,141712731.792703,3790731.377471221,0,0,0,42.55234456062317,01.01.2025 00:00:00,31.12.2025 22:00:00,1,,,1.0,1.0,0.0,22.31792750385172,0.0,20000,205479.4520547945,2375408.492870647,19922.06071369156,12540038.28734183,158707.065214659,18.67752517484737,0,660736.1305854006,131396.3896050513,0.0,0.0,351016.0693734941,20000.0,20000,169098.8643997572,288,5.0,0,18846162.62538975,0,17237350.05768161,1999119.308959896,1193008.710478029,1464042.533094061,5734707.685855009,1681447.769209365,42589431.97080366,0,3612240.664353651,1224077.117953975,0,0,2416953.900109131,18877702.38326287,15414259.25633507,577019.6114842313,681169.5217856169,8164038.675947065,0,133029.8192130173,0,603169.5106371151,83832.3545775171,35782.09002180333,58548.33107231875,286669.9195931409,70510.91196016375,851594.2040686753,0,151478.0227654221,51331.23697151072,0,0,0,566201.7721664937,770537.0009530957,1528.524101685207,20430.42010889874,106087.2592603631,BO,0.0,1639.386410449332,optimal,878.194078367118,115.37085193236902,1.7322142066688386
85.0,85.0,ok,optimal,lcom,979.4730075799225,USD/ton,-18474708.95330993,-33058299.63445467,22857.4578547,9954875.800673272,200912189.4860502,4628714.880471462,0,0,0,76.63748359680176,01.01.2025 00:00:00,31.12.2025 22:00:00,1,,,1.0,1.0,0.0,47.35134795291523,50.53047637397922,20000,205479.4520547945,1791990.358068529,15029.05324239537,12540038.28734183,277737.3641256533,12.40173324024397,0,438723.7151068706,87246.19334511632,10.0,7.0,233071.973650525,35000.0,35000,127566.9155322851,288,5.0,0,37088013.3015179,10495151.73532877,17237350.05768161,1999119.308959896,952185.372486906,1136033.978664692,5734707.685855009,2446351.58969062,29461075.51740128,0,2745528.297316124,930374.9881906479,23091836.73469388,700000,1837035.774371793,28323813.11812014,27410675.70557325,477728.1224649213,681169.5217856169,8164038.675947065,0,261793.9684879948,125913.0669835745,603169.5106371151,83832.3545775171,28559.03935698741,45430.98440705659,286669.9195931409,102586.8806174044,589087.0104454001,0,115132.7490518626,39014.94300539346,0,0,0,849520.394823617,1370220.878021748,1265.501093389457,20430.42010889874,106087.2592603631,BO,0.0,979.4730075799225,optimal,218.28067549770844,28.676152701198337,1.6796943983671226
86.0,86.0,ok,optimal,lcom,903.3377624759199,USD/ton,-17326101.4281486,-29153281.50189032,19948.1571842,8023297.113875711,161680548.6358641,3803882.959866003,0,0,0,71.17366981506348,01.01.2025 00:00:00,31.12.2025 22:00:00,1,,,1.0,1.0,0.0,33.92071186023113,142.1494157634797,20000,205479.4520547945,2007170.821170496,16833.72737031224,12540038.28734183,158707.065214659,11.88805417560045,0,420551.8045160415,83632.46112534916,1.249167110491744,2.47844249421064,223418.146149147,20000.0,20000,142885.0269479699,288,2.726526966952005,0,27469636.97970998,27577066.74191149,17237350.05768161,1999119.308959896,1042606.525039237,1258099.880067069,5734707.685855009,1681447.769209365,28360517.31346708,0,2668805.632640753,904376.0398967691,2884556.296982465,247844.249421064,1785700.561454277,18877702.38326287,15414259.25633507,515439.1641960013,681169.5217856169,5340143.267988515,0,193900.5257407122,330849.2472954259,603169.5106371151,83832.3545775171,31271.05461059465,50312.50570606122,286669.9195931409,70510.91196016375,567080.8707919506,0,111915.4114970851,37924.68638976957,0,0,0,566201.7721664937,770537.0009530957,1365.397587439881,20430.42010889874,77911.37025053857,BO,0.0,903.3377624759199,optimal,142.14543039370585,18.674049172943214,0.9622139117494436
87.0,87.0,ok,optimal,lcom,940.0013104078781,USD/ton,-16772132.65070851,-29196343.3192224,19978.26541954,8667176.043316055,175134669.3376296,3757034.625197834,0,0,0,75.60688400268555,01.01.2025 00:00:00,31.12.2025 22:00:00,1,,,1.0,1.0,0.0,32.02703100578859,81.01314076420152,20000,205479.4520547945,1253487.17131259,10512.7381693178,12540038.28734183,158707.065214659,14.04400182872465,0,496820.6086929634,98799.55286507795,10.0,0.0,263935.9483681368,20000.0,20000,89232.33955119371,288,5.0,0,26085518.30360799,15310535.59080325,17237350.05768161,1999119.308959896,715399.9171774636,823563.5628666469,5734707.685855009,1681447.769209365,32950062.29377412,0,2984087.914293069,1011215.495660433,23091836.73469388,0,1996656.25657024,18877702.38326287,15414259.25633507,375998.6091459831,681169.5217856169,8164038.675947065,0,184130.4170500895,183684.4804167874,603169.5106371151,83832.3545775171,21457.09751589119,32935.02138623793,286669.9195931409,70510.91196016375,658850.8175529522,0,125136.6614290049,42404.96082777118,0,0,0,566201.7721664937,770537.0009530957,996.0197623117652,20430.42010889874,106087.2592603631,BO,0.0,940.0013104078781,optimal,178.80897832566404,23.490643663808143,1.8037393911583544
89.0,89.0,ok,optimal,lcom,953.3129133830457,USD/ton,-18359880.25600316,-31942529.76371827,22147.65739093,9214513.983134797,184544536.168793,4368135.524580319,0,0,0,64.43667984008789,01.01.2025 00:00:00,31.12.2025 22:00:00,1,,,1.0,1.0,0.0,56.82361992955515,133.6195928660296,20000,205479.4520547945,1611230.086825414,13513.05415881174,12540038.28734183,274976.5721748392,5.350100566241423,0,189265.1576313566,37637.95748350841,4.934268799502192,0.855558745521615,100547.1149916582,34652.08959700944,34652.08959700944,114699.0838782592,288,0.07447816141969879,0,43702921.01157469,26245093.3754072,17237350.05768161,1999119.308959896,874538.6767252492,1032359.660699793,5734707.685855009,2430032.049295751,13824206.14661638,0,1563130.472214227,529696.7785939024,11394132.95231986,85555.8745521615,1045892.187771386,28119411.27840391,27170758.33457807,444878.5606035332,681169.5217856169,429582.2351548086,0,308486.761831194,314869.2161394744,603169.5106371151,83832.3545775171,26230.170310821,41284.95848588496,286669.9195931409,101902.5265166796,276421.0106953185,0,65549.31834746937,22212.64531968139,0,0,0,843389.7396447309,1358227.748254763,1178.48265235974,20430.42010889874,14280.74146527175,BO,0.0,953.3129133830457,optimal,192.12058130083165,25.239426778681906,1.2696816735779486
90.0,90.0,ok,optimal,lcom,1081.285099635439,USD/ton,-14275700.88578128,-28587677.75990693,19619.660951,10047663.62791541,201136833.4375578,4264313.246210244,0,0,0,60.03839302062988,01.01.2025 00:00:00,31.12.2025 22:00:00,1,,,1.0,1.0,0.0,67.01631458696707,104.8514027683346,20000,205479.4520547945,1002788.240551081,8410.177984626094,12540038.28734183,232923.4395643592,9.542584843596385,0,337578.4814270658,67132.08437470059,10.0,0.0,179338.5682581287,29352.62387333783,29352.62387333783,71385.76510926547,288,0.0,0,50698714.20229389,21617795.44203592,17237350.05768161,1999119.308959896,598439.6449977527,673717.0351402432,5734707.685855009,2174286.288253757,23270937.37107998,0,2303397.897106369,780550.6114847192,23091836.73469388,0,1541205.874196803,24931385.38333677,23478435.84821518,323784.5304403381,681169.5217856169,0,0,357868.1198249562,259354.3184676036,603169.5106371151,83832.3545775171,17949.09044825452,26942.5287386222,286669.9195931409,91177.91932326292,465312.5076202534,0,96592.1685503577,32732.11125239432,0,0,0,747770.7985865185,1173653.773736691,857.7047446582488,20430.42010889874,0,BO,0.0,1081.285099635439,optimal,320.09276755322503,42.05149658794156,1.5239645011576368
91.0,91.0,ok,optimal,lcom,913.2429143947755,USD/ton,-20792843.6246255,-35113919.94600363,24157.7356917,9752062.296893124,196236822.9200515,4569014.024485013,0,0,0,74.67470669746399,01.01.2025 00:00:00,31.12.2025 22:00:00,1,,,1.0,1.0,0.0,33.7603589694094,158.8625622523222,20000,205479.4520547945,2184345.673531363,18319.65628580877,12540038.28734183,277737.3641256533,8.397367812777247,0,297065.2837448079,59075.48256288794,9.430974474222085,0.3831611713529965,157815.9319894292,35000.0,35000,155497.6223918007,288,2.543838773464046,0,27352738.17153145,30141805.09529137,17237350.05768161,1999119.308959896,1115604.003351816,1357620.695167765,5734707.685855009,2446351.58969062,20741650.34831028,0,2114309.951602494,716474.5299389077,21777852.28078018,38316.11713529965,1414686.937665483,28323813.11812014,27410675.70557325,545495.5667913931,681169.5217856169,5087082.234818889,0,193075.3695735222,361619.0808555642,603169.5106371151,83832.3545775171,33460.47897724385,54292.42944419776,286669.9195931409,102586.8806174044,414738.3142266112,0,88662.83305608828,30045.10364658956,0,0,0,849520.394823617,1370220.878021748,1445.01695368436,20430.42010889874,75245.03937207023,BO,0.0,913.2429143947755,optimal,152.05058231256146,19.975317131300127,1.6758790778322121
92.0,92.0,ok,optimal,lcom,1001.602709348411,USD/ton,-15811002.28355454,-28926947.7328375,19995.43358999999,9435129.836458756,190507774.9569237,3680815.61282421,0,0,0,88.40559196472168,01.01.2025 00:00:00,31.12.2025 22:00:00,1,,,1.0,1.0,0.0,90.55148264939209,65.32416735186987,20000,205479.4520547945,1719595.769809341,14421.89477387474,12540038.28734183,158707.065214659,7.358206473187369,0,260303.9121954764,51764.98253887314,6.874310715804957,7.0,138286.4533538468,20000.0,20000,122413.3418627212,288,5.0,0,66472263.4478359,12888581.25913067,17237350.05768161,1999119.308959896,921285.1377492656,1094644.125759139,5734707.685855009,1681447.769209365,18416590.15858128,0,1935218.227338272,655785.8599258361,15874046.07129247,700000,1294856.482926075,18877702.38326287,15414259.25633507,464709.5273482855,681169.5217856169,8164038.675947065,0,469209.21595108,154627.6639280362,603169.5106371151,83832.3545775171,27632.24396030161,43775.76828035871,286669.9195931409,70510.91196016375,368247.7251283253,0,81152.68553106206,27500.1459341753,0,0,0,566201.7721664937,770537.0009530957,1231.014854083529,20430.42010889874,106087.2592603631,BO,0.0,1001.602709348411,optimal,240.41037726619697,31.583394515885765,1.321599338772043
93.0,93.0,ok,optimal,lcom,1177.879291122023,USD/ton,-16363889.1640935,-36654640.38973021,25131.9252686,14482622.24721499,291549835.8673807,5808128.978421717,0,0,0,52.85608196258545,01.01.2025 00:00:00,31.12.2025 22:00:00,1,,,1.0,1.0,0.0,150.0,200.0,20000,205479.4520547945,1299433.111927206,10898.07728939726,12540038.28734183,277737.3641256533,20.0,0,707520,140700,0.0,7.0,375870,35000.0,35000,92503.10599200957,288,5.0,0,104692746.0323931,39300154.27983114,17237350.05768161,1999119.308959896,736302.226982877,850683.0036128737,5734707.685855009,2446351.58969062,45294080.38089943,0,3781662.987904636,1281489.125845887,0,700000,2530314.549003043,28323813.11812014,27410675.70557325,385177.6172945503,681169.5217856169,8164038.675947065,0,738996.9700696861,471494.1797024125,603169.5106371151,83832.3545775171,22084.02364354807,34019.55134996147,286669.9195931409,102586.8806174044,905674.8246240296,0,158582.6874233123,53738.78902757388,0,0,0,849520.394823617,1370220.878021748,1020.33494138958,20430.42010889874,106087.2592603631,BO,0.0,1177.879291122023,optimal,416.6869590398089,54.74135004749415,1.6855494847715928
94.0,94.0,ok,optimal,lcom,910.2569386253473,USD/ton,-18505991.29295274,-30854983.48396657,21441.88979092,8355312.358357599,167258890.4621209,3993679.832656231,0,0,0,60.61494874954224,01.01.2025 00:00:00,31.12.2025 22:00:00,1,,,1.0,1.0,0.0,24.30601660973441,186.496191865687,20000,205479.4520547945,1916237.736151689,16071.09035606182,12540038.28734183,232743.2652476496,5.169209584498554,0,182865.9582612209,36365.38942694733,7.471891307876468,0.0,97147.54032627359,29329.91860606243,29329.91860606243,136411.7481585755,288,0.0,0,20350583.6600013,34267938.71313589,17237350.05768161,1999119.308959896,1004644.662828639,1206684.319144452,5734707.685855009,2173159.281120997,13402819.75735854,0,1527519.982810576,517629.4804018673,17253969.41808617,0,1022065.17311583,24917402.06282208,23462453.09169316,499674.2853191952,681169.5217856169,0,0,143649.1087857929,411121.3797940331,603169.5106371151,83832.3545775171,30132.45875703157,48256.3528176581,286669.9195931409,91130.65868146859,267995.206683389,0,64056.00518652603,21706.60747777106,0,0,0,747351.3947472457,1172854.818362149,1323.636446494666,20430.42010889874,0,BO,0.0,910.2569386253473,optimal,149.0646065431332,19.583041008226182,1.3718522094244172
95.0,95.0,ok,optimal,lcom,1010.737973024808,USD/ton,-16545833.33406715,-30308619.59552801,21117.967874,9253037.194386797,186862595.4629689,4509749.067074065,0,0,0,48.66985011100769,01.01.2025 00:00:00,31.12.2025 22:00:00,1,,,1.0,1.0,0.0,79.84107244851188,58.10938270404606,20000,205479.4520547945,1645148.130824917,13797.51779269863,12540038.28734183,277737.3641256533,7.006983084580479,0,247879.0336001191,49294.12600002368,0.0,0.0,131685.7366000632,35000.0,35000,117113.6171007307,288,5.0,0,59352386.17445689,11736619.29296382,17237350.05768161,1999119.308959896,889235.8790416969,1051898.236654761,5734707.685855009,2446351.58969062,17623510.13209794,0,1872830.796496517,634644.6809078004,0,0,1253112.989537394,28323813.11812014,27410675.70557325,451131.6171988862,681169.5217856169,8164038.675947065,0,418951.9829364151,140807.2763942153,603169.5106371151,83832.3545775171,26670.98571454514,42066.32308960006,286669.9195931409,102586.8806174044,352389.7452806758,0,78536.490889719,26613.59813901202,0,0,0,849520.394823617,1370220.878021748,1195.046990078892,20430.42010889874,106087.2592603631,BO,0.0,1010.737973024808,optimal,249.54564094259388,32.783520067782455,1.6689458753750952
96.0,96.0,ok,optimal,lcom,1258.371318784875,USD/ton,-11744716.13859164,-29294725.71762403,19995.43358999999,13189023.47822211,264021419.9819478,4360986.100810286,0,0,0,76.01166105270386,01.01.2025 00:00:00,31.12.2025 22:00:00,1,,,1.0,1.0,0.0,150.0,200.0,20000,205479.4520547945,1108914.571048637,9300.237612618144,12540038.28734183,158707.065214659,11.54530914733947,0,408426.8563962811,81221.24985153318,10.0,7.0,216976.7674605243,20000.0,20000,78940.60968606612,288,0.0,0,104692746.0323931,39300154.27983114,17237350.05768161,1999119.308959896,648591.7836854428,737560.2462577531,5734707.685855009,1681447.769209365,27623548.06910621,0,2617004.415862962,886822.2028101104,23091836.73469388,700000,1751040.314655942,18877702.38326287,15414259.25633507,346359.919561899,681169.5217856169,0,0,738996.9700696861,471494.1797024125,603169.5106371151,83832.3545775171,19453.31110108599,29495.67414029869,286669.9195931409,70510.91196016375,552344.8504218074,0,109743.1459634577,37188.57249789266,0,0,0,566201.7721664937,770537.0009530957,917.5069172195377,20430.42010889874,0,BO,0.0,1258.371318784875,optimal,497.17898670266095,65.31581648262875,1.388877232955711
97.0,97.0,ok,optimal,lcom,1052.369155489946,USD/ton,-15007045.37843523,-29294199.88020786,19995.43358999999,10271317.71257753,207246808.8049648,4015836.789195104,0,0,0,71.36418008804321,01.01.2025 00:00:00,31.12.2025 22:00:00,1,,,1.0,1.0,0.0,72.04136192635059,86.93909876407446,20000,205479.4520547945,1081581.662157883,9071.002147628564,12540038.28734183,158707.065214659,15.18337347586809,0,537127.0200823095,106815.032402732,10.0,7.0,285348.7294187269,20000.0,20000,76994.85430629019,288,5.0,0,54107588.83202633,16200115.64916603,17237350.05768161,1999119.308959896,635770.5736945545,721178.2217632681,5734707.685855009,1681447.769209365,35346457.77135088,0,3144194.980522094,1065470.849720227,23091836.73469388,700000,2103784.057321721,18877702.38326287,15414259.25633507,340616.4756692966,681169.5217856169,8164038.675947065,0,381930.417531239,194357.0039115015,603169.5106371151,83832.3545775171,19068.76261786613,28840.54276804892,286669.9195931409,70510.91196016375,706767.786738166,0,131850.6940964503,44680.13973224377,0,0,0,566201.7721664937,770537.0009530957,902.2925428000309,20430.42010889874,106087.2592603631,BO,0.0,1052.369155489946,optimal,291.17682340773194,38.25272682545662,1.5476923515312706
98.0,98.0,ok,optimal,lcom,829.1555639315901,USD/ton,-22508479.2271146,-35295587.64778877,24272.9060569,8531998.379343977,172428646.4959323,4255110.041330198,0,0,0,59.70977187156677,01.01.2025 00:00:00,31.12.2025 22:00:00,1,,,1.0,1.0,0.0,34.84722760580259,92.7380284321815,20000,205479.4520547945,2059773.510709224,17274.89526957641,12540038.28734183,208503.5669207913,14.0639133124622,0,497524.9973416628,98939.63015317159,2.259802041785702,0.0,264310.1548377584,26275.27219897615,26275.27219897615,146629.6692240537,288,5.0,0,28144002.90146067,17058949.94234885,17237350.05768161,1999119.308959896,1064409.018629071,1287735.716404253,5734707.685855009,2018784.326234702,32992104.03777746,0,2986921.899751085,1012175.846056243,5218297.98016433,0,1998552.479120747,23007748.70759324,21298127.34678422,524451.0433782025,681169.5217856169,8164038.675947065,0,198660.6871824402,204660.6624590291,603169.5106371151,83832.3545775171,31924.98008614178,51497.66851264142,286669.9195931409,84657.0000569369,659691.4604980549,0,125255.5035975134,42445.23277879449,0,0,0,690074.873907882,1064663.238031598,1389.270042131737,20430.42010889874,106087.2592603631,BO,0.0,829.1555639315901,optimal,67.96323184937603,8.928522921856697,1.5242748524235072
99.0,99.0,ok,optimal,lcom,2023.718014634172,USD/ton,498610.9846520862,-17024024.64885104,26543.5085426,12416982.0838184,248566487.6610005,5105653.549684719,0,0,0,52.70316314697266,01.01.2025 00:00:00,31.12.2025 22:00:00,1,,,1.0,1.0,0.0,120.2503009976142,0.0,20000,205479.4520547945,1525712.424847561,12795.83517979021,12540038.28734183,277737.3641256533,20.0,0,707519.9999999999,140700,10.0,6.999999999999999,375869.9999999999,35000.0,35000,108611.3143135805,288,0.0,0,85804884.88841553,0,17237350.05768161,1999119.308959896,837203.6576607829,982911.9932097648,5734707.685855009,2446351.58969062,45294080.38089942,0,3781662.987904636,1281489.125845887,23091836.73469388,699999.9999999999,2530314.549003043,28323813.11812014,27410675.70557325,428916.3557014065,681169.5217856169,0,0,605672.8126139481,0,603169.5106371151,83832.3545775171,25110.37545819567,39307.50336315588,286669.9195931409,102586.8806174044,905674.8246240293,0,158582.6874233122,53738.78902757388,0,0,0,849520.394823617,1370220.878021748,1136.198795063834,20430.42010889874,0,BO,0.0,2023.718014634172,optimal,1262.525682551958,165.8615870575528,1.6572742286900837
100.0,100.0,ok,optimal,lcom,980.8841058832346,USD/ton,-19183735.94525709,-34497599.71821696,23767.5508346,10290323.18029445,207627265.3704055,5023540.592665425,0,0,0,47.53662323951721,01.01.2025 00:00:00,31.12.2025 22:00:00,1,,,1.0,1.0,0.0,58.94834113984523,123.4472051521216,20000,205479.4520547945,1327020.547750275,11129.4474192304,12540038.28734183,277737.3641256533,16.0962019135434,0,569419.2388935112,113236.7804617778,0.0,0.0,302503.9706621778,35000.0,35000,94466.98045123763,288,5.0,0,45170914.95401265,24634117.9479025,17237350.05768161,1999119.308959896,748781.4705364319,866920.1598147111,5734707.685855009,2446351.58969062,37253366.11273602,0,3269620.980432947,1107973.858448978,0,0,2187706.721348832,28323813.11812014,27410675.70557325,390637.5015591957,681169.5217856169,8164038.675947065,0,318848.922693864,295541.9246407261,603169.5106371151,83832.3545775171,22458.31547588381,34668.88931350344,286669.9195931409,102586.8806174044,744897.2478760142,0,137110.3886282574,46462.48823060017,0,0,0,849520.394823617,1370220.878021748,1034.798166771912,20430.42010889874,106087.2592603631,BO,0.0,980.8841058832346,optimal,219.69177380102053,28.861532695693565,1.6937775980567058
101.0,101.0,ok,optimal,lcom,886.1532113751399,USD/ton,-22162383.94705313,-36643412.91608178,25122.6724355,10068602.16464921,201555986.6985955,4412426.804379438,0,0,0,75.12029719352722,01.01.2025 00:00:00,31.12.2025 22:00:00,1,,,1.0,1.0,0.0,53.74757190651424,137.423697778039,20000,205479.4520547945,2384701.589869298,20000.0,12540038.28734183,250065.3432607529,9.162951140495311,0,324148.5595461621,64461.36127338451,10.0,6.999999999999999,172203.9222588986,31512.81802388916,31512.81802388917,169760.4146779283,288,0.0,0,41567836.63321077,26841161.87135838,17237350.05768161,1999119.308959896,1196741.092543711,1469196.403920849,5734707.685855009,2280235.675329353,22436044.05367856,0,2241591.258622952,759606.2451107417,23091836.73469388,699999.9999999999,1499850.989565422,26248569.3844685,24992438.67226809,578531.1095421627,681169.5217856169,0,0,293415.7951572865,322020.4050265161,603169.5106371151,83832.3545775171,35894.03591951309,58754.4388380768,286669.9195931409,95620.8690485663,448618.4528462398,0,94000.32922923088,31853.81672520163,0,0,0,787277.2968122435,1249336.631802076,1532.528057816362,20430.42010889874,0,BO,0.0,886.1532113751399,optimal,124.96087929292582,16.416465855758144,1.243622330836314
102.0,102.0,ok,optimal,lcom,1037.515354872229,USD/ton,-17614385.87904901,-33453092.89854755,23107.2633974,10661117.57729943,213849926.7317573,5177589.442199108,0,0,0,47.74287343025208,01.01.2025 00:00:00,31.12.2025 22:00:00,1,,,1.0,1.0,40.11999060225727,26.3330300047049,151.0111735694602,20000,205479.4520547945,1674849.021173819,14046.61302939472,12540038.28734183,277737.3641256533,6.458950295597388,0,228491.8256570532,45438.71532952763,0.0,0.0,121386.2823803095,35000.0,35000,119227.942634522,288,0.7502355311949241,54670354.52516845,21871834.38324765,28944048.22163473,17237350.05768161,1999119.308959896,902056.0044442505,1068974.429986419,5734707.685855009,2446351.58969062,16377974.80197164,0,1773377.636387537,600943.0677237859,0,0,1186568.779021292,28323813.11812014,27410675.70557325,456572.3472373237,681169.5217856169,2164035.547268084,820073.1089132305,154387.1944488391,347249.2798973657,603169.5106371151,83832.3545775171,27055.50166754365,42749.21487589531,286669.9195931409,102586.8806174044,327484.7249736323,0,74365.95812324376,25200.3330209103,0,0,0,849520.394823617,1370220.878021748,1209.459475944187,20430.42010889874,41384.30842306398,BO,0.0,1037.515354872229,optimal,276.3230227900149,36.301340823303256,1.4077064213314183
103.0,103.0,ok,optimal,lcom,1718.684581267919,USD/ton,-4455018.828295493,-29294006.48352424,19995.43358999999,18688779.86267,374117022.7818344,6150207.792558743,0,0,0,47.34552884101868,01.01.2025 00:00:00,31.12.2025 22:00:00,1,,,1.0,1.0,70.0,150.0,200.0,20000,205479.4520547945,1565015.873438663,13125.46509036746,12540038.28734183,158707.065214659,20.0,0,707520,140700,10.0,0.0,375870,20000.0,20000,111409.2198290727,288,0.0,90222609.88614184,104692746.0323931,39300154.27983114,17237350.05768161,1999119.308959896,854413.237152974,1005671.381830731,5734707.685855009,1681447.769209365,45294080.38089943,0,3781662.987904636,1281489.125845887,23091836.73469388,0,2530314.549003043,18877702.38326287,15414259.25633507,436288.2030483715,681169.5217856169,0,1353368.508878641,738996.9700696861,471494.1797024125,603169.5106371151,83832.3545775171,25626.54496912927,40217.67105969663,286669.9195931409,70510.91196016375,905674.8246240296,0,158582.6874233123,53738.78902757388,0,0,0,566201.7721664937,770537.0009530957,1155.726807837605,20430.42010889874,0,BO,0.0,1718.684581267919,optimal,957.4922491857048,125.78847800089096,2.06774533426319
104.0,104.0,ok,optimal,lcom,1062.973221092715,USD/ton,-15986780.24361906,-30989247.2137638,21541.89084539,10546733.88330808,211127356.0654913,4455733.086836659,0,0,0,74.2033622264862,01.01.2025 00:00:00,31.12.2025 22:00:00,1,,,1.0,1.0,1.547583305101498,90.06147012602213,68.59960863835805,20000,205479.4520547945,1490795.264142038,12502.99216032096,12540038.28734183,277737.3641256533,6.040263681463182,0,213680.3679954415,42493.25499909349,10.0,6.999999999999999,113517.6954975783,35000.0,35000,106125.6566925486,288,0.0,2920221.420377511,66148436.99997405,13403040.14047479,17237350.05768161,1999119.308959896,821840.1875819693,962643.3688700459,5734707.685855009,2446351.58969062,15419303.55410727,0,1695509.304437227,574555.8880725998,23091836.73469388,699999.9999999999,1134466.998965623,28323813.11812014,27410675.70557325,422314.4802701341,681169.5217856169,0,43804.27161527751,466923.4151399683,160799.7610277784,603169.5106371151,83832.3545775171,24649.57658507838,38496.94349115925,286669.9195931409,102586.8806174044,308315.6766790165,0,71100.57742027083,24093.79606190818,0,0,0,849520.394823617,1370220.878021748,1118.71043676165,20430.42010889874,0,BO,0.0,1062.973221092715,optimal,301.7808890105009,39.645813060805565,1.3429516879291374
105.0,105.0,ok,optimal,lcom,925.7344781669004,USD/ton,-16945464.60662374,-28529878.07449761,19916.6669784,7823138.839484343,158238505.5358739,3761274.628389534,0,0,0,43.54560565948486,01.01.2025 00:00:00,31.12.2025 22:00:00,1,,,1.0,1.0,0.0,47.62969802531732,51.60706849764349,20000,205479.4520547945,1524704.183599167,12787.37926855438,12540038.28734183,158707.065214659,13.46204246906025,0,476233.2143854754,94705.46876983887,0.0,6.999999999999999,252998.8951422838,20000.0,20000,108539.5403636868,288,5.0,0,37284172.04878696,10673659.8813389,17237350.05768161,1999119.308959896,836761.026903847,982327.3872011728,5734707.685855009,1681447.769209365,31718621.97846477,0,2900661.606740679,982944.8892420913,0,699999.9999999999,1940835.629389926,18877702.38326287,15414259.25633507,428726.4287690474,681169.5217856169,8164038.675947065,0,263178.5985161311,128054.6756722823,603169.5106371151,83832.3545775171,25097.09956720511,39284.12446167985,286669.9195931409,70510.91196016375,634227.6331936764,0,121638.2090032396,41219.4430396323,0,0,0,566201.7721664937,770537.0009530957,1135.695678899509,20430.42010889874,106087.2592603631,BO,0.0,925.7344781669004,optimal,164.54214608468635,21.616369365491014,1.1355812838099286
106.0,106.0,ok,optimal,lcom,1239.956608559482,USD/ton,-12036338.54998126,-29053636.52135396,19995.43358999999,12815750.53015812,258181949.4281928,4201547.441214583,0,0,0,54.17874503135681,01.01.2025 00:00:00,31.12.2025 22:00:00,1,,,1.0,1.0,0.0,150.0,200.0,20000,205479.4520547945,2384701.589869298,20000.0,12540038.28734183,158707.065214659,5.756730724663859,0,203650.1061157087,40498.60064801025,10.0,0.0,108189.1188739702,20000.0,20000,169760.4146779283,288,5.0,0,104692746.0323931,39300154.27983114,17237350.05768161,1999119.308959896,1196741.092543711,1469196.403920849,5734707.685855009,1681447.769209365,14766336.95126055,0,1641763.474237168,556343.0813837897,23091836.73469388,0,1098505.609349885,18877702.38326287,15414259.25633507,578531.1095421627,681169.5217856169,8164038.675947065,0,738996.9700696861,471494.1797024125,603169.5106371151,83832.3545775171,35894.03591951309,58754.4388380768,286669.9195931409,70510.91196016375,295259.3256383201,0,68846.76521696686,23330.0485150034,0,0,0,566201.7721664937,770537.0009530957,1532.528057816362,20430.42010889874,106087.2592603631,BO,0.0,1239.956608559482,optimal,478.7642764772679,62.89662366508942,2.0076065308979505
107.0,107.0,ok,optimal,lcom,969.4833128812014,USD/ton,-16319657.36069123,-29280380.36791625,19995.43358999999,9119265.83455362,184184724.3958358,3841457.1726714,0,0,0,56.04902505874634,01.01.2025 00:00:00,31.12.2025 22:00:00,1,,,1.0,1.0,0.0,37.65674174824169,108.0830502901764,20000,205479.4520547945,2382586.167758316,19982.25839140655,12540038.28734183,158707.065214659,12.71407650781914,0,449773.1705406099,89443.52823250766,10.0,0.0,238941.996849699,20000.0,20000,169609.8235363345,288,5.0,0,30178171.6246684,22149201.85756569,17237350.05768161,1999119.308959896,1195891.732696537,1468023.38603863,5734707.685855009,1681447.769209365,30128033.72556289,0,2791666.63243428,946009.8490779506,23091836.73469388,0,1867906.981295743,18877702.38326287,15414259.25633507,578187.2127652474,681169.5217856169,8164038.675947065,0,213019.3183200351,265729.7395459731,603169.5106371151,83832.3545775171,35868.56094163106,58707.52883528012,286669.9195931409,70510.91196016375,602423.129715923,0,117067.5436646234,39670.58531538468,0,0,0,566201.7721664937,770537.0009530957,1531.617075760388,20430.42010889874,106087.2592603631,BO,0.0,969.4833128812014,optimal,208.29098079898733,27.363778117577052,1.8332904672803223
108.0,108.0,ok,optimal,lcom,1104.367744210513,USD/ton,-17707176.2083043,-36387334.00079471,24962.8634666,13350141.29761095,268879527.5681594,5330016.494879455,0,0,0,68.2704222202301,01.01.2025 00:00:00,31.12.2025 22:00:00,1,,,1.0,1.0,0.0,96.08490269430199,200.0,20000,205479.4520547945,1281020.781915972,10743.65687814367,12540038.28734183,277737.3641256533,15.21033602274746,0,538080.8471407143,107004.7139200284,10.0,7.0,285855.4500435045,35000.0,35000,91192.38233955235,288,5.0,0,70117124.48614195,39300154.27983114,17237350.05768161,1999119.308959896,727943.8997339968,839826.8926455596,5734707.685855009,2446351.58969062,35402943.99068432,0,3147934.792271541,1066738.156750217,23091836.73469388,700000,2106286.369164533,28323813.11812014,27410675.70557325,381512.3026290655,681169.5217856169,8164038.675947065,0,494937.2760671056,471494.1797024125,603169.5106371151,83832.3545775171,21833.33107489844,33585.40605383481,286669.9195931409,102586.8806174044,707897.2532458921,0,132007.521767129,44733.28380014436,0,0,0,849520.394823617,1370220.878021748,1010.625528234552,20430.42010889874,106087.2592603631,BO,0.0,1104.367744210513,optimal,343.17541212829883,45.08392920742579,1.7718223374885422
109.0,109.0,ok,optimal,lcom,841.7106106056657,USD/ton,-18271854.10301379,-28922937.41920963,19917.7537743,7205454.275093677,144795233.9740264,3445629.041102161,0,0,0,37.20035696029663,01.01.2025 00:00:00,31.12.2025 22:00:00,1,,,1.0,1.0,0.0,51.36098465729179,97.94800635826083,20000,205479.4520547945,1254746.81958025,10523.30257933044,12540038.28734183,158707.065214659,6.768107592503249,0,239428.5741923949,47613.63691326035,0.0,0.0,127196.4300397098,20000.0,20000,89322.01048242247,288,1.068896159606236,0,39902900.48918126,17821427.50975727,17237350.05768161,1999119.308959896,715974.9923853808,824308.3758172024,5734707.685855009,1681447.769209365,17081852.95506669,0,1829809.112862693,620065.9572275936,0,0,1224327.137289469,18877702.38326287,15414259.25633507,376251.7244803381,681169.5217856169,2772559.736869065,0,281663.4740803647,213808.3042882934,603169.5106371151,83832.3545775171,21474.34583325742,32964.80710231539,286669.9195931409,70510.91196016375,341559.0745906271,0,76732.39194437444,26002.2445657815,0,0,0,566201.7721664937,770537.0009530957,996.6902644599897,20430.42010889874,49075.81843626182,BO,0.0,841.7106106056657,optimal,80.51827852345161,10.577915085297402,1.072136188111928
110.0,110.0,ok,optimal,lcom,916.4883094362463,USD/ton,-19972370.31741387,-33716690.65830217,23273.9891127,9020389.692598872,181757329.2267795,4723930.648289431,0,0,0,47.93233203887939,01.01.2025 00:00:00,31.12.2025 22:00:00,1,,,1.0,1.0,0.0,43.56911719098273,89.52025592329494,20000,205479.4520547945,2252575.509643137,18891.88583772948,12540038.28734183,277737.3641256533,13.32389380596395,0,471346.0672797806,93733.59292495638,0.0,6.999999999999999,250402.5982423835,35000.0,35000,160354.7186930519,288,3.161941235953068,0,34410845.39128383,16583762.13289206,17237350.05768161,1999119.308959896,1143395.443370488,1395727.520402448,5734707.685855009,2446351.58969062,31425521.73814486,0,2880683.896747015,976175.0585622906,0,699999.9999999999,1927468.52332722,28323813.11812014,27410675.70557325,556853.6615235648,681169.5217856169,5923708.872859573,0,242896.5849632696,198959.7106299571,603169.5106371151,83832.3545775171,34294.03182547513,55816.35444604867,286669.9195931409,102586.8806174044,628366.9664902865,0,120800.4508662793,40935.5526067626,0,0,0,849520.394823617,1370220.878021748,1475.10452991542,20430.42010889874,83955.53355199678,BO,0.0,916.4883094362463,optimal,155.29597735403217,20.401673901420637,1.1343195996045177
111.0,111.0,ok,optimal,lcom,928.3569834364575,USD/ton,-16970949.68174779,-29009913.53279708,19995.43358999999,8367089.588622113,169127457.960952,3671874.26242717,0,0,0,58.70521020889282,01.01.2025 00:00:00,31.12.2025 22:00:00,1,,,1.0,1.0,4.860246097633065,36.38654197044147,165.8877178537363,20000,205479.4520547945,1860145.121858137,15600.653178246,12540038.28734183,158707.065214659,5.681257143220205,0,200980.152698558,39967.64400255415,4.4123948750134,0.0,106770.7061211089,20000.0,20000,132418.667639279,288,5.0,8179364.910868768,29260460.96598676,31203505.94462513,17237350.05768161,1999119.308959896,981048.3976725666,1174847.141177899,5734707.685855009,1681447.769209365,14591987.61357234,0,1627310.794101483,551445.5131730722,10189030.20628094,0,1088835.306380959,18877702.38326287,15414259.25633507,489826.5080755697,681169.5217856169,8164038.675947065,122693.13542322,206541.4540756819,374356.582278119,603169.5106371151,83832.3545775171,29424.7324206039,46983.15644947973,286669.9195931409,70510.91196016375,291773.1348490116,0,68240.69723478098,23124.67074041622,0,0,0,566201.7721664937,770537.0009530957,1297.549699068197,20430.42010889874,106087.2592603631,BO,0.0,928.3569834364575,optimal,167.16465135424346,21.96089533600143,1.5296937430221214
112.0,112.0,ok,optimal,lcom,929.288342705093,USD/ton,-16955712.65071127,-28881804.78550662,19994.8585116,8392395.29032768,168001226.5700216,3533696.844467668,0,0,0,35.97844648361206,01.01.2025 00:00:00,31.12.2025 22:00:00,1,,,1.0,1.0,0.0,97.23364501895507,86.20849087966927,20000,205479.4520547945,1974964.839448085,16563.62244935082,12540038.28734183,158707.065214659,5.229375398321555,0,184994.3840910234,36788.65592719214,0.0,0.0,98278.26654835616,20000.0,20000,140592.3707785219,288,0.0,0,70871131.73052561,16091111.4150533,17237350.05768161,1999119.308959896,1029201.629777817,1239917.104157821,5734707.685855009,1681447.769209365,13543137.50242419,0,1539409.296487302,521658.4026615256,0,0,1030020.324981584,18877702.38326287,15414259.25633507,509883.1808629556,681169.5217856169,0,0,500259.6034501099,193049.251743886,603169.5106371151,83832.3545775171,30868.99956710315,49585.36072243933,286669.9195931409,70510.91196016375,270800.9209861251,0,64554.5793113236,21875.55889448899,0,0,0,566201.7721664937,770537.0009530957,1350.679795766775,20430.42010889874,0,BO,0.0,929.288342705093,optimal,168.0960106228789,22.083250650076618,1.1485069846984972
113.0,113.0,ok,optimal,lcom,1113.124251404368,USD/ton,-14044904.38583139,-29047241.43284725,19995.43358999999,10862814.19081125,217454736.6902292,4139522.856204607,0,0,0,61.58297920227051,01.01.2025 00:00:00,31.12.2025 22:00:00,1,,,1.0,1.0,35.51513773104454,53.74064255603442,108.3311957890843,20000,205479.4520547945,1299713.891446,10900.43212926474,12540038.28734183,158707.065214659,5.741769473692584,0,203120.8369013489,40393.34824742733,10.0,0.0,107907.9446038416,20000.0,20000,92523.09392162981,288,0.0,48989082.16062296,41563013.42055563,22189874.01862573,17237350.05768161,1999119.308959896,736429.5034798615,850848.4346794392,5734707.685855009,1681447.769209365,14731793.65627261,0,1638903.488981753,555373.9204573358,23091836.73469388,0,1096591.990308512,18877702.38326287,15414259.25633507,385233.3784620896,681169.5217856169,0,734852.1746236831,293381.7494409095,266217.6940481152,603169.5106371151,83832.3545775171,22087.84106670078,34026.1670818381,286669.9195931409,70510.91196016375,294568.6174405367,0,68726.83275623586,23289.4070975227,0,0,0,566201.7721664937,770537.0009530957,1020.482652640334,20430.42010889874,0,BO,0.0,1113.124251404368,optimal,351.9319193221538,46.2342964437722,1.533951228817919
114.0,114.0,ok,optimal,lcom,936.6308206625866,USD/ton,-18003861.87143468,-30720339.75546518,21377.475734,8469871.577936543,171184975.4725535,4246606.306093949,0,0,0,47.62337636947632,01.01.2025 00:00:00,31.12.2025 22:00:00,1,,,1.0,1.0,0.0,50.5117296142415,95.48659391377836,20000,205479.4520547945,1141672.623111412,9574.972633569512,12540038.28734183,235453.0603433266,9.228647151618881,0,326472.6216356696,64923.53271163883,0.0,7.0,173438.5802439495,29671.40247031409,29671.40247031409,81272.5662402288,288,4.999999999999999,0,39308590.72274783,17462239.05668818,17237350.05768161,1999119.308959896,663874.8865972258,757140.7968610848,5734707.685855009,2190079.067057383,22580766.9065214,0,2252346.555628357,763250.884043865,0,700000,1507047.369723747,25127396.45804861,23702675.34645024,353182.1719563573,681169.5217856169,8164038.675947065,0,277468.4067684305,209499.0269294179,603169.5106371151,83832.3545775171,19911.69950965241,30278.71734661823,286669.9195931409,91840.18386470179,451512.2491936939,0,94451.3487697368,32006.6533578024,0,0,0,753649.7882862661,1184863.188836821,935.5790537728965,20430.42010889874,106087.2592603631,BO,0.0,936.6308206625866,optimal,175.43848858037256,23.047852846923316,1.1255532364592606
115.0,115.0,ok,optimal,lcom,1218.175331755477,USD/ton,-8998844.150616974,-19903182.18157342,14532.8964656,7267686.918520512,147119319.5592379,3636651.112435932,0,0,0,38.35844349861145,01.01.2025 00:00:00,31.12.2025 22:00:00,1,,,1.0,1.0,0.0,37.43135678443405,49.11858691299851,20000,205479.4520547945,596175.3974673244,5000.0,12540038.28734183,158707.065214659,12.82749393406636,0,453785.4254115315,90241.41982615684,0.0,0.0,241073.5072498761,20000.0,20000,42440.10366948209,288,5.0,0,30015561.39335652,10259889.87120868,17237350.05768161,1999119.308959896,394777.3346896058,421915.8730878597,5734707.685855009,1681447.769209365,30369810.81460579,0,2808327.443306472,951655.6847932898,0,0,1879054.746784876,18877702.38326287,15414259.25633507,228531.7383682326,681169.5217856169,8164038.675947065,0,211871.4979332756,123090.5691671858,603169.5106371151,83832.3545775171,11840.61608634099,16872.78181051818,286669.9195931409,70510.91196016375,607257.5677015407,0,117766.2088209883,39907.34142066235,0,0,0,566201.7721664937,770537.0009530957,605.3802386323359,20430.42010889874,106087.2592603631,BO,0.0,1218.175331755477,optimal,456.98299967326284,60.03515542822172,1.598416626795064
116.0,116.0,ok,optimal,lcom,1071.702473069601,USD/ton,-19531584.91865595,-38920500.29479577,26565.9353317,13908388.90163804,280054678.2804258,5480526.474501787,0,0,0,54.84096360206604,01.01.2025 00:00:00,31.12.2025 22:00:00,1,,,1.0,1.0,0.0,114.7700357964185,165.5838637168949,20000,205479.4520547945,2384701.589869298,20000.0,12540038.28734183,277737.3641256533,17.70489598435686,0,626328.4003426083,124553.9432499505,10.0,7.0,332736.9626820107,35000.0,35000,169760.4146779283,288,5.0,0,82277317.42587855,31157773.554354,17237350.05768161,1999119.308959896,1196741.092543711,1469196.403920849,5734707.685855009,2446351.58969062,40588078.53667695,0,3485100.370817943,1180993.187909448,23091836.73469388,700000,2331884.20047517,28323813.11812014,27410675.70557325,578531.1095421627,681169.5217856169,8164038.675947065,0,580772.695219715,373807.9188890854,603169.5106371151,83832.3545775171,35894.03591951309,58754.4388380768,286669.9195931409,102586.8806174044,811576.2722501991,0,146146.4399424237,49524.52774515396,0,0,0,849520.394823617,1370220.878021748,1532.528057816362,20430.42010889874,106087.2592603631,BO,0.0,1071.702473069601,optimal,310.5101409873869,40.79259970183851,1.8631140687295766
117.0,117.0,ok,optimal,lcom,942.8612009655399,USD/ton,-16560140.4395498,-28684829.67053401,19779.11344362,7881674.128568788,157777472.9642247,4243015.102415424,0,0,0,38.01675128936768,01.01.2025 00:00:00,31.12.2025 22:00:00,1,,,1.0,1.0,0.0,44.93793145105999,94.5697676290361,20000,205479.4520547945,1217672.533229391,10212.36819233328,12540038.28734183,277737.3641256533,6.242581108481707,0,220837.5492936489,43916.55809816881,0.0,0.0,117319.948062251,35000.0,35000,86682.79295870913,288,0.0,0,35382313.63095079,17327977.10013216,17237350.05768161,1999119.308959896,699000.3264393202,802355.212639026,5734707.685855009,2446351.58969062,15883354.34435287,0,1733351.879611016,587379.571392431,0,0,1159787.504478737,28323813.11812014,27410675.70557325,368766.4065621938,681169.5217856169,0,0,249753.9090171318,207888.2512917226,603169.5106371151,83832.3545775171,20965.22211971084,32086.88106069681,286669.9195931409,102586.8806174044,317594.5739330949,0,72687.49230117706,24631.55264413899,0,0,0,849520.394823617,1370220.878021748,976.8616683101473,20430.42010889874,0,BO,0.0,942.8612009655399,optimal,181.66886888332579,23.866355614273882,1.2860438730857005
118.0,118.0,ok,optimal,lcom,931.6169661691808,USD/ton,-16881102.98435274,-29155062.16019393,19950.264367,8402138.574579876,169829077.9904239,3871820.601261318,0,0,0,38.08836913108826,01.01.2025 00:00:00,31.12.2025 22:00:00,1,,,1.0,1.0,0.0,49.88348187885853,122.0865256448702,20000,205479.4520547945,1364079.989586397,11440.25730834658,12540038.28734183,158707.065214659,12.29023685762819,0,434779.4190754548,86461.8162934143,0.0,0.0,230976.5663838353,20000.0,20000,97105.14123435579,288,5.0,0,38868299.61865964,24416656.56872669,17237350.05768161,1999119.308959896,765464.1244699907,888679.3195459315,5734707.685855009,1681447.769209365,29222588.18002482,0,2728965.813864509,924762.4726100336,0,0,1825953.79985971,18877702.38326287,15414259.25633507,397913.4336260821,681169.5217856169,8164038.675947065,0,274360.5143479839,292932.9838752169,603169.5106371151,83832.3545775171,22958.6808291376,35539.05698896476,286669.9195931409,70510.91196016375,584318.3524742678,0,114438.2072207788,38779.58416807089,0,0,0,566201.7721664937,770537.0009530957,1054.072100109902,20430.42010889874,106087.2592603631,BO,0.0,931.6169661691808,optimal,170.42463408696676,22.389168532580502,1.4667543507983953
119.0,119.0,ok,optimal,lcom,895.3264057591473,USD/ton,-20931710.55798264,-34745648.55587801,23924.6485206,9287376.186559942,186179083.2162648,4526561.811335429,0,0,0,53.83094763755798,01.01.2025 00:00:00,31.12.2025 22:00:00,1,,,1.0,1.0,0.0,46.66652974814345,161.4394466171656,20000,205479.4520547945,2384701.589869298,20000.0,12540038.28734183,277737.3641256533,7.04745572201821,0,249310.7936221162,49578.85100439812,3.844871733721769,2.860136501924361,132446.3591117492,35000.0,35000,169760.4146779283,288,0.366028052397557,0,36604915.96616276,30532315.05559796,17237350.05768161,1999119.308959896,1196741.092543711,1469196.403920849,5734707.685855009,2446351.58969062,17715098.47069692,0,1880071.666310559,637098.3886966857,8878515.03409425,286013.6501924361,1257957.862889808,28323813.11812014,27410675.70557325,578531.1095421627,681169.5217856169,1309441.527950518,0,258383.9187891767,366304.130488941,603169.5106371151,83832.3545775171,35894.03591951309,58754.4388380768,286669.9195931409,102586.8806174044,354221.0939205131,0,78840.134180532,26716.49349921664,0,0,0,849520.394823617,1370220.878021748,1532.528057816362,20430.42010889874,29484.67926220227,BO,0.0,895.3264057591473,optimal,134.1340736769332,17.62157447251397,1.169583965541787
120.0,120.0,ok,optimal,lcom,988.7494341727923,USD/ton,-16014551.6772235,-29239884.96271601,19995.43358999999,9350994.70540715,188823535.270241,3874338.580085364,0,0,0,44.4709141254425,01.01.2025 00:00:00,31.12.2025 22:00:00,1,,,1.0,1.0,0.0,53.64012217492549,52.87684178792665,20000,205479.4520547945,1679518.083306331,14085.77148974336,12540038.28734183,158707.065214659,14.96138740753142,0,529274.0409288316,105253.3604119836,10.0,0.0,281176.8342434418,20000.0,20000,119560.3204578687,288,5.0,0,41493038.65512079,10883245.20306101,17237350.05768161,1999119.308959896,904067.2103037408,1071656.08766559,5734707.685855009,1681447.769209365,34881016.46142197,0,3113320.83398829,1055008.552265539,23091836.73469388,0,2083126.134494541,18877702.38326287,15414259.25633507,457424.7381890944,681169.5217856169,8164038.675947065,0,292887.8170377831,130569.1253265868,603169.5106371151,83832.3545775171,27115.82406794576,42856.45669303768,286669.9195931409,70510.91196016375,697461.0854386203,0,130555.9977829788,44241.40702330244,0,0,0,566201.7721664937,770537.0009530957,1211.717458321057,20430.42010889874,106087.2592603631,BO,0.0,988.7494341727923,optimal,227.55710209057827,29.894823226621853,1.8325805853790835
121.0,121.0,ok,optimal,lcom,1003.502709026161,USD/ton,-20540240.69020091,-38066949.01918241,26025.8081693,12164777.07432591,243517779.9350101,5361931.254655594,0,0,0,44.72909474372864,01.01.2025 00:00:00,31.12.2025 22:00:00,1,,,1.0,1.0,0.0,105.479984043115,150.0685499430335,20000,205479.4520547945,1820591.468775983,15268.92485424784,12540038.28734183,277737.3641256533,19.32092038599336,0,683496.8795749012,135922.6749154633,0.0,7.0,363107.7172741662,35000.0,35000,129602.950747162,288,0.0,0,76258368.22029074,28799420.95360182,17237350.05768161,1999119.308959896,964323.995005719,1152339.562637808,5734707.685855009,2446351.58969062,43907577.87125336,0,3695143.929580043,1252170.481435739,0,700000,2472424.559137483,28323813.11812014,27410675.70557325,482823.3744012615,681169.5217856169,0,0,538286.6071715852,345514.1489200613,603169.5106371151,83832.3545775171,28923.11489130167,46083.05885653856,286669.9195931409,102586.8806174044,877951.1042900581,0,154954.5415979618,52509.32214037623,0,0,0,849520.394823617,1370220.878021748,1278.998408270699,20430.42010889874,0,BO,0.0,1003.502709026161,optimal,242.31037694394695,31.833002873415143,1.1344312245839274
122.0,122.0,ok,optimal,lcom,953.7375197640692,USD/ton,-20476847.69148575,-35989027.80542304,24711.3952373,10553666.67706865,212898946.3311788,4958513.436868646,0,0,0,38.93727326393127,01.01.2025 00:00:00,31.12.2025 22:00:00,1,,,1.0,1.0,26.78243397508438,36.03792321042184,122.3083662369237,20000,205479.4520547945,2217251.850362729,18595.63359861939,12540038.28734183,222626.7224153741,12.72748942021279,0,450247.6657294478,89537.88807119701,0.0,0.0,239194.0724187692,28055.04872946402,28055.04872946402,157840.1235450222,288,5.0,38000751.78218348,29008030.14732948,24452143.67590026,17237350.05768161,1999119.308959896,1129028.724984051,1376013.652690813,5734707.685855009,2109408.4073623,30156637.85046406,0,2793639.514192784,946678.3979486959,0,0,1869227.038485655,24127392.14613678,22562621.95040961,550987.7928616422,681169.5217856169,8164038.675947065,570023.643082625,204759.6151497813,293358.7319363486,603169.5106371151,83832.3545775171,33863.12867606273,55027.97977290487,286669.9195931409,88457.28854812411,602995.0816263169,0,117150.2757568888,39698.62067362144,0,0,0,723656.5082735133,1127873.533342963,1459.565852462143,20430.42010889874,106087.2592603631,BO,0.0,953.7375197640692,optimal,192.54518768185517,25.295208525702666,1.5721358972880617
123.0,123.0,ok,optimal,lcom,956.0565115357986,USD/ton,-16522207.70850804,-29211011.09149754,19983.240089,8855031.88031958,177262410.282899,3833771.502669922,0,0,0,47.67182087898254,01.01.2025 00:00:00,31.12.2025 22:00:00,1,,,1.0,1.0,0.0,52.41376611357794,94.41247318064046,20000,205479.4520547945,1855445.613875067,15561.23937483315,12540038.28734183,158707.065214659,14.72378227904053,0,520868.5219033377,103581.8083330501,5.970248723596068,7.0,276711.4022611481,20000.0,20000,132084.1224587091,288,0.0,0,40638277.15188012,17304916.46831948,17237350.05768161,1999119.308959896,979065.0639237248,1172175.461753327,5734707.685855009,1681447.769209365,34382060.37324674,0,3080106.371699523,1043753.193874267,13786400.87907949,700000,2060902.304016948,18877702.38326287,15414259.25633507,488997.0320158612,681169.5217856169,0,0,286854.2933700437,207611.5868897836,603169.5106371151,83832.3545775171,29365.24599261638,46876.31367139571,286669.9195931409,70510.91196016375,687484.2415805926,0,129163.1611637666,43769.41758709164,0,0,0,566201.7721664937,770537.0009530957,1295.352418206678,20430.42010889874,0,BO,0.0,956.0565115357986,optimal,194.86417945358448,25.599861065407815,0.7946728835776613
124.0,124.0,ok,optimal,lcom,917.8790778826798,USD/ton,-21980546.09316651,-37477467.23097885,25647.0549611,10700508.80844208,214205663.8839992,4796412.329370257,0,0,0,44.40372800827026,01.01.2025 00:00:00,31.12.2025 22:00:00,1,,,1.0,1.0,0.0,65.54698014009706,93.04836565579807,20000,205479.4520547945,2384701.589869298,20000.0,12540038.28734183,277737.3641256533,14.07191515576898,0,497808.0705504833,98995.92312083475,9.231520268257743,0.0,264460.5374799442,35000.0,35000,169760.4146779283,288,0.0,0,49697195.00892644,17104603.34286777,17237350.05768161,1999119.308959896,1196741.092543711,1469196.403920849,5734707.685855009,2446351.58969062,33008997.70877054,0,2988060.422647477,1012561.65640368,21317275.88476252,0,1999314.265947951,28323813.11812014,27410675.70557325,578531.1095421627,681169.5217856169,0,0,350798.6744487104,205208.3781874465,603169.5106371151,83832.3545775171,35894.03591951309,58754.4388380768,286669.9195931409,102586.8806174044,660029.256792521,0,125303.2471487447,42461.41159798804,0,0,0,849520.394823617,1370220.878021748,1532.528057816362,20430.42010889874,0,BO,0.0,917.8790778826798,optimal,156.6867458004657,20.584383104839585,1.6924945109856433
125.0,125.0,ok,optimal,lcom,1471.529867885558,USD/ton,-8369055.629346341,-29208067.63283177,19995.43358999999,15445904.3385076,310833075.9045377,5393107.664977834,0,0,0,42.63406705856323,01.01.2025 00:00:00,31.12.2025 22:00:00,1,,,1.0,1.0,70.0,150.0,106.5256405065446,20000,205479.4520547945,2384701.589869298,20000.0,12540038.28734183,158707.065214659,6.591538235580425,0,233182.2566218931,46371.4714873083,0.0,7.0,123878.0738303807,20000.0,20000,169760.4146779283,288,5.0,90222609.88614184,104692746.0323931,21893506.79290311,17237350.05768161,1999119.308959896,1196741.092543711,1469196.403920849,5734707.685855009,1681447.769209365,16680249.73062854,0,1797686.121544796,609180.4647352193,0,700000,1202833.611147889,18877702.38326287,15414259.25633507,578531.1095421627,681169.5217856169,8164038.675947065,1353368.508878641,738996.9700696861,262662.0993044458,603169.5106371151,83832.3545775171,35894.03591951309,58754.4388380768,286669.9195931409,70510.91196016375,333528.8435581663,0,75385.32577069344,25545.76532400658,0,0,0,566201.7721664937,770537.0009530957,1532.528057816362,20430.42010889874,106087.2592603631,BO,0.0,1471.529867885558,optimal,710.3375358033438,93.31906088179333,1.693406830889768
126.0,126.0,ok,optimal,lcom,910.4090841867342,USD/ton,-22602808.58287107,-38329858.55400834,26192.3069582,10841653.33154394,218663940.6520979,4885396.639593325,0,0,0,67.70734405517578,01.01.2025 00:00:00,31.12.2025 22:00:00,1,,,1.0,1.0,0.0,50.05368460132321,124.8613520252918,20000,205479.4520547945,1722755.854197994,14448.39774935878,12540038.28734183,277737.3641256533,13.85067354455652,0,489981.4273122316,97439.48838595513,9.16209769530572,7.0,260302.633259623,35000.0,35000,122638.2996681397,288,4.999999999999999,0,38987636.254187,24859617.00840701,17237350.05768161,1999119.308959896,922639.3184056234,1096454.414676636,5734707.685855009,2446351.58969062,32541551.43310632,0,2956502.321766111,1001867.58788378,21156966.41273148,700000,1978198.708571626,28323813.11812014,27410675.70557325,465281.5287490503,681169.5217856169,8164038.675947065,0,275202.8784602573,298247.295561135,603169.5106371151,83832.3545775171,27672.86010478236,43848.16330473972,286669.9195931409,102586.8806174044,650682.4653316245,0,123979.8694538656,42012.95965216451,0,0,0,849520.394823617,1370220.878021748,1232.530084952403,20430.42010889874,106087.2592603631,BO,0.0,910.4090841867342,optimal,149.21675210452008,19.60302880302841,1.6084920274814756
127.0,127.0,ok,optimal,lcom,902.2165014537708,USD/ton,-17351308.48831074,-29073004.05793912,19956.77455279999,8005940.349384503,160704123.8844556,3715755.220243878,0,0,0,36.62583112716675,01.01.2025 00:00:00,31.12.2025 22:00:00,1,,,1.0,1.0,0.0,56.26000587314638,105.094972975628,20000,205479.4520547945,2384701.589869298,20000.0,12540038.28734183,158707.065214659,9.8496115902529,0,348439.8596167866,69292.01753742916,0.0,0.0,185108.6754214179,20000.0,20000,169760.4146779283,288,0.7657581773086903,0,43312599.93030286,21657960.69493228,17237350.05768161,1999119.308959896,1196741.092543711,1469196.403920849,5734707.685855009,1681447.769209365,23943721.07876392,0,2352791.953294057,797288.7359787308,0,0,1574255.48739759,18877702.38326287,15414259.25633507,578531.1095421627,681169.5217856169,2195281.414689966,0,305731.5939007916,259836.1914605711,603169.5106371151,83832.3545775171,35894.03591951309,58754.4388380768,286669.9195931409,70510.91196016375,478765.1102858217,0,98663.49066394506,33434.01852789088,0,0,0,566201.7721664937,770537.0009530957,1532.528057816362,20430.42010889874,41791.92259302581,BO,0.0,902.2165014537708,optimal,141.0241693715567,18.52674592580172,1.157863014989149
128.0,128.0,ok,optimal,lcom,1018.729789879777,USD/ton,-19865095.42294234,-37332056.94218644,25560.9422684,12135911.85138148,242939948.1370407,5331049.667862614,0,0,0,36.06132435798645,01.01.2025 00:00:00,31.12.2025 22:00:00,1,,,1.0,1.0,0.0,112.0321782569999,136.3302647370663,20000,205479.4520547945,2384701.589869298,20000.0,12540038.28734183,277737.3641256533,18.17703600810735,0,643030.8258228056,127875.4483170352,0.0,0.0,341610.1262183654,35000.0,35000,169760.4146779283,288,0.0,0,80508727.10079826,26670172.78944143,17237350.05768161,1999119.308959896,1196741.092543711,1469196.403920849,5734707.685855009,2446351.58969062,41560925.60312747,0,3547097.949040106,1202002.257880673,0,0,2373366.843079823,28323813.11812014,27410675.70557325,578531.1095421627,681169.5217856169,0,0,568288.7081140133,319969.0045067507,603169.5106371151,83832.3545775171,35894.03591951309,58754.4388380768,286669.9195931409,102586.8806174044,831028.7721990695,0,148746.2862533334,50405.5355945994,0,0,0,849520.394823617,1370220.878021748,1532.528057816362,20430.42010889874,0,BO,0.0,1018.729789879777,optimal,257.53745779756287,33.8334277610336,1.5600937051918766
129.0,129.0,ok,optimal,lcom,1109.069355032072,USD/ton,-14109119.27944364,-29276828.92020331,19995.43358999999,11026828.6835765,220738022.9281379,4140880.957183177,0,0,0,40.85133719444275,01.01.2025 00:00:00,31.12.2025 22:00:00,1,,,1.0,1.0,0.0,150.0,93.82657283778569,20000,205479.4520547945,1553014.317508463,13024.81051806219,12540038.28734183,158707.065214659,12.09212112616161,0,427770.8769590933,85068.07212254696,0.0,7.0,227253.2783845183,20000.0,20000,110554.861732384,288,0.0,0,104692746.0323931,17218951.01221735,17237350.05768161,1999119.308959896,849167.4495267636,998727.7870457222,5734707.685855009,1681447.769209365,28798289.30823346,0,2699413.36293899,914748.0570938244,0,700000,1806180.224907446,18877702.38326287,15414259.25633507,434043.7106918239,681169.5217856169,0,0,738996.9700696861,206580.2369383555,603169.5106371151,83832.3545775171,25469.20727039519,39939.99068012078,286669.9195931409,70510.91196016375,575834.3121081484,0,113198.9357408231,38359.63322833522,0,0,0,566201.7721664937,770537.0009530957,1149.781150888083,20430.42010889874,0,BO,0.0,1109.069355032072,optimal,347.877022949858,45.70159318319103,0.8572145446032041
130.0,130.0,ok,optimal,lcom,976.855217299553,USD/ton,-14026399.19301979,-25090676.69829368,17309.47593208,7601610.134459765,152171076.589802,3462667.370814125,0,0,0,43.19184947013855,01.01.2025 00:00:00,31.12.2025 22:00:00,1,,,1.0,1.0,0.0,72.43397025611549,49.51964134588371,20000,205479.4520547945,1407289.692045319,11802.6481638103,12540038.28734183,158707.065214659,7.642071657962722,0,270345.9269720893,53761.97411376776,0.0,6.999999999999999,143621.2737039224,20000.0,20000,100181.1223293063,288,0.0,0,54372902.83080973,10326853.1252107,17237350.05768161,1999119.308959896,784801.4123870509,913975.123913552,5734707.685855009,1681447.769209365,19054802.22468255,0,1984925.297255734,672630.0551332426,0,699999.9999999999,1328115.533931611,18877702.38326287,15414259.25633507,406315.0033883682,681169.5217856169,0,0,383803.1952417151,123893.9447542401,603169.5106371151,83832.3545775171,23538.66701947189,36550.65815175755,286669.9195931409,70510.91196016375,381009.0527936278,0,83237.13376366817,28206.50124717305,0,0,0,566201.7721664937,770537.0009530957,1076.327846046529,20430.42010889874,0,BO,0.0,976.855217299553,optimal,215.66288521733895,28.332246152217657,0.4955536456766248
131.0,131.0,ok,optimal,lcom,1346.787610257561,USD/ton,-13743427.02312226,-38919888.84969067,26565.3440908,18109284.69696933,364149340.3993439,7067177.129599078,0,0,0,43.99952006340027,01.01.2025 00:00:00,31.12.2025 22:00:00,1,,,1.0,1.0,70.0,120.2385445894468,200.0,20000,205479.4520547945,2384701.589869298,20000.0,12540038.28734183,277737.3641256533,20.0,0,707520,140700,0.0,7.0,375870,35000.0,35000,169760.4146779283,288,5.0,90222609.88614184,85797334.9200979,39300154.27983114,17237350.05768161,1999119.308959896,1196741.092543711,1469196.403920849,5734707.685855009,2446351.58969062,45294080.38089943,0,3781662.987904636,1281489.125845887,0,700000,2530314.549003043,28323813.11812014,27410675.70557325,578531.1095421627,681169.5217856169,8164038.675947065,1353368.508878641,605619.5194878981,471494.1797024125,603169.5106371151,83832.3545775171,35894.03591951309,58754.4388380768,286669.9195931409,102586.8806174044,905674.8246240296,0,158582.6874233123,53738.78902757388,0,0,0,849520.394823617,1370220.878021748,1532.528057816362,20430.42010889874,106087.2592603631,BO,0.0,1346.787610257561,optimal,585.595278175347,76.93131597548707,1.9418129919987899
132.0,132.0,ok,optimal,lcom,1074.358271288622,USD/ton,-19475706.33777341,-38920496.91283943,26565.9353317,14121941.11572454,284329623.9499447,5322849.459341474,0,0,0,76.82084631919861,01.01.2025 00:00:00,31.12.2025 22:00:00,1,,,1.0,1.0,0.0,150.0,112.3119152038191,20000,205479.4520547945,1457294.10414331,12222.02484649815,12540038.28734183,277737.3641256533,14.00223919327227,0,495343.2137011999,98505.75272467043,10.0,7.0,263151.0822787624,35000.0,35000,103740.8003072735,288,5.0,0,104692746.0323931,22839819.81700495,17237350.05768161,1999119.308959896,807031.9655928942,943152.036046522,5734707.685855009,2446351.58969062,32861863.95442013,0,2978139.560978281,1009199.781908581,23091836.73469388,700000,1992676.20732123,28323813.11812014,27410675.70557325,415932.1959718999,681169.5217856169,8164038.675947065,0,738996.9700696861,274015.2629552457,603169.5106371151,83832.3545775171,24205.43135158414,37717.46818125778,286669.9195931409,102586.8806174044,657087.2534215071,0,124887.2193561868,42320.43259115484,0,0,0,849520.394823617,1370220.878021748,1101.803775047736,20430.42010889874,106087.2592603631,BO,0.0,1074.358271288622,optimal,313.165939206408,41.1414994617397,1.8253498831845563
133.0,133.0,ok,optimal,lcom,1178.283200495113,USD/ton,-13013022.28587554,-29294792.17819742,19995.43358999999,11944468.32071871,239107580.0397812,4337301.571603172,0,0,0,40.85553431510925,01.01.2025 00:00:00,31.12.2025 22:00:00,1,,,1.0,1.0,0.0,150.0,200.0,20000,205479.4520547945,2384701.589869298,20000.0,12540038.28734183,158707.065214659,10.19967963672473,0,360823.866828774,71754.74624435847,0.0,7.0,191687.6792527862,20000.0,20000,169760.4146779283,288,0.0,0,104692746.0323931,39300154.27983114,17237350.05768161,1999119.308959896,1196741.092543711,1469196.403920849,5734707.685855009,1681447.769209365,24708269.42908978,0,2408494.737913248,816164.694253474,0,700000,1611526.277204277,18877702.38326287,15414259.25633507,578531.1095421627,681169.5217856169,0,0,738996.9700696861,471494.1797024125,603169.5106371151,83832.3545775171,35894.03591951309,58754.4388380768,286669.9195931409,70510.91196016375,494052.5868671978,0,100999.3670522236,34225.57509982055,0,0,0,566201.7721664937,770537.0009530957,1532.528057816362,20430.42010889874,0,BO,0.0,1178.283200495113,optimal,417.090868412899,54.794412769761095,1.0271347413407923
134.0,134.0,ok,optimal,lcom,1120.552906606846,USD/ton,-13927261.35387417,-29293933.64570091,19995.43358999999,11201992.06814899,224244490.6814204,4164680.223677752,0,0,0,44.20960426330566,01.01.2025 00:00:00,31.12.2025 22:00:00,1,,,1.0,1.0,0.0,82.23232229780092,200.0,20000,205479.4520547945,2384701.589869298,20000.0,12540038.28734183,158707.065214659,12.83720852865369,0,454129.0889096531,90309.76199907874,10.0,0.0,241256.0784832532,20000.0,20000,169760.4146779283,288,0.0,0,60949866.37163673,39300154.27983114,17237350.05768161,1999119.308959896,1196741.092543711,1469196.403920849,5734707.685855009,1681447.769209365,30390509.89342814,0,2809752.234282394,952138.5025769176,23091836.73469388,0,1880008.075875066,18877702.38326287,15414259.25633507,578531.1095421627,681169.5217856169,0,0,430228.1512499003,471494.1797024125,603169.5106371151,83832.3545775171,35894.03591951309,58754.4388380768,286669.9195931409,70510.91196016375,607671.4547796017,0,117825.956921943,39927.58821206295,0,0,0,566201.7721664937,770537.0009530957,1532.528057816362,20430.42010889874,0,BO,0.0,1120.552906606846,optimal,359.36057452463183,47.210219990211144,1.6210494666440094
135.0,135.0,ok,optimal,lcom,1081.713770890314,USD/ton,-14535477.87688898,-29193297.95833972,19986.00820244999,10272188.67893105,207264244.0437293,4385631.402519681,0,0,0,36.25590991973877,01.01.2025 00:00:00,31.12.2025 22:00:00,1,,,1.0,1.0,0.0,80.05436758487356,112.120835482688,20000,205479.4520547945,1553981.985799393,13032.92615227857,12540038.28734183,158707.065214659,20.0,0,707520,140700,0.0,0.0,375870,20000.0,20000,110623.7474038814,288,4.999999999999999,0,59495070.84803544,22808728.0533327,17237350.05768161,1999119.308959896,849590.7096180479,999287.8375153802,5734707.685855009,1681447.769209365,45294080.38089943,0,3781662.987904636,1281489.125845887,0,0,2530314.549003043,18877702.38326287,15414259.25633507,434224.8925382008,681169.5217856169,8164038.675947065,0,419959.1543541683,273642.2469740928,603169.5106371151,83832.3545775171,25481.902174092,39962.38758429095,286669.9195931409,70510.91196016375,905674.8246240296,0,158582.6874233123,53738.78902757388,0,0,0,566201.7721664937,770537.0009530957,1150.26110133251,20430.42010889874,106087.2592603631,BO,0.0,1081.713770890314,optimal,320.5214388080999,42.10781234899268,1.6160157856573003
136.0,136.0,ok,optimal,lcom,921.1379878600295,USD/ton,-16989875.78254773,-29124228.26948365,19883.78784349999,8415624.505540159,168466235.2490638,3718727.981395758,0,0,0,42.77816534042358,01.01.2025 00:00:00,31.12.2025 22:00:00,1,,,1.0,1.0,0.0,64.05697277373126,146.9634728776007,20000,205479.4520547945,1088400.849956703,9128.193268125899,12540038.28734183,158707.065214659,9.359084072148145,0,331086.9581363127,65841.1564475622,0.0,7.0,175889.9465099161,20000.0,20000,77480.29372286634,288,0.0,0,48679289.15904379,28321713.93685567,17237350.05768161,1999119.308959896,638975.2969549473,725269.1497515586,5734707.685855009,1681447.769209365,22867804.14961216,0,2273626.222355486,770461.9077653497,0,700000,1521285.616360162,18877702.38326287,15414259.25633507,342053.8272751941,681169.5217856169,0,0,343613.5602226804,339782.9735054548,603169.5106371151,83832.3545775171,19164.88236551859,29004.14252750759,286669.9195931409,70510.91196016375,457251.68363216,0,95343.7039975437,32309.04506337845,0,0,0,566201.7721664937,770537.0009530957,906.1000850888603,20430.42010889874,0,BO,0.0,921.1379878600295,optimal,159.94565577781543,21.012515370496427,0.43971966297395576
137.0,137.0,ok,optimal,lcom,908.1183484584172,USD/ton,-22805092.768377,-38613086.26644423,26371.27294,10813565.8721953,216468870.5998265,4994427.625871925,0,0,0,46.52801179885864,01.01.2025 00:00:00,31.12.2025 22:00:00,1,,,1.0,1.0,0.0,73.26068061953794,200.0,20000,205479.4520547945,1515095.665872898,12706.79461371046,12540038.28734183,277737.3641256533,12.60483364622842,0,445908.5950689766,88675.00470121694,0.0,7.0,236888.9411303938,35000.0,35000,107855.5361425377,288,0.0,0,54931102.07565771,39300154.27983114,17237350.05768161,1999119.308959896,832539.8210841495,976754.1605546228,5734707.685855009,2446351.58969062,29894951.75844709,0,2775572.623652983,940556.085135879,0,700000,1857138.463661743,28323813.11812014,27410675.70557325,426914.3441350198,681169.5217856169,0,0,387743.3684272595,471494.1797024125,603169.5106371151,83832.3545775171,24970.49230498281,39061.24629286485,286669.9195931409,102586.8806174044,597762.5544726369,0,116392.6471516037,39441.88367135339,0,0,0,849520.394823617,1370220.878021748,1130.895469370617,20430.42010889874,0,BO,0.0,908.1183484584172,optimal,146.92601637620317,19.302088340050975,0.9567445128667739
138.0,138.0,ok,optimal,lcom,992.6897762193411,USD/ton,-17009112.99091963,-30628306.48935674,21320.2966269,9248250.105453696,186683079.0019446,4370943.392983409,0,0,0,50.03716945648193,01.01.2025 00:00:00,31.12.2025 22:00:00,1,,,1.0,1.0,0.0,25.47321548482537,176.0335889919999,20000,205479.4520547945,1936941.938598192,16244.73222835694,12540038.28734183,277737.3641256533,4.753448943575646,0,168158.0098279321,33440.51331805467,10.0,0.0,89333.94272108891,35000.0,35000,137885.6239708891,288,4.637963939510392,0,21228037.71706107,32721141.18448136,17237350.05768161,1999119.308959896,1013319.156045816,1218411.983767607,5734707.685855009,2446351.58969062,12428605.42562425,0,1444071.325471704,489351.3003291747,23091836.73469388,0,966229.5916706648,28323813.11812014,27410675.70557325,503285.0540910455,681169.5217856169,7745602.541041841,0,149842.8128781652,392564.047251627,603169.5106371151,83832.3545775171,30392.63413920979,48725.35230062431,286669.9195931409,102586.8806174044,248515.3676708777,0,60556.61553044303,20520.77209114062,0,0,0,849520.394823617,1370220.878021748,1333.201367657725,20430.42010889874,102062.2313742224,BO,0.0,992.6897762193411,optimal,231.497444137127,30.412477159862355,1.8977396632391084
139.0,139.0,ok,optimal,lcom,933.9303061049551,USD/ton,-20561100.74295531,-35423685.09616397,24352.05309299001,10259139.11741989,205495425.0665087,4603445.235788771,0,0,0,69.19678735733032,01.01.2025 00:00:00,31.12.2025 22:00:00,1,,,1.0,1.0,0.0,40.75834109020522,200.0,20000,205479.4520547945,1999251.008203561,16767.30553371365,12540038.28734183,277737.3641256533,7.52280800647608,0,266126.8560370978,52922.95432555923,9.999999999999998,7.0,141379.8922697082,35000.0,35000,142321.2370217376,288,0.1275649994845696,0,32406289.51184921,39300154.27983114,17237350.05768161,1999119.308959896,1039314.124869064,1253631.253966888,5734707.685855009,2446351.58969062,18786956.53801613,0,1964116.803978573,665578.697583612,23091836.73469387,700000,1314192.549929483,28323813.11812014,27410675.70557325,514075.6302376242,681169.5217856169,626091.9538869493,0,228746.9826519576,471494.1797024125,603169.5106371151,83832.3545775171,31172.30515617557,50133.80147142476,286669.9195931409,102586.8806174044,375653.3618676187,0,82364.5370262866,27910.80508551623,0,0,0,849520.394823617,1370220.878021748,1361.785587990704,20430.42010889874,18177.11885994733,BO,0.0,933.9303061049551,optimal,172.737974022741,22.693078574533526,1.3513110782816478
140.0,140.0,ok,optimal,lcom,1046.599752506898,USD/ton,-20028768.30778535,-38855956.11612457,26524.9027782,13427579.80411516,268796904.687996,5399608.004224062,0,0,0,44.37096738815308,01.01.2025 00:00:00,31.12.2025 22:00:00,1,,,1.0,1.0,0.0,150.0,200.0,20000,205479.4520547945,1527180.989633005,12808.15172951436,12540038.28734183,277737.3641256533,13.6600971649364,0,483239.5973067899,96098.78355532755,0.0,7.0,256721.0360692322,35000.0,35000,108715.8574430092,288,0.0,0,104692746.0323931,39300154.27983114,17237350.05768161,1999119.308959896,837848.2716741909,983763.4383603382,5734707.685855009,2446351.58969062,32138297.01140462,0,2929184.748643991,992610.5036294553,0,700000,1959920.492629212,28323813.11812014,27410675.70557325,429192.9217638643,681169.5217856169,0,0,738996.9700696861,471494.1797024125,603169.5106371151,83832.3545775171,25129.70946343344,39341.553393424,286669.9195931409,102586.8806174044,642619.2178921739,0,122834.3167767908,41624.76712854455,0,0,0,849520.394823617,1370220.878021748,1136.931418156293,20430.42010889874,0,BO,0.0,1046.599752506898,optimal,285.407420424684,37.49478395873515,1.2159033512254998
141.0,141.0,ok,optimal,lcom,1037.88396560082,USD/ton,-18309946.80947825,-35022000.07587049,24028.9309006,11550243.69951766,231215885.5217442,5161809.566874581,0,0,0,43.75497889518738,01.01.2025 00:00:00,31.12.2025 22:00:00,1,,,1.0,1.0,0.0,97.6687661624639,155.0762093667576,20000,205479.4520547945,1235947.304335212,10365.63492544115,12540038.28734183,277737.3641256533,16.20183690704182,0,573156.1824235115,113979.9226410392,0.0,7.0,304489.2219124905,35000.0,35000,87983.72416714535,288,0.0,0,71156501.8340222,29565698.8056303,17237350.05768161,1999119.308959896,707380.256841647,813184.6623499361,5734707.685855009,2446351.58969062,37473329.41916302,0,3283982.071848881,1112840.390063154,0,700000,2197315.74221228,28323813.11812014,27410675.70557325,372465.3519466379,681169.5217856169,0,0,502273.9516244064,354707.3837530277,603169.5106371151,83832.3545775171,21216.56263499707,32519.9601500491,286669.9195931409,102586.8806174044,749295.5097967046,0,137712.6158701758,46666.56449659081,0,0,0,849520.394823617,1370220.878021748,986.6601691902072,20430.42010889874,0,BO,0.0,1037.88396560082,optimal,276.69163351860584,36.34976626232241,1.0358175442576687
142.0,142.0,ok,optimal,lcom,998.1164860470753,USD/ton,-16122153.01505551,-29759759.13764161,20317.9845994,9587755.754124505,193563081.6348364,4049850.368461587,0,0,0,63.91818594932556,01.01.2025 00:00:00,31.12.2025 22:00:00,1,,,1.0,1.0,0.0,54.30228938255519,200.0,20000,205479.4520547945,1539036.005760888,12907.57730274538,12540038.28734183,161267.2049600796,11.37413280605289,0,402371.3221469271,80017.02429058209,2.875498458732991,7.0,213759.764890555,20322.62454629325,20322.62454629325,109559.7837700736,288,5.0,0,41953749.80672611,39300154.27983114,17237350.05768161,1999119.308959896,843047.4030098778,990633.7542841978,5734707.685855009,1699572.698659108,27254669.23279968,0,2590943.744121079,877991.0437257928,6640054.093992611,700000,1733603.092704597,19097993.38468301,15632861.54737297,431422.3026970469,681169.5217856169,8164038.675947065,0,296139.848893059,471494.1797024125,603169.5106371151,83832.3545775171,25285.64779301544,39616.30328776722,286669.9195931409,71270.97440641861,544968.9577539365,0,108650.3009970757,36818.2409942306,0,0,0,572808.9933666224,781464.6200450473,1142.837044967558,20430.42010889874,106087.2592603631,BO,0.0,998.1164860470753,optimal,236.92415396486126,31.12539945282473,1.1658736184146898
143.0,143.0,ok,optimal,lcom,1086.934865654302,USD/ton,-16332376.78201506,-32627686.81194252,22585.1224413,11287931.87710861,227597664.6311339,5007378.152818849,0,0,0,47.17120242118835,01.01.2025 00:00:00,31.12.2025 22:00:00,1,,,1.0,1.0,0.0,117.8589028614929,57.05332669726211,20000,205479.4520547945,1859913.935471058,15598.71426573752,12540038.28734183,277737.3641256533,12.99787028754589,0,459812.6592922234,91440.01747288533,0.0,6.999999999999999,244275.4752489937,35000.0,35000,132402.2101097059,288,4.999999999999999,0,84267597.59189339,11565669.71570893,17237350.05768161,1999119.308959896,980950.853518228,1174715.727066393,5734707.685855009,2446351.58969062,30732608.89402231,0,2833264.362535959,960106.0387584356,0,699999.9999999999,1895740.064787962,28323813.11812014,27410675.70557325,489785.7192290702,681169.5217856169,8164038.675947065,0,594821.5292413164,138756.3498221627,603169.5106371151,83832.3545775171,29421.80676408439,46977.90108514833,286669.9195931409,102586.8806174044,614511.8729923496,0,118811.929626919,40261.7039975914,0,0,0,849520.394823617,1370220.878021748,1297.441649473844,20430.42010889874,106087.2592603631,BO,0.0,1086.934865654302,optimal,325.74253357208795,42.793722406665744,1.460567225762492
144.0,144.0,ok,optimal,lcom,879.1136939176323,USD/ton,-22198249.23738171,-36453537.36879884,25005.2947559,9561705.879789112,192146311.7021773,4693582.251628022,0,0,0,49.44520616531372,01.01.2025 00:00:00,31.12.2025 22:00:00,1,,,1.0,1.0,0.0,41.62305346399678,124.7942112095937,20000,205479.4520547945,2384701.589869298,20000.0,12540038.28734183,277737.3641256533,11.36293915879089,0,401975.3356813865,79938.27698209391,4.797426000377044,0.0,213549.3970807366,35000.0,35000,169760.4146779283,288,1.606479178682737,0,33024404.96898658,24848922.36378117,17237350.05768161,1999119.308959896,1196741.092543711,1469196.403920849,5734707.685855009,2446351.58969062,27230528.07333311,0,2589235.080177293,877412.0301355572,11078137.79474822,0,1732459.823923072,28323813.11812014,27410675.70557325,578531.1095421627,681169.5217856169,3687555.973419395,0,233110.0877121345,298118.9891260212,603169.5106371151,83832.3545775171,35894.03591951309,58754.4388380768,286669.9195931409,102586.8806174044,544486.2447772684,0,108578.6487845503,36793.96026601979,0,0,0,849520.394823617,1370220.878021748,1532.528057816362,20430.42010889874,59882.95976718083,BO,0.0,879.1136939176323,optimal,117.92136183541822,15.491664440818603,1.4842408105731877
145.0,145.0,ok,optimal,lcom,1222.65227680281,USD/ton,-16355567.72155713,-38920401.49197502,26565.93533260001,16143546.64843297,324798667.3382116,6421287.12198492,0,0,0,58.23105645179749,01.01.2025 00:00:00,31.12.2025 22:00:00,1,,,1.0,1.0,70.0,63.78208175089755,108.8261148909724,20000,205479.4520547945,1609245.941241745,13496.41353935564,12540038.28734183,277737.3641256533,16.88662155044186,0,597381.1239684314,118797.3826073585,10.0,7.0,317358.7221082292,35000.0,35000,114557.837955291,288,5.0,90222609.88614184,48491238.78302199,22270937.90269006,17237350.05768161,1999119.308959896,873677.0116632681,1031215.422982623,5734707.685855009,2446351.58969062,38895821.08016731,0,3376341.618418227,1144138.196074751,23091836.73469388,700000,2259113.608698851,28323813.11812014,27410675.70557325,444511.4300455195,681169.5217856169,8164038.675947065,1353368.508878641,342286.1649315341,267190.2385640542,603169.5106371151,83832.3545775171,26204.32626077706,41239.19942685765,286669.9195931409,102586.8806174044,777738.8488550353,0,141585.6804851379,47979.02681902599,0,0,0,849520.394823617,1370220.878021748,1177.510124051828,20430.42010889874,106087.2592603631,BO,0.0,1222.65227680281,optimal,461.459944720596,60.62330442271916,1.9771454760332505
146.0,146.0,ok,optimal,lcom,1075.931119578116,USD/ton,-15719307.55207455,-30878212.54722638,21478.4968589,10575912.65505133,212246337.5327978,4582992.340100499,0,0,0,43.68326210975647,01.01.2025 00:00:00,31.12.2025 22:00:00,1,,,1.0,1.0,33.43852231672309,76.76113152474592,83.16665402777396,20000,205479.4520547945,1688812.556284663,14163.72231610936,12540038.28734183,210370.4123251523,4.738476094114278,0,167628.3303053867,33335.17932209394,0.0,2.085308821763966,89052.55047473668,26510.52894722942,26510.52894722942,120221.9686882877,288,1.015228301274149,46403369.72930338,57287739.94859149,15635270.21146038,17237350.05768161,1999119.308959896,908067.4951318534,1076992.115505007,5734707.685855009,2030876.936543415,12393365.98488676,0,1441022.131549071,488318.0224123036,0,208530.8821763966,964189.372917738,23156916.14542385,21465847.92970784,459119.2272355958,681169.5217856169,2674364.825670611,696065.6467014683,404378.2195860082,187580.4061807808,603169.5106371151,83832.3545775171,27235.80521357799,43069.84907576653,286669.9195931409,85164.09935342417,247810.7397362473,0,60428.74867179574,20477.4419505552,0,0,0,694548.8753480206,1073047.352559252,1216.206157311646,20430.42010889874,47866.74464961811,BO,0.0,1075.931119578116,optimal,314.738787495902,41.34812901161858,0.9681238445875137
147.0,147.0,ok,optimal,lcom,1074.098960706658,USD/ton,-14662923.85174479,-29290070.18549662,19995.43358999999,10536930.85882335,210931116.4842327,4090215.474928483,0,0,0,35.15670585632324,01.01.2025 00:00:00,31.12.2025 22:00:00,1,,,1.0,1.0,0.0,111.7031506427652,200.0,20000,205479.4520547945,1486923.420619678,12470.5198078991,12540038.28734183,158707.065214659,9.388398647501134,0,332123.9905540002,66047.38448517049,0.0,0.0,176440.8699818126,20000.0,20000,105850.0306919135,288,0.0,0,80295894.14520599,39300154.27983114,17237350.05768161,1999119.308959896,820132.1789930364,960392.9457927394,5734707.685855009,1681447.769209365,22932258.06284374,0,2278395.141233027,772077.947508488,0,0,1524476.504828397,18877702.38326287,15414259.25633507,421579.2949067219,681169.5217856169,0,0,566786.3794878734,471494.1797024125,603169.5106371151,83832.3545775171,24598.34802609936,38406.94711987592,286669.9195931409,70510.91196016375,458540.4676425967,0,95543.68690826921,32376.81311311461,0,0,0,566201.7721664937,770537.0009530957,1116.762931815863,20430.42010889874,0,BO,0.0,1074.098960706658,optimal,312.906628624444,41.107433093617644,1.2241977070627617
148.0,148.0,ok,optimal,lcom,886.9604593624089,USD/ton,-17505252.03250303,-28713243.37202264,19857.8668081,7483205.610484492,151433630.7119125,3724785.729035111,0,0,0,41.49144244194031,01.01.2025 00:00:00,31.12.2025 22:00:00,1,,,1.0,1.0,0.0,35.72046243767392,72.02969051761161,20000,205479.4520547945,2089480.073652556,17524.03808115108,12540038.28734183,158707.065214659,12.75314460793753,0,451155.2436503982,89718.37231684056,0.0,1.90261767785398,239676.2231892741,20000.0,20000,148744.3985744008,288,5.0,0,28777947.9978378,13936549.02418043,17237350.05768161,1999119.308959896,1076672.344206096,1304438.56504614,5734707.685855009,1681447.769209365,30211341.22794637,0,2797411.180656998,947956.4995605178,0,190261.767785398,1871750.664350496,18877702.38326287,15414259.25633507,529506.7813057808,681169.5217856169,8164038.675947065,0,203135.529262409,167200.4059640715,603169.5106371151,83832.3545775171,32292.79585807188,52165.62992088638,286669.9195931409,70510.91196016375,604088.8994363043,0,117308.4392436597,39752.2174084577,0,0,0,566201.7721664937,770537.0009530957,1402.662684461917,20430.42010889874,106087.2592603631,BO,0.0,886.9604593624089,optimal,125.76812728019479,16.52251631807176,1.348835538929441
149.0,149.0,ok,optimal,lcom,855.8219964038722,USD/ton,-20206024.57876783,-32173552.4514391,22297.8043768,8025286.888394688,161346264.5905262,3942240.98427658,0,0,0,53.61267042160034,01.01.2025 00:00:00,31.12.2025 22:00:00,1,,,1.0,1.0,0.0,31.10991639908208,136.7421111622814,20000,205479.4520547945,1447575.414576751,12140.51620317065,12540038.28734183,222701.4109133759,5.757211602361307,0,203667.1176451336,40501.9836226118,4.783735597188381,0.0,108198.1562489772,28064.46084957357,28064.46084957357,103048.9532527179,288,1.472549014920332,0,25412267.47035607,26734608.67173189,17237350.05768161,1999119.308959896,802723.4116415897,937489.253760108,5734707.685855009,2109882.526920382,14767447.07704482,0,1641855.357863356,556374.2179150407,11046524.13922174,0,1098567.088777561,24133260.3445734,22569282.95803767,414071.6650642377,681169.5217856169,3469563.833336199,0,179378.1267078712,320742.0585575724,603169.5106371151,83832.3545775171,24076.2042436885,37491.00860470795,286669.9195931409,88477.17058254153,295281.523085901,0,68850.61832403054,23331.35421432633,0,0,0,723832.5140334719,1128206.507685466,1096.875231411278,20430.42010889874,57374.81808892028,BO,0.0,855.8219964038722,optimal,94.62966432165808,12.431767942643624,1.1948036004187306
150.0,150.0,ok,optimal,lcom,897.1020517999564,USD/ton,-22787905.5982195,-38165570.909147,26088.1871487,10376072.36028494,209343815.5229442,5001592.950642551,0,0,0,37.77764463424683,01.01.2025 00:00:00,31.12.2025 22:00:00,1,,,1.0,1.0,0.0,52.00802978081078,200.0,20000,205479.4520547945,1885045.219801509,15809.48515998453,12540038.28734183,277737.3641256533,12.41923824206829,0,439342.9720514078,87369.34103295041,0.0,0.0,233400.9539023104,35000.0,35000,134191.2378301764,288,5.0,0,40355043.4875689,39300154.27983114,17237350.05768161,1999119.308959896,991540.342571801,1188991.67851539,5734707.685855009,2446351.58969062,29498498.65928329,0,2748124.146204785,931254.6414367984,0,0,1838772.659501695,28323813.11812014,27410675.70557325,494209.9644172187,681169.5217856169,8164038.675947065,0,284855.0257256268,471494.1797024125,603169.5106371151,83832.3545775171,29739.41890494464,47548.80876912241,286669.9195931409,102586.8806174044,589835.3024335771,0,115241.6050483449,39051.830950253,0,0,0,849520.394823617,1370220.878021748,1309.161468466573,20430.42010889874,106087.2592603631,BO,0.0,897.1020517999564,optimal,135.9097197177423,17.85484613934118,1.7000687085610622
151.0,151.0,ok,optimal,lcom,933.0281781944092,USD/ton,-22406929.4598099,-38841543.65211488,26515.7682917,11498618.68747859,231815249.8782296,4935995.504826398,0,0,0,68.69219875335693,01.01.2025 00:00:00,31.12.2025 22:00:00,1,,,1.0,1.0,0.0,56.50066524943539,200.0,20000,205479.4520547945,2384701.589869298,20000.0,12540038.28734183,277737.3641256533,10.38316506612155,0,367314.8473791161,73045.56624016512,10.0,7.0,195136.0126701554,35000.0,35000,169760.4146779283,288,5.0,0,43479311.99300439,39300154.27983114,17237350.05768161,1999119.308959896,1196741.092543711,1469196.403920849,5734707.685855009,2446351.58969062,25107948.70967116,0,2437438.484912984,825972.838754988,23091836.73469388,700000,1630892.567741096,28323813.11812014,27410675.70557325,578531.1095421627,681169.5217856169,8164038.675947065,0,306908.367974254,471494.1797024125,603169.5106371151,83832.3545775171,35894.03591951309,58754.4388380768,286669.9195931409,102586.8806174044,502044.347805986,0,102213.1127503461,34636.87613818941,0,0,0,849520.394823617,1370220.878021748,1532.528057816362,20430.42010889874,106087.2592603631,BO,0.0,933.0281781944092,optimal,171.8358461121951,22.574563467047067,1.7408648690584252
152.0,152.0,ok,optimal,lcom,809.0422615862287,USD/ton,-24358733.54936823,-37757027.95817797,25824.57438390001,9017649.598535692,180517735.5121349,4380644.810274045,0,0,0,37.93263959884644,01.01.2025 00:00:00,31.12.2025 22:00:00,1,,,1.0,1.0,0.0,46.29618907246109,186.2083963056911,20000,205479.4520547945,1477767.185402514,12393.72835310189,12540038.28734183,224779.1387590315,11.56693888418446,0,409192.0299669096,81373.4150502377,0.0,0.0,217383.2659199207,28326.29265181191,28326.29265181191,105198.2232314088,288,0.0,0,36343368.43411563,34225627.14268007,17237350.05768161,1999119.308959896,816089.4913415947,955068.7525777145,5734707.685855009,2123050.910219032,27670120.2936917,0,2620288.322248461,887935.0175524006,0,0,1753237.579756341,24296289.1753305,22754475.62722066,419838.1911186589,681169.5217856169,0,0,256537.7275196094,410613.756870674,603169.5106371151,83832.3545775171,24477.09508619755,38194.02801404402,286669.9195931409,89029.38203533342,553276.082295357,0,109880.8554054478,37235.23798685906,0,0,0,728722.262320358,1137464.027073049,1112.150750443476,20430.42010889874,0,BO,0.0,809.0422615862287,optimal,47.84992950401465,6.286181230060858,1.1339365283852152
153.0,153.0,ok,optimal,lcom,914.7212010930225,USD/ton,-22767987.5516076,-38800679.79463534,26488.5475131,11151332.84002221,223230380.6248794,4881359.403005532,0,0,0,55.6390073299408,01.01.2025 00:00:00,31.12.2025 22:00:00,1,,,1.0,1.0,0.0,54.10924477610331,200.0,20000,205479.4520547945,1515853.827142749,12713.1531557861,12540038.28734183,277737.3641256533,12.20260065898479,0,431679.2009122458,85845.29563595797,9.33315210203609,0.0,229329.5754846306,35000.0,35000,107909.5075795131,288,0.0,0,41819494.91596566,39300154.27983114,17237350.05768161,1999119.308959896,832873.0900033148,977194.0448468956,5734707.685855009,2446351.58969062,29034985.22180738,0,2715912.870263026,920339.232004226,21551962.45602824,0,1817220.062028554,28323813.11812014,27410675.70557325,427057.4644347883,681169.5217856169,0,0,295192.1809671617,471494.1797024125,603169.5106371151,83832.3545775171,24980.48808989394,39078.83764734762,286669.9195931409,102586.8806174044,580567.1497816932,0,113890.8366904781,38594.09715227059,0,0,0,849520.394823617,1370220.878021748,1131.274594834089,20430.42010889874,0,BO,0.0,914.7212010930225,optimal,153.52886901080842,20.169523856189638,1.6505680493892836
154.0,154.0,ok,optimal,lcom,888.1687635297467,USD/ton,-20609804.23086838,-34257972.0889134,23405.0629591,9413976.737849776,188451518.8033595,4234191.120195249,0,0,0,36.80209469795227,01.01.2025 00:00:00,31.12.2025 22:00:00,1,,,1.0,1.0,0.0,61.7281049679013,176.0852533881713,20000,205479.4520547945,1573566.542863026,13197.17778985731,12540038.28734183,186454.2188270407,14.41406559623334,0,509911.9845323508,101402.9514695016,0.0,0.0,270890.7417828114,23496.65007979983,23496.65007979983,112017.9187092262,288,0.0,0,47083540.0091139,32728823.66554211,17237350.05768161,1999119.308959896,858145.7601728707,1010615.189313532,5734707.685855009,1873127.199654747,33730462.42072373,0,3036544.688712375,1028991.481043133,0,0,2031755.137652842,21216888.85328607,17762393.96618606,437883.8576760416,681169.5217856169,0,0,332349.6108901775,392656.2159764627,603169.5106371151,83832.3545775171,25738.49509450001,40415.37821008186,286669.9195931409,78548.92045034944,674455.2572980125,0,127336.4175383089,43150.39042914031,0,0,0,636361.3444420527,887916.9312548931,1159.953694598152,20430.42010889874,0,BO,0.0,888.1687635297467,optimal,126.9764314475326,16.681254670576248,1.1253675489228072
155.0,155.0,ok,optimal,lcom,1063.271906110673,USD/ton,-14834385.23945504,-29052948.2936323,19995.43358999999,10433888.70803763,210501198.7255019,3784674.346139634,0,0,0,63.34063172340393,01.01.2025 00:00:00,31.12.2025 22:00:00,1,,,1.0,1.0,0.0,101.0552388387198,112.5899278556612,20000,205479.4520547945,2384701.589869298,20000.0,12540038.28734183,158707.065214659,5.776763513668006,0,204358.7860595194,40639.53131865442,10.0,0.0,108565.6050941197,20000.0,20000,169760.4146779283,288,5.0,0,73373191.1202212,22885038.0905773,17237350.05768161,1999119.308959896,1196741.092543711,1469196.403920849,5734707.685855009,1681447.769209365,14812575.61873762,0,1645589.094348622,557639.4662250951,23091836.73469388,0,1101065.335654934,18877702.38326287,15414259.25633507,578531.1095421627,681169.5217856169,8164038.675947065,0,517920.944641288,274557.7583524329,603169.5106371151,83832.3545775171,35894.03591951309,58754.4388380768,286669.9195931409,70510.91196016375,296183.8878925037,0,69007.19123067443,23384.41195054131,0,0,0,566201.7721664937,770537.0009530957,1532.528057816362,20430.42010889874,106087.2592603631,BO,0.0,1063.271906110673,optimal,302.07957402845886,39.68505216048763,1.8631233622289654
156.0,156.0,ok,optimal,lcom,1089.292441309308,USD/ton,-18991216.16521762,-38547769.5023357,26329.8663337,14293880.2423835,287771547.6409529,5262673.094734575,0,0,0,57.48579025268555,01.01.2025 00:00:00,31.12.2025 22:00:00,1,,,1.0,1.0,0.0,150.0,200.0,20000,205479.4520547945,1532802.145693819,12855.29520511478,12540038.28734183,277737.3641256533,8.963815105080675,0,317103.923157334,63060.43926424255,10.0,0.0,168461.4591773337,35000.0,35000,109116.0122413734,288,5.0,0,104692746.0323931,39300154.27983114,17237350.05768161,1999119.308959896,840314.4862015807,987021.7190530282,5734707.685855009,2446351.58969062,21996726.31098277,0,2208833.407287589,748505.6181097081,23091836.73469388,0,1477932.677940865,28323813.11812014,27410675.70557325,430250.7108459899,681169.5217856169,8164038.675947065,0,738996.9700696861,471494.1797024125,603169.5106371151,83832.3545775171,25203.67900737481,39471.85486514355,286669.9195931409,102586.8806174044,439834.1036283228,0,92626.64042734914,31388.31589460458,0,0,0,849520.394823617,1370220.878021748,1139.733499878211,20430.42010889874,106087.2592603631,BO,0.0,1089.292441309308,optimal,328.100109227094,43.103443820773656,2.0896286580426047
157.0,157.0,ok,optimal,lcom,854.6986861397118,USD/ton,-23647288.79919868,-38144065.89408817,26069.7228899,9793847.172872234,196055867.3610368,4702929.922017262,0,0,0,37.7027268409729,01.01.2025 00:00:00,31.12.2025 22:00:00,1,,,1.0,1.0,0.0,62.82714745175849,167.1258315566522,20000,205479.4520547945,1427764.60149078,11974.36700303482,12540038.28734183,263673.1127912635,11.68508253689178,0,413371.4798250835,82204.55564703366,0.0,0.0,219603.5986570756,33227.64647366301,33227.64647366301,101638.6753970447,288,0.0,0,47837344.74730594,31389678.80981855,17237350.05768161,1999119.308959896,793922.7719624131,925934.292703293,5734707.685855009,2362642.45488903,27924348.94149529,0,2638189.706124828,894001.2452539514,0,0,1765215.413903523,27276559.13766755,26185416.97136095,410266.2942693197,681169.5217856169,0,0,337670.5088383098,376590.1465977957,603169.5106371151,83832.3545775171,23812.24533166717,37028.91568719385,286669.9195931409,99076.56793190728,558359.4946105571,0,110631.5435478842,37489.62308000737,0,0,0,818109.9483825081,1308971.928282985,1086.794809775488,20430.42010889874,0,BO,0.0,854.6986861397118,optimal,93.50635405749767,12.284195480755097,1.260135380669816
158.0,158.0,ok,optimal,lcom,868.9284545611764,USD/ton,-19858341.47273608,-32425463.69609629,22168.0614076,8592534.062840754,172007658.3577576,3974588.16051945,0,0,0,36.88369584083557,01.01.2025 00:00:00,31.12.2025 22:00:00,1,,,1.0,1.0,0.0,43.94628045553931,200.0,20000,205479.4520547945,1915111.47183823,16061.64460974083,12540038.28734183,176764.0516855332,10.58322950346543,0,374392.326914593,74453.01955687928,0.0,0.0,198895.9236733775,22275.51135753802,22275.51135753802,136331.5724679558,288,0.0,0,34678824.57141944,39300154.27983114,17237350.05768161,1999119.308959896,1004172.25298966,1206045.997047343,5734707.685855009,1807331.556502384,25542937.64085833,0,2468805.802272791,836602.2566148335,0,0,1651880.471669228,20411619.21740052,16947460.23785221,499477.4990175596,681169.5217856169,0,0,244788.1754474919,471494.1797024125,603169.5106371151,83832.3545775171,30118.28969754605,48230.8257631993,286669.9195931409,75789.80364242144,510742.1405562383,0,103528.4900063544,35082.61698166251,0,0,0,612208.7709109375,847179.5477346429,1323.115159871222,20430.42010889874,0,BO,0.0,868.9284545611764,optimal,107.73612247896233,14.153600599766166,1.117990156323687
159.0,159.0,ok,optimal,lcom,859.4465255199104,USD/ton,-17966544.1165042,-29092293.47420879,19889.49309059999,7550281.61870405,151143568.553459,3575467.739000548,0,0,0,37.06056904792786,01.01.2025 00:00:00,31.12.2025 22:00:00,1,,,1.0,1.0,0.0,43.4522738695996,144.7067505606371,20000,205479.4520547945,1317900.780152839,11052.96181083245,12540038.28734183,158707.065214659,8.489010302505024,0,300307.2284614177,59720.18747812285,0.0,0.0,159538.2151201282,20000.0,20000,93817.76902131113,288,0.0,0,34327779.77853984,27973257.30225637,17237350.05768161,1999119.308959896,744661.9148032165,861556.3012405952,5734707.685855009,1681447.769209365,20945262.37297272,0,2129741.808743164,721703.9110817084,0,0,1425012.408963709,18877702.38326287,15414259.25633507,388836.7717682189,681169.5217856169,0,0,242310.2479106929,335602.4485659744,603169.5106371151,83832.3545775171,22334.7570200225,34454.38395554861,286669.9195931409,70510.91196016375,418809.6251612132,0,89309.96247643253,30264.39587803339,0,0,0,566201.7721664937,770537.0009530957,1030.028036205551,20430.42010889874,0,BO,0.0,859.4465255199104,optimal,98.25419343769636,12.907932633651939,1.0465178632079604
160.0,160.0,ok,optimal,lcom,3208.226930244108,USD/ton,13052489.89278812,2192939.36527487,13640.1665273,7120437.139189728,142538826.1295665,3739113.388323519,0,0,0,34.03047728538513,01.01.2025 00:00:00,31.12.2025 22:00:00,1,,,1.0,1.0,0.0,33.2499831504311,0.0,20000,205479.4520547945,596175.3974673244,5000.0,12540038.28734183,158707.065214659,20.0,0,707520,140700,0.0,0.0,375870,20000.0,20000,42440.10366948209,288,0.0,0,26980298.15667832,0,17237350.05768161,1999119.308959896,394777.3346896058,421915.8730878597,5734707.685855009,1681447.769209365,45294080.38089943,0,3781662.987904636,1281489.125845887,0,0,2530314.549003043,18877702.38326287,15414259.25633507,228531.7383682326,681169.5217856169,0,0,190446.4191166871,0,603169.5106371151,83832.3545775171,11840.61608634099,16872.78181051818,286669.9195931409,70510.91196016375,905674.8246240296,0,158582.6874233123,53738.78902757388,0,0,0,566201.7721664937,770537.0009530957,605.3802386323359,20430.42010889874,0,BO,0.0,3208.226930244108,optimal,2447.034598161894,321.4738897156411,1.4691547015194548
161.0,161.0,ok,optimal,lcom,957.5254923997277,USD/ton,-19390979.57675723,-34051862.71838629,23486.0036319,9944436.274580257,200703208.2443708,4716446.86704881,0,0,0,58.90487432479858,01.01.2025 00:00:00,31.12.2025 22:00:00,1,,,1.0,1.0,0.0,33.77095749281972,59.15832078979454,20000,205479.4520547945,2050457.640089913,17196.76498561227,12540038.28734183,267728.8215974246,16.36745353279627,0,579015.036176201,115145.0356032218,10.0,6.991193778879143,307601.7379686068,33738.74014182146,33738.74014182146,145966.4977538209,288,5.0,0,27360466.30847348,11905802.61728764,17237350.05768161,1999119.308959896,1060556.016534541,1282492.816176776,5734707.685855009,2386929.661700217,37817904.02474836,0,3306435.64399045,1120449.214177796,23091836.73469388,699119.3778879143,2212339.45015469,27580098.47682421,26539532.01541625,522860.6360754155,681169.5217856169,8164038.675947065,0,193129.9203423279,142837.012770144,603169.5106371151,83832.3545775171,31809.41641373121,51288.0003839097,286669.9195931409,100095.0432795103,756185.4288072912,0,138654.1984024776,46985.63781964748,0,0,0,827214.0495206383,1326673.638076571,1385.057055527083,20430.42010889874,106087.2592603631,BO,0.0,957.5254923997277,optimal,196.3331603175136,25.7928452563955,1.6982149827391573
162.0,162.0,ok,optimal,lcom,2381.660331157394,USD/ton,3946122.920313148,-15537256.54291259,13054.74535336,14221115.31634257,286314919.776886,5262264.146883165,0,0,0,34.8174729347229,01.01.2025 00:00:00,31.12.2025 22:00:00,1,,,1.0,1.0,42.76159067130849,150.0,0.0,20000,205479.4520547945,596175.3974673244,5000.0,12540038.28734183,158707.065214659,20.0,0,707520,140700,0.0,0.0,375870,20000.0,20000,42440.10366948209,288,5.0,57899607.09565783,104692746.0323931,0,17237350.05768161,1999119.308959896,394777.3346896058,421915.8730878597,5734707.685855009,1681447.769209365,45294080.38089943,0,3781662.987904636,1281489.125845887,0,0,2530314.549003043,18877702.38326287,15414259.25633507,228531.7383682326,681169.5217856169,8164038.675947065,868512.9483462839,738996.9700696861,0,603169.5106371151,83832.3545775171,11840.61608634099,16872.78181051818,286669.9195931409,70510.91196016375,905674.8246240296,0,158582.6874233123,53738.78902757388,0,0,0,566201.7721664937,770537.0009530957,605.3802386323359,20430.42010889874,106087.2592603631,BO,0.0,2381.660331157394,optimal,1620.46799907518,212.8854864633815,2.031434329256923
163.0,163.0,ok,optimal,lcom,1097.840652545958,USD/ton,-14910539.56622442,-30110747.06000084,20868.1968428,10413600.90393546,210095072.0053385,4786606.589840955,0,0,0,55.20134258270264,01.01.2025 00:00:00,31.12.2025 22:00:00,1,,,1.0,1.0,0.0,48.40983989245168,70.8913294614618,20000,205479.4520547945,971059.0425018223,8144.07174991689,12540038.28734183,277737.3641256533,15.26684090909159,0,540079.7640000241,107402.2257954593,10.0,0.0,286917.3746250128,35000.0,35000,69127.04987163465,288,5.0,0,37833344.91556064,13760065.60687669,17237350.05768161,1999119.308959896,583242.9260384853,654500.9671443058,5734707.685855009,2446351.58969062,35521288.61050326,0,3155765.154975405,1069391.625525337,23091836.73469388,0,2111525.672808704,28323813.11812014,27410675.70557325,316884.1275985337,681169.5217856169,8164038.675947065,0,267055.0570098711,165083.0884726384,603169.5106371151,83832.3545775171,17493.29296659265,26174.06150799014,286669.9195931409,102586.8806174044,710263.6053585388,0,132335.88523184,44844.55606599623,0,0,0,849520.394823617,1370220.878021748,839.4255876848755,20430.42010889874,106087.2592603631,BO,0.0,1097.840652545958,optimal,336.64832046374386,44.22644662523788,1.9896786489378269
164.0,164.0,ok,optimal,lcom,904.0293599247877,USD/ton,-18068206.94431194,-30383605.08712177,20815.69685561,8383964.028647843,169465255.0408002,3931434.114161988,0,0,0,60.61894202232361,01.01.2025 00:00:00,31.12.2025 22:00:00,1,,,1.0,1.0,0.0,32.04590067600008,92.75363838841879,20000,205479.4520547945,1529832.343911219,12830.38809057084,12540038.28734183,165816.9731346708,15.89808510567767,0,562410.6586984535,111843.0287184425,3.922122260635934,5.868699616104937,298780.6624335534,20895.97875310659,20895.97875310659,108904.6001367029,288,5.0,0,26099350.04365444,17061247.03651477,17237350.05768161,1999119.308959896,839011.7472371237,985300.4344549329,5734707.685855009,1731551.071126829,36840438.10305911,0,3242602.802147269,1098818.229884507,9056900.689611344,586869.9616104937,2169628.830795796,19487128.9345981,16020329.89249262,429692.0133837062,681169.5217856169,8164038.675947065,0,184228.0514552656,204688.2212956115,603169.5106371151,83832.3545775171,25164.60576131072,39403.01920071378,286669.9195931409,72611.97604024339,736640.5728403027,0,135977.3909667712,46078.55021511669,0,0,0,584480.3945520895,800833.6141464052,1138.253511122795,20430.42010889874,106087.2592603631,BO,0.0,904.0293599247877,optimal,142.83702784257366,18.764906295344325,1.2018276471053235
165.0,165.0,ok,optimal,lcom,1033.252276732765,USD/ton,-18778785.47442892,-35703554.0333636,24526.1376361,12098309.30640135,243820018.0113125,4826459.252533332,0,0,0,66.86224269866943,01.01.2025 00:00:00,31.12.2025 22:00:00,1,,,1.0,1.0,43.55983919723325,32.05160770076148,176.5279842798077,20000,205479.4520547945,2384701.589869298,20000.0,12540038.28734183,196120.2535634287,7.773535520339133,0,274996.5925675172,54686.82238558581,10.0,0.0,146091.9398014935,24714.74767656582,24714.74767656582,169760.4146779283,288,5.0,58871457.90888583,26103533.21456949,32794639.15629998,17237350.05768161,1999119.308959896,1196741.092543711,1469196.403920849,5734707.685855009,1937643.72174404,19349563.79568901,0,2007738.650001542,680360.7978147945,23091836.73469388,0,1343379.971442009,22008762.2638883,18570247.94004761,578531.1095421627,681169.5217856169,8164038.675947065,883091.0268081098,184257.5792950507,393445.8215491441,603169.5106371151,83832.3545775171,35894.03591951309,58754.4388380768,286669.9195931409,81254.39777311705,386902.9385262049,0,84193.80356717457,28530.68718181074,0,0,0,660112.1229696361,928300.4078706437,1532.528057816362,20430.42010889874,106087.2592603631,BO,0.0,1033.252276732765,optimal,272.05994465055096,35.741288132309585,1.922330145268443
166.0,166.0,ok,optimal,lcom,1036.903176024658,USD/ton,-17575055.98565682,-33348485.25556527,23041.0138443,10890876.18238215,218016489.1864853,4882553.087526295,0,0,0,50.19430613517761,01.01.2025 00:00:00,31.12.2025 22:00:00,1,,,1.0,1.0,20.73802056965894,30.38561202685347,197.3511734789721,20000,205479.4520547945,2384701.589869298,20000.0,12540038.28734183,277737.3641256533,6.179402376107589,0,218602.5384571821,43472.09571591689,9.017402500811519,0.0,116132.598555378,35000.0,35000,169760.4146779283,288,0.0,30186844.71325006,24879156.24810268,35854508.82524301,17237350.05768161,1999119.308959896,1196741.092543711,1469196.403920849,5734707.685855009,2446351.58969062,15738606.54207302,0,1721578.6356276,583389.9815773328,20822838.63197599,0,1151910.014962755,28323813.11812014,27410675.70557325,578531.1095421627,681169.5217856169,0,452812.4942171228,175615.0428946574,430155.8743718881,603169.5106371151,83832.3545775171,35894.03591951309,58754.4388380768,286669.9195931409,102586.8806174044,314700.2787108034,0,72193.78551753398,24464.25061944284,0,0,0,849520.394823617,1370220.878021748,1532.528057816362,20430.42010889874,0,BO,0.0,1036.903176024658,optimal,275.71084394244394,36.22091714826487,1.6939666372716211
167.0,167.0,ok,optimal,lcom,1343.954230500588,USD/ton,-10389392.33589255,-29267111.69501324,19995.43358999999,13310368.60657948,268083347.1397926,5567350.752541202,0,0,0,35.38679242134094,01.01.2025 00:00:00,31.12.2025 22:00:00,1,,,1.0,1.0,70.0,32.5619034938338,128.6525032751604,20000,205479.4520547945,2384701.589869298,20000.0,12540038.28734183,158707.065214659,20.0,0,707520,140700,0.0,0.0,375870,20000.0,20000,169760.4146779283,288,5.0,90222609.88614184,26477273.67607084,25461653.2688837,17237350.05768161,1999119.308959896,1196741.092543711,1469196.403920849,5734707.685855009,1681447.769209365,45294080.38089943,0,3781662.987904636,1281489.125845887,0,0,2530314.549003043,18877702.38326287,15414259.25633507,578531.1095421627,681169.5217856169,8164038.675947065,1353368.508878641,186895.7092430079,305470.0812724431,603169.5106371151,83832.3545775171,35894.03591951309,58754.4388380768,286669.9195931409,70510.91196016375,905674.8246240296,0,158582.6874233123,53738.78902757388,0,0,0,566201.7721664937,770537.0009530957,1532.528057816362,20430.42010889874,106087.2592603631,BO,0.0,1343.954230500588,optimal,582.7618984183739,76.5590868242524,1.9328411601166449
168.0,168.0,ok,optimal,lcom,992.4226867326414,USD/ton,-14226216.97061549,-25419023.86512927,17827.3120369,7605919.507646635,153890150.5167158,3586887.386867147,0,0,0,39.25869107246399,01.01.2025 00:00:00,31.12.2025 22:00:00,1,,,1.0,1.0,0.0,59.19430886042175,40.54389542635057,20000,205479.4520547945,1311588.535101811,11000.0223145211,12540038.28734183,158707.065214659,9.572930416600613,0,338651.9864176633,67345.56548078531,0.0,0.0,179908.8677843836,20000.0,20000,93368.41747897833,288,5.0,0,45340511.67344243,8800075.257961089,17237350.05768161,1999119.308959896,741807.2269616759,857841.5350527486,5734707.685855009,1681447.769209365,23337528.55267328,0,2308302.970012139,782212.7896350014,0,0,1544487.863463718,18877702.38326287,15414259.25633507,387587.988477184,681169.5217856169,8164038.675947065,0,320046.0587566966,105576.7933003058,603169.5106371151,83832.3545775171,22249.13593743273,34305.82723284012,286669.9195931409,70510.91196016375,466644.0272405623,0,96797.86103165291,32801.81409976362,0,0,0,566201.7721664937,770537.0009530957,1026.720011105297,20430.42010889874,106087.2592603631,BO,0.0,992.4226867326414,optimal,231.23035465042733,30.377388854917264,1.506861540817201
169.0,169.0,ok,optimal,lcom,1165.61436248998,USD/ton,-13213650.86179888,-29294130.03106742,19995.43358999999,12065737.25048394,241535174.0985207,4014741.918784596,0,0,0,53.19590544700623,01.01.2025 00:00:00,31.12.2025 22:00:00,1,,,1.0,1.0,0.0,150.0,142.5687450646324,20000,205479.4520547945,1680329.394433545,14092.57578870186,12540038.28734183,158707.065214659,7.260894945907393,0,256861.4196064199,51080.39594445851,10.0,0.0,136457.6291659106,20000.0,20000,119618.075488508,288,0.0,0,104692746.0323931,27642127.66295635,17237350.05768161,1999119.308959896,904416.569739637,1072121.984977983,5734707.685855009,1681447.769209365,18197242.73731926,0,1918033.236714287,649962.3958353457,23091836.73469388,0,1283357.988232225,18877702.38326287,15414259.25633507,457572.772569245,681169.5217856169,0,0,738996.9700696861,331629.8000988653,603169.5106371151,83832.3545775171,27126.3024581498,42875.08833076344,286669.9195931409,70510.91196016375,363861.778099208,0,80432.03908392695,27255.94104639527,0,0,0,566201.7721664937,770537.0009530957,1212.10960117623,20430.42010889874,0,BO,0.0,1165.61436248998,optimal,404.422030407766,53.13007151576057,1.632727388222275
170.0,170.0,ok,optimal,lcom,1305.376341645802,USD/ton,-11000326.57468606,-29127295.98177057,19995.43358999999,12940491.58423148,260679049.4053724,5186477.822853031,0,0,0,46.48665308952332,01.01.2025 00:00:00,31.12.2025 22:00:00,1,,,1.0,1.0,70.0,19.84649824575974,56.38329154529296,20000,205479.4520547945,2384701.589869298,20000.0,12540038.28734183,158707.065214659,16.98956811672367,0,601022.9616972166,119521.611701151,10.0,0.0,319293.4484016463,20000.0,20000,169760.4146779283,288,5.0,90222609.88614184,16957036.66457794,11456879.57625154,17237350.05768161,1999119.308959896,1196741.092543711,1469196.403920849,5734707.685855009,1681447.769209365,39109166.06730579,0,3390118.60967403,1148806.794132709,23091836.73469388,0,2268331.807551457,18877702.38326287,15414259.25633507,578531.1095421627,681169.5217856169,8164038.675947065,1353368.508878641,119695.0045861476,137451.1662038507,603169.5106371151,83832.3545775171,35894.03591951309,58754.4388380768,286669.9195931409,70510.91196016375,782004.7746048501,0,142163.4136953527,48174.80281199476,0,0,0,566201.7721664937,770537.0009530957,1532.528057816362,20430.42010889874,106087.2592603631,BO,0.0,1305.376341645802,optimal,544.184009563588,71.49099992573392,2.1566518001285204
171.0,171.0,ok,optimal,lcom,1036.779796786318,USD/ton,-19822281.43882933,-38000824.03962035,25983.8124723,12625302.5978966,254369511.4875566,5553240.002894424,0,0,0,39.04100751876831,01.01.2025 00:00:00,31.12.2025 22:00:00,1,,,1.0,1.0,0.0,93.01911091486092,200.0,20000,205479.4520547945,1390258.546154932,11659.81145868343,12540038.28734183,277737.3641256533,20.0,0,707520,140700,0.0,0.0,375870,35000.0,35000,98968.72141462802,288,5.0,0,68100362.52800578,39300154.27983114,17237350.05768161,1999119.308959896,777193.9825941654,904014.165328124,5734707.685855009,2446351.58969062,45294080.38089943,0,3781662.987904636,1281489.125845887,0,0,2530314.549003043,28323813.11812014,27410675.70557325,403013.8245311767,681169.5217856169,8164038.675947065,0,480701.5144418131,471494.1797024125,603169.5106371151,83832.3545775171,23310.49623136884,36152.31077599874,286669.9195931409,102586.8806174044,905674.8246240296,0,158582.6874233123,53738.78902757388,0,0,0,849520.394823617,1370220.878021748,1067.583028111811,20430.42010889874,106087.2592603631,BO,0.0,1036.779796786318,optimal,275.5874647041039,36.204708467076166,1.8405017793674159
172.0,172.0,ok,optimal,lcom,882.5610900433092,USD/ton,-19965728.15371056,-32840683.5835534,22559.8486814,9096579.155051513,182691829.6045057,3778376.274791335,0,0,0,130.9706411361694,01.01.2025 00:00:00,31.12.2025 22:00:00,1,,,1.0,1.0,0.0,43.68692546537468,171.0039070032981,20000,205479.4520547945,2384701.589869298,20000.0,12540038.28734183,179061.2482786169,7.020482029096662,0,248356.5722613235,49389.09107469502,10.0,2.799916887711817,131939.4290138281,22565.00024575816,22565.00024575816,169760.4146779283,288,1.1794473596732,0,34494574.4531156,31971045.11646126,17237350.05768161,1999119.308959896,1196741.092543711,1469196.403920849,5734707.685855009,1823034.82019699,17654063.69485813,0,1875247.392950087,635463.5910239883,23091836.73469388,279991.6887711817,1254729.93668078,20603595.33118191,17141126.67876708,578531.1095421627,681169.5217856169,2970304.985515977,0,243487.605118394,383564.9494931065,603169.5106371151,83832.3545775171,35894.03591951309,58754.4388380768,286669.9195931409,76448.31439971855,353000.6770483985,0,78637.82999932517,26647.9388424006,0,0,0,617966.7394194903,856860.6589762663,1532.528057816362,20430.42010889874,51478.35376215757,BO,0.0,882.5610900433092,optimal,121.36875796109507,15.94455866746519,1.3062333500352634
173.0,173.0,ok,optimal,lcom,1569.814278249666,USD/ton,-6812586.024255016,-29294059.72994014,19995.43358999999,16711468.29582242,336167475.6529317,5770005.409862698,0,0,0,36.6627197265625,01.01.2025 00:00:00,31.12.2025 22:00:00,1,,,1.0,1.0,70.0,150.0,200.0,20000,205479.4520547945,1191672.338122442,9994.30992275856,12540038.28734183,158707.065214659,10.51267238766701,0,371896.2983861082,73956.65024723744,0.0,0.0,197569.90851762,20000.0,20000,84831.90984536137,288,5.0,90222609.88614184,104692746.0323931,39300154.27983114,17237350.05768161,1999119.308959896,687034.3596526419,786919.653505567,5734707.685855009,1681447.769209365,25389623.90784672,0,2457765.950810427,832861.1909394356,0,0,1644493.695834524,18877702.38326287,15414259.25633507,363472.0369399092,681169.5217856169,8164038.675947065,1353368.508878641,738996.9700696861,471494.1797024125,603169.5106371151,83832.3545775171,20606.32507478712,31469.5996593688,286669.9195931409,70510.91196016375,507676.5658257201,0,103065.5377762759,34925.73672804678,0,0,0,566201.7721664937,770537.0009530957,962.8368909718589,20430.42010889874,106087.2592603631,BO,0.0,1569.814278249666,optimal,808.6219461674518,106.23096319894549,1.971085601384976
174.0,174.0,ok,optimal,lcom,931.3292714714793,USD/ton,-16902723.84953408,-29223924.30580007,19970.4384827,8467609.206492567,171139686.7123848,3853591.249773422,0,0,0,37.81356072425842,01.01.2025 00:00:00,31.12.2025 22:00:00,1,,,1.0,1.0,0.0,50.18146650120844,161.0092364781992,20000,205479.4520547945,2384701.589869298,20000.0,12540038.28734183,158707.065214659,9.806963112321053,0,346931.1270614697,68991.98549517863,0.0,0.0,184307.1612514057,20000.0,20000,169760.4146779283,288,5.0,0,39077203.1073755,30467206.72742139,17237350.05768161,1999119.308959896,1196741.092543711,1469196.403920849,5734707.685855009,1681447.769209365,23850392.90898788,0,2345961.43709653,794974.0843931608,0,0,1569685.182067083,18877702.38326287,15414259.25633507,578531.1095421627,681169.5217856169,8164038.675947065,0,275835.1059605703,365523.0089298034,603169.5106371151,83832.3545775171,35894.03591951309,58754.4388380768,286669.9195931409,70510.91196016375,476898.9729653687,0,98377.05540555296,33336.95443993212,0,0,0,566201.7721664937,770537.0009530957,1532.528057816362,20430.42010889874,106087.2592603631,BO,0.0,931.3292714714793,optimal,170.1369393892652,22.351373262505383,1.5313448692749054
175.0,175.0,ok,optimal,lcom,823.4537838860895,USD/ton,-24431669.25956269,-38372554.25526588,26219.1716946,9515023.333005719,191261116.3070152,4425861.66269747,0,0,0,50.33828043937683,01.01.2025 00:00:00,31.12.2025 22:00:00,1,,,1.0,1.0,0.0,48.02162173354064,184.9985254829999,20000,205479.4520547945,1663863.377773344,13954.47870577835,12540038.28734183,220825.4954766052,11.51358843922214,0,407304.7046259226,80998.09466992778,2.75697252088583,0.0,216380.6243325214,27828.06111094399,27828.06111094399,118445.9045853626,288,1.762086821748487,0,37560174.24617559,34047609.12205283,17237350.05768161,1999119.308959896,897319.4902799301,1062661.915158695,5734707.685855009,2097958.338693455,27555232.60955551,0,2612184.786487787,885188.9788410132,6366355.9334333,0,1747815.495742196,23985707.08076882,22401900.14764464,454563.69210316,681169.5217856169,3934097.895796138,0,265126.8212472424,408478.0283437516,603169.5106371151,83832.3545775171,26913.43868449187,42496.77193132361,286669.9195931409,87977.13400593077,550978.8531142699,0,109541.0365261164,37120.08383377532,0,0,0,719406.9267581276,1119839.27792849,1204.138551449705,20430.42010889874,62676.94685582926,BO,0.0,823.4537838860895,optimal,62.26145180387539,8.179463872627492,1.2099879603125347
176.0,176.0,ok,optimal,lcom,1030.636517249405,USD/ton,-15350402.30174232,-28956465.9678476,19994.37923229999,9626657.037987916,192709010.2649054,3979406.628117363,0,0,0,34.84695196151733,01.01.2025 00:00:00,31.12.2025 22:00:00,1,,,1.0,1.0,0.0,106.7752979693119,74.48651551955751,20000,205479.4520547945,1704313.239503363,14293.72334671672,12540038.28734183,158707.065214659,13.32166744398813,0,471267.3074985239,93717.93046845646,0.0,0.0,250360.7571085908,20000.0,20000,121325.4201315108,288,0.0,0,77100673.35414626,14315553.17740714,17237350.05768161,1999119.308959896,914729.1199251645,1085884.653705215,5734707.685855009,1681447.769209365,31420795.74324915,0,2880361.383917448,976065.7688965121,0,0,1927252.729665146,18877702.38326287,15414259.25633507,461938.3509039088,681169.5217856169,0,0,544232.2047930363,171747.4174352489,603169.5106371151,83832.3545775171,27435.60832981024,43425.46939338033,286669.9195931409,70510.91196016375,628272.468168158,0,120786.9264059017,40930.9695836423,0,0,0,566201.7721664937,770537.0009530957,1223.674011760412,20430.42010889874,0,BO,0.0,1030.636517249405,optimal,269.4441851671909,35.39764837490363,1.205394103938834
177.0,177.0,ok,optimal,lcom,879.8083950342728,USD/ton,-23422740.92830575,-38662070.21248274,26400.9904267,10445230.00676444,209095424.1591619,4794099.277412565,0,0,0,44.11709117889404,01.01.2025 00:00:00,31.12.2025 22:00:00,1,,,1.0,1.0,0.0,71.25602955942163,123.0007340154629,20000,205479.4520547945,2000270.120486959,16775.85261807614,12540038.28734183,248997.9812416043,15.91629779523952,0,563054.9508043932,111971.15498951,2.495084054025314,0.0,299122.9426148339,31378.31084014092,31378.31084014092,142393.7848510208,288,0.0,0,53576447.77352092,24562816.82001055,17237350.05768161,1999119.308959896,1039737.933107789,1254206.370649776,5734707.685855009,2273710.095425757,36878419.56670959,0,3245091.17678611,1099661.463417189,5761607.361489068,0,2171293.804795904,26167294.35100771,24898539.67996998,514251.1879894875,681169.5217856169,0,0,378181.2405558479,294686.5064515786,603169.5106371151,83832.3545775171,31185.01650054116,50156.80088653313,286669.9195931409,95347.22118480431,737400.0287149191,0,136081.7400689533,46113.91091229302,0,0,0,784839.6024867313,1244642.754093474,1362.250640217041,20430.42010889874,0,BO,0.0,879.8083950342728,optimal,118.61606295205877,15.582929300875747,1.2991105660003845
178.0,178.0,ok,optimal,lcom,856.5102261868149,USD/ton,-20101559.14910531,-32109975.56468638,22195.8753656,7977990.435159691,160335014.8597822,4030425.980421378,0,0,0,37.16455841064453,01.01.2025 00:00:00,31.12.2025 22:00:00,1,,,1.0,1.0,0.0,38.54787246863803,87.51093041246938,20000,205479.4520547945,2384701.589869298,20000.0,12540038.28734183,191057.6177306872,14.29301368907264,0,505629.6522646337,100551.351302626,0.0,0.0,268615.7527655867,24076.76274175602,24076.76274175602,169760.4146779283,288,1.281105563100871,0,30820155.83199434,16285303.20528895,17237350.05768161,1999119.308959896,1196741.092543711,1469196.403920849,5734707.685855009,1903987.12227828,33475408.011246,0,3019434.954808826,1023193.519137579,0,0,2020306.997307128,21595387.71477248,18147741.52237648,578531.1095421627,681169.5217856169,3147280.800283368,0,217550.9062478144,195379.0211944118,603169.5106371151,83832.3545775171,35894.03591951309,58754.4388380768,286669.9195931409,79843.02028922139,669355.3335192145,0,126618.9269548802,42907.25496638184,0,0,0,647713.7178286896,907179.910119709,1532.528057816362,20430.42010889874,53594.68156897741,BO,0.0,856.5102261868149,optimal,95.31789410460078,12.522182645201132,1.2070316628272604
179.0,179.0,ok,optimal,lcom,1137.601693481389,USD/ton,-13657270.2283681,-29289687.07861387,19995.43358999999,11135553.48701935,222914505.2916458,4496863.363226411,0,0,0,40.09743571281433,01.01.2025 00:00:00,31.12.2025 22:00:00,1,,,1.0,1.0,0.0,104.0045469962398,152.4147198226924,20000,205479.4520547945,2384701.589869298,20000.0,12540038.28734183,158707.065214659,20.0,0,707520,140700,0.0,7.0,375870,20000.0,20000,169760.4146779283,288,0.0,0,75297672.5128637,29159061.14603291,17237350.05768161,1999119.308959896,1196741.092543711,1469196.403920849,5734707.685855009,1681447.769209365,45294080.38089943,0,3781662.987904636,1281489.125845887,0,700000,2530314.549003043,18877702.38326287,15414259.25633507,578531.1095421627,681169.5217856169,0,0,531505.3234260249,349828.8459136387,603169.5106371151,83832.3545775171,35894.03591951309,58754.4388380768,286669.9195931409,70510.91196016375,905674.8246240296,0,158582.6874233123,53738.78902757388,0,0,0,566201.7721664937,770537.0009530957,1532.528057816362,20430.42010889874,0,BO,0.0,1137.601693481389,optimal,376.40936139917494,49.449967575148946,0.9885202176328266
180.0,180.0,ok,optimal,lcom,925.1866576594565,USD/ton,-19410761.51185752,-32971539.78136693,22802.59864385,8848940.089815155,178773270.917011,4711838.179694258,0,0,0,43.21085071563721,01.01.2025 00:00:00,31.12.2025 22:00:00,1,,,1.0,1.0,0.0,38.00017650292529,63.59763063456246,20000,205479.4520547945,2384701.589869298,20000.0,12540038.28734183,277737.3641256533,14.05656180294052,0,497264.9303408239,98887.91228368657,0.6575246666350655,0.0,264171.9942435627,35000.0,35000,169760.4146779283,288,5.0,0,30425765.27852337,12615334.09857973,17237350.05768161,1999119.308959896,1196741.092543711,1469196.403920849,5734707.685855009,2446351.58969062,32976582.51885872,0,2985875.719596223,1011821.327820107,1518345.225097095,0,1997852.478915759,28323813.11812014,27410675.70557325,578531.1095421627,681169.5217856169,8164038.675947065,0,214767.0130452331,151349.4466237825,603169.5106371151,83832.3545775171,35894.03591951309,58754.4388380768,286669.9195931409,102586.8806174044,659381.1009807314,0,125211.6324061836,42430.36618311771,0,0,0,849520.394823617,1370220.878021748,1532.528057816362,20430.42010889874,106087.2592603631,BO,0.0,925.1866576594565,optimal,163.99432557724242,21.54440062850369,1.7416674877874787
181.0,181.0,ok,optimal,lcom,839.9055412909372,USD/ton,-23357110.87537521,-37207666.92494515,25421.465803,9510520.192912534,190384151.6580755,4340035.856657404,0,0,0,36.58466577529907,01.01.2025 00:00:00,31.12.2025 22:00:00,1,,,1.0,1.0,0.0,59.50847960811979,200.0,20000,205479.4520547945,1482751.15623913,12435.5278877505,12540038.28734183,203385.9213171045,11.29319894461,0,399508.2058645235,79447.65457533138,0.0,0.0,212238.7343655281,25630.35502446159,25630.35502446159,105553.0185481733,288,0.0,0,45557032.5000328,39300154.27983114,17237350.05768161,1999119.308959896,818290.6479717697,957967.2536670719,5734707.685855009,1985449.663429162,27080066.80331364,0,2578576.983298142,873800.3293318292,0,0,1725328.480468022,22596932.53488638,20837419.24944937,420786.3581140633,681169.5217856169,0,0,321574.419038294,471494.1797024125,603169.5106371151,83832.3545775171,24543.11470868753,38309.94158728873,286669.9195931409,83259.12287196291,541477.7062841223,0,108131.7052966404,36642.504882117,0,0,0,677753.2025360782,1041633.092389711,1114.662443418988,20430.42010889874,0,BO,0.0,839.9055412909372,optimal,78.71320920872313,10.340777999353461,1.1252505150879457
182.0,182.0,ok,optimal,lcom,1003.576690334199,USD/ton,-20336619.7228369,-37662109.5535631,25769.72046519999,12229349.56074246,246443217.0740075,5096140.26998373,0,0,0,37.59375500679016,01.01.2025 00:00:00,31.12.2025 22:00:00,1,,,1.0,1.0,0.0,135.8386703631943,159.0332082096599,20000,205479.4520547945,2384701.589869298,20000.0,12540038.28734183,277737.3641256533,8.511845008752362,0,301115.0290296236,59880.82963657287,0.0,0.0,159967.3591719875,35000.0,35000,169760.4146779283,288,5.0,0,95753694.1257118,30167704.33720853,17237350.05768161,1999119.308959896,1196741.092543711,1469196.403920849,5734707.685855009,2446351.58969062,20995962.41574325,0,2133578.417900829,723004.019772354,0,0,1427579.488050748,28323813.11812014,27410675.70557325,578531.1095421627,681169.5217856169,8164038.675947065,0,675898.6893894835,361929.8008017429,603169.5106371151,83832.3545775171,35894.03591951309,58754.4388380768,286669.9195931409,102586.8806174044,419823.3945535596,0,89470.84931187009,30318.91547186405,0,0,0,849520.394823617,1370220.878021748,1532.528057816362,20430.42010889874,106087.2592603631,BO,0.0,1003.576690334199,optimal,242.38435825198496,31.842722008109476,1.8215729298513035
183.0,183.0,ok,optimal,lcom,870.7978049080904,USD/ton,-23284211.18397066,-38086077.21124102,26035.422773,9939830.624485217,198978203.3666075,4862035.402785148,0,0,0,37.05527377128601,01.01.2025 00:00:00,31.12.2025 22:00:00,1,,,1.0,1.0,0.0,50.53429363617813,200.0,20000,205479.4520547945,1741400.864257203,14604.76960014646,12540038.28734183,277737.3641256533,12.00845085996956,0,424810.9576222832,84479.45179988586,0.0,0.0,225680.8212368379,35000.0,35000,123965.5871798233,288,0.0,0,39324393.90534481,39300154.27983114,17237350.05768161,1999119.308959896,930619.1288633416,1107128.675932469,5734707.685855009,2446351.58969062,28618886.81636424,0,2686884.549705009,910502.4281283525,0,0,1797797.183237926,28323813.11812014,27410675.70557325,468649.4115340111,681169.5217856169,0,0,277579.9570381407,471494.1797024125,603169.5106371151,83832.3545775171,27912.1997622779,44275.03627313508,286669.9195931409,102586.8806174044,572247.0813045998,0,112673.54443038,38181.59429326876,0,0,0,849520.394823617,1370220.878021748,1241.45160149362,20430.42010889874,0,BO,0.0,870.7978049080904,optimal,109.60547282587629,14.399182467597182,1.3611763476531327
184.0,184.0,ok,optimal,lcom,957.7713436706707,USD/ton,-21912442.6264776,-38889294.78966874,26546.2145667,11937600.48545809,238970097.8660096,5039251.677733057,0,0,0,55.48719573020935,01.01.2025 00:00:00,31.12.2025 22:00:00,1,,,1.0,1.0,0.0,93.88168809230906,117.7773955356291,20000,205479.4520547945,1989869.375954032,16688.62372053094,12540038.28734183,277737.3641256533,14.93898525223565,0,528481.5422830883,105095.7612494778,7.867853526984119,7.0,280755.8193378907,35000.0,35000,141653.3841600622,288,0.0,0,68668452.31809922,23724745.59004765,17237350.05768161,1999119.308959896,1035410.644232313,1248335.528495117,5734707.685855009,2446351.58969062,34834007.34295019,0,3110196.740870188,1053949.893317932,18168318.90976027,700000,2081035.800613796,28323813.11812014,27410675.70557325,512458.1099567304,681169.5217856169,0,0,484711.5022348229,284631.9477775854,603169.5106371151,83832.3545775171,31055.22747324176,49922.02081534362,286669.9195931409,102586.8806174044,696521.117681915,0,130424.990053307,44197.01253825362,0,0,0,849520.394823617,1370220.878021748,1357.500779146943,20430.42010889874,0,BO,0.0,957.7713436706707,optimal,196.57901158845664,25.825143436576916,1.2680419853751468
185.0,185.0,ok,optimal,lcom,1315.955972281096,USD/ton,-10832783.48768045,-29279318.95468698,19995.43358999999,13037609.21948402,262623176.3535885,5408926.247522514,0,0,0,41.18237972259521,01.01.2025 00:00:00,31.12.2025 22:00:00,1,,,1.0,1.0,70.0,35.38635417563803,115.0976994808939,20000,205479.4520547945,1246730.334197555,10456.06997113535,12540038.28734183,158707.065214659,17.8051245551756,0,629874.086263892,125259.0512456603,0.4579282669016329,0.0,334620.6083276926,20000.0,20000,88751.33871006858,288,5.0,90222609.88614184,28535579.46462405,23291921.70275567,17237350.05768161,1999119.308959896,712313.1990318105,819567.0569781726,5734707.685855009,1681447.769209365,40794814.70758365,0,3498306.739376455,1185468.41950829,1057440.477549383,0,2340720.59510102,18877702.38326287,15414259.25633507,374639.4459016513,681169.5217856169,8164038.675947065,1353368.508878641,201424.7172102561,279439.2469489509,603169.5106371151,83832.3545775171,21364.5171134267,32775.19764846963,286669.9195931409,70510.91196016375,815710.0518468884,0,146700.2442935279,49712.19498468749,0,0,0,566201.7721664937,770537.0009530957,992.419340877662,20430.42010889874,106087.2592603631,BO,0.0,1315.955972281096,optimal,554.7636401988818,72.88087606996065,1.8453548562386444
186.0,186.0,ok,optimal,lcom,885.6332115920542,USD/ton,-21793962.33014488,-35961636.60900084,24693.5115897,9618564.64629745,193209973.1553151,4549109.632558513,0,0,0,58.03377342224121,01.01.2025 00:00:00,31.12.2025 22:00:00,1,,,1.0,1.0,0.0,50.52992855271966,169.0479802300096,20000,205479.4520547945,1275792.771526647,10699.81063413952,12540038.28734183,240733.9476162713,11.91480039094142,0,421497.9786299439,83820.62075027292,2.219704182811741,4.624757656548717,223920.8011471577,30336.89108807689,30336.89108807689,90820.21451134162,288,1.379614109838517,0,39321336.78331248,31678163.49422867,17237350.05768161,1999119.308959896,725566.2621375335,836741.5649487172,5734707.685855009,2222869.17175179,28417936.81288818,0,2672827.078442784,905738.784033929,5125704.658880581,462475.7656548718,1788391.314927935,25534738.55577025,24169875.10458689,380468.4084015253,681169.5217856169,3314792.821066817,0,277558.3776641665,380051.1724417188,603169.5106371151,83832.3545775171,21762.01823219356,33462.02112246977,286669.9195931409,93215.22519968127,568228.9986406866,0,112084.0493912214,37981.83257869026,0,0,0,765867.2612035474,1208217.843413081,1007.860253961983,20430.42010889874,55570.76750042276,BO,0.0,885.6332115920542,optimal,124.4408795098401,16.3481520063972,0.7865815289866387
187.0,187.0,ok,optimal,lcom,896.4736146739626,USD/ton,-20002977.67182369,-33240161.29666184,22886.8881388,9085573.762049247,181877459.6897092,4151609.862788897,0,0,0,36.7873866558075,01.01.2025 00:00:00,31.12.2025 22:00:00,1,,,1.0,1.0,0.0,68.80126069470614,100.7169157982266,20000,205479.4520547945,2384701.589869298,20000.0,12540038.28734183,188682.4368806405,14.02545199282078,0,496164.3896980278,98669.05476949416,0.0,0.0,263587.3320270773,23777.44640737176,23777.44640737176,169760.4146779283,288,0.0,0,51912412.80860094,20933118.95776674,17237350.05768161,1999119.308959896,1196741.092543711,1469196.403920849,5734707.685855009,1888095.581778129,32910890.21323655,0,2981446.537817399,1010320.414517121,0,0,1994888.908885594,21400413.57412247,17949057.51269546,578531.1095421627,681169.5217856169,0,0,366435.280651564,251140.0764823576,603169.5106371151,83832.3545775171,35894.03591951309,58754.4388380768,286669.9195931409,79176.61421129461,658067.5547761683,0,125025.8962494137,42367.42591955158,0,0,0,641865.8290485089,897247.9777179601,1532.528057816362,20430.42010889874,0,BO,0.0,896.4736146739626,optimal,135.28128259174855,17.77228656805981,1.1895154575172442
188.0,188.0,ok,optimal,lcom,1269.64769750299,USD/ton,-13918462.18350914,-34755309.11664028,24062.1078734,14486857.69988231,290001814.56307,6349989.233248834,0,0,0,42.93893361091614,01.01.2025 00:00:00,31.12.2025 22:00:00,1,,,1.0,1.0,70.0,61.27335612770477,70.61522765245219,20000,205479.4520547945,2384701.589869298,20000.0,12540038.28734183,277737.3641256533,19.40163717146002,0,686352.3165775696,136490.5175012212,0.0,7.0,364624.6681818339,35000.0,35000,169760.4146779283,288,0.0,90222609.88614184,46771248.16013306,13717175.61151495,17237350.05768161,1999119.308959896,1196741.092543711,1469196.403920849,5734707.685855009,2446351.58969062,44072632.40132777,0,3705479.710418242,1255672.95925929,0,700000,2479340.240601922,28323813.11812014,27410675.70557325,578531.1095421627,681169.5217856169,0,1353368.508878641,330145.2296037903,164568.5260351342,603169.5106371151,83832.3545775171,35894.03591951309,58754.4388380768,286669.9195931409,102586.8806174044,881251.4413610714,0,155387.9688777545,52656.19729759562,0,0,0,849520.394823617,1370220.878021748,1532.528057816362,20430.42010889874,0,BO,0.0,1269.64769750299,optimal,508.45536542077593,66.79722640267732,1.5259851619958127
189.0,189.0,ok,optimal,lcom,994.8482760429824,USD/ton,-21106485.52897459,-38836659.47681327,26513.01520502,12433053.99515771,250521027.2409041,5297119.952680977,0,0,0,43.6458158493042,01.01.2025 00:00:00,31.12.2025 22:00:00,1,,,1.0,1.0,0.0,75.74091419964554,115.1711122739346,20000,205479.4520547945,1854034.020592286,15549.40063334216,12540038.28734183,277737.3641256533,20.0,0,707519.9999999999,140700,10.0,0.0,375869.9999999999,35000.0,35000,131983.6349754703,288,4.999999999999999,0,56602022.10480101,23303805.97845413,17237350.05768161,1999119.308959896,978469.132969854,1171372.836142095,5734707.685855009,2446351.58969062,45294080.38089942,0,3781662.987904636,1281489.125845887,23091836.73469388,0,2530314.549003043,28323813.11812014,27410675.70557325,488747.7465769093,681169.5217856169,8164038.675947065,0,399537.9280845598,279581.8256976729,603169.5106371151,83832.3545775171,29347.37214571912,46844.21597686065,286669.9195931409,102586.8806174044,905674.8246240293,0,158582.6874233122,53738.78902757388,0,0,0,849520.394823617,1370220.878021748,1294.69206144574,20430.42010889874,106087.2592603631,BO,0.0,994.8482760429824,optimal,233.65594396076835,30.696045416223644,2.0415226056447993
190.0,190.0,ok,optimal,lcom,912.321652698834,USD/ton,-17151042.36977652,-29110175.21294477,19909.7063771,8321202.54550339,166576071.0524839,3637930.297664858,0,0,0,36.27412557601929,01.01.2025 00:00:00,31.12.2025 22:00:00,1,,,1.0,1.0,0.0,74.63229615282903,116.2538725862412,20000,205479.4520547945,1156793.918403648,9701.791815948342,12540038.28734183,158707.065214659,7.94425808611987,0,281036.0740545766,55887.8556358533,0.0,0.0,149300.4143414938,20000.0,20000,82349.0100897161,288,0.0,0,55855839.19705565,23478911.0211853,17237350.05768161,1999119.308959896,670899.9632275702,766160.2508833641,5734707.685855009,1681447.769209365,19731607.16779777,0,2037175.604903101,690336.0752853195,0,0,1363076.267887249,18877702.38326287,15414259.25633507,356309.5211691365,681169.5217856169,0,0,394270.8305172557,281682.606470604,603169.5106371151,83832.3545775171,20122.40369159952,30639.41313806628,286669.9195931409,70510.91196016375,394542.0618095045,0,85428.23176259521,28948.9968815721,0,0,0,566201.7721664937,770537.0009530957,943.8633972353716,20430.42010889874,0,BO,0.0,912.321652698834,optimal,151.1293206166199,19.854288364047378,1.0843591373567243
191.0,191.0,ok,optimal,lcom,782.3145303372164,USD/ton,-20963858.52292287,-31314486.90613876,21737.56605994,6880743.263559706,137740569.64687,3469885.119656186,0,0,0,38.2819390296936,01.01.2025 00:00:00,31.12.2025 22:00:00,1,,,1.0,1.0,0.0,31.70080043800569,146.6203257627033,20000,205479.4520547945,1767497.538747624,14823.63702239573,12540038.28734183,175294.6033468737,5.190031524909504,0,183602.5552251986,36511.87177773836,0.0,0.0,97538.85746338675,22090.33392556017,22090.33392556017,125823.3383978495,288,0.0,0,25846257.30352667,28268798.55292822,17237350.05768161,1999119.308959896,941759.5325284388,1122049.858979093,5734707.685855009,1797251.325025209,13451398.73790463,0,1531639.729696898,519025.5357491956,0,0,1024821.699944903,20288458.06793128,16823419.33748751,473343.3908858309,681169.5217856169,0,0,182441.5402098429,339148.13387198,603169.5106371151,83832.3545775171,28246.33556809612,44871.74732848819,286669.9195931409,75367.09273385759,268966.5645146222,0,64228.76530154058,21765.15056039876,0,0,0,608514.7799963771,840978.9187084213,1253.885945888976,20430.42010889874,0,BO,0.0,782.3145303372164,optimal,21.12219825500233,2.774883214761678,1.0246693197030259
192.0,192.0,ok,optimal,lcom,870.1772943430354,USD/ton,-18880442.26338262,-30313560.69106132,21099.71956873,7663869.628326207,153417403.886521,3769248.799352495,0,0,0,47.28119087219238,01.01.2025 00:00:00,31.12.2025 22:00:00,1,,,1.0,1.0,0.0,28.30445415931056,146.2333447594999,20000,205479.4520547945,1835074.086425997,15390.38757907294,12540038.28734183,213319.4129902254,4.612427446101246,0,163169.2333332777,32448.42708332227,4.975453195320467,0.0,86683.65520830378,26882.15709889167,26882.15709889167,130633.928873873,288,0.0,0,23340156.50270853,28209093.98837876,17237350.05768161,1999119.308959896,970456.0071077668,1160586.359044888,5734707.685855009,2049907.390404855,12096258.05707952,0,1415225.101382042,479576.203338552,11489235.28674512,0,946928.5538121017,23391812.34573594,21730428.16505532,485393.3514454472,681169.5217856169,0,0,164751.6718218192,338431.8426715359,603169.5106371151,83832.3545775171,29107.03325428021,46412.85539961253,286669.9195931409,85962.1346426303,241869.9375795771,0,59346.95942074077,20110.85688834371,0,0,0,701594.1524792991,1086273.344004305,1285.806273678793,20430.42010889874,0,BO,0.0,870.1772943430354,optimal,108.98496226082136,14.317664231153898,1.1667128016237653
193.0,193.0,ok,optimal,lcom,801.540487339855,USD/ton,-19940477.9624697,-30306424.98044712,21008.11157888,6938587.128860858,138898503.7031155,3427359.889116556,0,0,0,38.18794679641724,01.01.2025 00:00:00,31.12.2025 22:00:00,1,,,1.0,1.0,0.0,35.95776287318611,144.3347848022354,20000,205479.4520547945,1542487.19342962,12936.52170135183,12540038.28734183,168097.8751102821,5.168666477955115,0,182846.7453241402,36361.56867241424,0.0,0.0,97137.33345344945,21183.41422077481,21183.41422077481,109805.4644255753,288,0.0,0,28949952.52006803,27915718.74962248,17237350.05768161,1999119.308959896,844559.4471389846,992632.8186161368,5734707.685855009,1747473.411376905,13401552.39191137,0,1527412.452691544,517593.0417560436,0,0,1021993.224603889,19681104.07758427,16214094.74802217,432070.2454415593,681169.5217856169,0,0,204349.6613353903,334912.1435742379,603169.5106371151,83832.3545775171,25330.99876042201,39696.24760474951,286669.9195931409,73279.6736946884,267969.8651604031,0,64051.49594937041,21705.07943616628,0,0,0,590298.3202448047,810519.644995308,1144.553444344265,20430.42010889874,0,BO,0.0,801.540487339855,optimal,40.34815525764088,5.3006518270185365,1.0231720088096006
194.0,194.0,ok,optimal,lcom,1381.927605660146,USD/ton,-8688857.628717767,-24988948.91886754,17749.9916429,11669106.1989092,235228114.7450958,4630985.091240574,0,0,0,41.9378867149353,01.01.2025 00:00:00,31.12.2025 22:00:00,1,,,1.0,1.0,0.0,98.20100640140602,200.0,20000,205479.4520547945,596175.3974673244,5000.0,12540038.28734183,158707.065214659,20.0,0,707519.9999999999,140700,0.0,7.0,375869.9999999999,20000.0,20000,42440.10366948209,288,5.0,0,71505393.81642951,39300154.27983114,17237350.05768161,1999119.308959896,394777.3346896058,421915.8730878597,5734707.685855009,1681447.769209365,45294080.38089942,0,3781662.987904636,1281489.125845887,0,700000,2530314.549003043,18877702.38326287,15414259.25633507,228531.7383682326,681169.5217856169,8164038.675947065,0,504736.6830709658,471494.1797024125,603169.5106371151,83832.3545775171,11840.61608634099,16872.78181051818,286669.9195931409,70510.91196016375,905674.8246240293,0,158582.6874233122,53738.78902757388,0,0,0,566201.7721664937,770537.0009530957,605.3802386323359,20430.42010889874,106087.2592603631,BO,0.0,1381.927605660146,optimal,620.7352735779318,81.5477570405804,1.4656005632544322
195.0,195.0,ok,optimal,lcom,1199.42518181661,USD/ton,-12678209.76376333,-29159610.52265891,19995.43358999999,12253407.78395702,246924821.0582477,4227992.974938558,0,0,0,42.22885751724243,01.01.2025 00:00:00,31.12.2025 22:00:00,1,,,1.0,1.0,0.0,150.0,41.05256611315437,20000,205479.4520547945,1374348.122029619,11526.3740156683,12540038.28734183,158707.065214659,13.81709685274678,0,488793.6182627702,97203.27635907363,10.0,0.0,259671.6097020967,20000.0,20000,97836.10163163747,288,5.0,0,104692746.0323931,8888290.801653795,17237350.05768161,1999119.308959896,770070.2990463993,894697.6519062719,5734707.685855009,1681447.769209365,32470544.54839378,0,2951698.422360447,1000239.694316928,23091836.73469388,0,1974984.414596469,18877702.38326287,15414259.25633507,399917.7998502368,681169.5217856169,8164038.675947065,0,738996.9700696861,106635.1381381972,603169.5106371151,83832.3545775171,23096.83451728892,35779.73532143901,286669.9195931409,70510.91196016375,649262.6518081282,0,123778.4196471805,41944.69451656244,0,0,0,566201.7721664937,770537.0009530957,1059.381663288082,20430.42010889874,106087.2592603631,BO,0.0,1199.42518181661,optimal,438.2328497343958,57.5718949421923,1.9844256758887653
196.0,196.0,ok,optimal,lcom,1178.191088539319,USD/ton,-11394102.15650766,-24602593.15187571,17505.8853965,9297166.701808013,187745991.8138582,3911324.293560033,0,0,0,65.77328824996948,01.01.2025 00:00:00,31.12.2025 22:00:00,1,,,1.0,1.0,0.0,32.57801683139096,122.2464216884087,20000,205479.4520547945,596175.3974673244,5000.0,12540038.28734183,158707.065214659,15.40597959897813,0,545001.9342934502,108381.0664788111,10.0,7.0,289532.2775933954,20000.0,20000,42440.10366948209,288,4.999999999999999,0,26489065.49360959,24442235.90736392,17237350.05768161,1999119.308959896,394777.3346896058,421915.8730878597,5734707.685855009,1681447.769209365,35812516.29798581,0,3175006.138394165,1075911.802257263,23091836.73469388,700000,2124399.834371311,18877702.38326287,15414259.25633507,228531.7383682326,681169.5217856169,8164038.675947065,0,186978.9444026824,293239.8658584838,603169.5106371151,83832.3545775171,11840.61608634099,16872.78181051818,286669.9195931409,70510.91196016375,716086.8295540264,0,133142.7490028777,45117.97734968305,0,0,0,566201.7721664937,770537.0009530957,605.3802386323359,20430.42010889874,106087.2592603631,BO,0.0,1178.191088539319,optimal,416.99875645710495,54.78231176034314,1.5915777073178927
197.0,197.0,ok,optimal,lcom,998.7500979629649,USD/ton,-15856177.33115502,-29286113.77546263,19995.43358999999,9575857.76825705,191692096.8178609,3854078.676050552,0,0,0,36.37787961959839,01.01.2025 00:00:00,31.12.2025 22:00:00,1,,,1.0,1.0,0.0,105.3372031654441,145.8555753737596,20000,205479.4520547945,2384701.589869298,20000.0,12540038.28734183,158707.065214659,7.436215620048304,0,263063.5637748288,52313.77688703981,0.0,0.0,139752.5182553778,20000.0,20000,169760.4146779283,288,0.0,0,76165458.8714019,28150780.13165133,17237350.05768161,1999119.308959896,1196741.092543711,1469196.403920849,5734707.685855009,1681447.769209365,18592219.02917445,0,1948940.35631654,660435.8668474865,0,0,1304037.973373019,18877702.38326287,15414259.25633507,578531.1095421627,681169.5217856169,0,0,537630.7859239627,337732.2361547977,603169.5106371151,83832.3545775171,35894.03591951309,58754.4388380768,286669.9195931409,70510.91196016375,371759.500734227,0,81728.11811125316,27695.14231447965,0,0,0,566201.7721664937,770537.0009530957,1532.528057816362,20430.42010889874,0,BO,0.0,998.7500979629649,optimal,237.55776588075082,31.20863885096164,1.2291485348803233
198.0,198.0,ok,optimal,lcom,969.8986556670548,USD/ton,-21580191.52209167,-38739904.9857165,26451.49112580001,11945470.28422726,239127637.6148348,5214243.17939757,0,0,0,36.23828744888306,01.01.2025 00:00:00,31.12.2025 22:00:00,1,,,1.0,1.0,0.0,102.7878180095567,200.0,20000,205479.4520547945,1717255.073780635,14402.26383943289,12540038.28734183,277737.3641256533,14.07320381224264,0,497853.6580618956,99004.98881912697,0.0,0.0,264484.7558453821,35000.0,35000,122246.714084153,288,0.0,0,74504403.21256785,39300154.27983114,17237350.05768161,1999119.308959896,920281.7660524596,1093303.017978647,5734707.685855009,2446351.58969062,33011718.25938618,0,2988243.756036961,1012623.782443409,0,0,1999436.934505201,28323813.11812014,27410675.70557325,464285.6183668433,681169.5217856169,0,0,525905.8561125345,471494.1797024125,603169.5106371151,83832.3545775171,27602.14968180631,43722.13621669866,286669.9195931409,102586.8806174044,660083.6553845882,0,125310.9351689866,42464.01683128638,0,0,0,849520.394823617,1370220.878021748,1229.891919815509,20430.42010889874,0,BO,0.0,969.8986556670548,optimal,208.70632358484067,27.418342879772855,1.4545530503275856
200.0,200.0,ok,optimal,lcom,1118.16072619601,USD/ton,-13968544.25036233,-28574329.36353845,20000.30089960001,10102311.66060343,203628918.4302558,4503473.452572693,0,0,0,48.442218542099,01.01.2025 00:00:00,31.12.2025 22:00:00,1,,,1.0,1.0,0.0,117.3996842826988,68.27825115619295,20000,205479.4520547945,1846804.667604405,15488.76954206774,12540038.28734183,277737.3641256533,3.622721119773967,0,128157.3823331239,25485.84307760986,0.0,7.0,68083.60936447207,35000.0,35000,131468.9970156143,288,4.005902439328626,0,83972038.10823761,13352786.92395731,17237350.05768161,1999119.308959896,975415.6997755322,1167261.299415624,5734707.685855009,2446351.58969062,9732980.718882684,0,1203777.193196288,407923.019041174,0,700000,805448.5435229968,28323813.11812014,27410675.70557325,487470.0694752788,681169.5217856169,6990629.867085098,0,592735.2570670303,160196.8601096139,603169.5106371151,83832.3545775171,29255.79006381545,46679.79205608244,286669.9195931409,102586.8806174044,194615.17998631,0,50479.96687344499,17106.10618351898,0,0,0,849520.394823617,1370220.878021748,1291.307496683739,20430.42010889874,94682.83435675228,BO,0.0,1118.16072619601,optimal,356.96839411379597,46.89595245098198,1.2917935588115812
201.0,201.0,ok,optimal,lcom,849.163501827346,USD/ton,-17132195.76797966,-26873189.43928069,18796.38015257,6486672.453389513,129851954.1594256,3254321.217911521,0,0,0,42.80655312538147,01.01.2025 00:00:00,31.12.2025 22:00:00,1,,,1.0,1.0,0.0,28.66145319783979,155.0949132607107,20000,205479.4520547945,1961069.619556382,16447.08610827794,12540038.28734183,158707.065214659,3.427860700042896,0,121264.0001247175,24115.00002480177,0.0,7.0,64421.50006625617,20000.0,20000,139603.2078992429,288,0.0,0,23604936.89688579,29568551.52960635,17237350.05768161,1999119.308959896,1023404.636205991,1232063.041485095,5734707.685855009,1681447.769209365,9260518.396346532,0,1160000.687003101,393088.5092412466,0,700000,776157.6387333774,18877702.38326287,15414259.25633507,507476.8408286804,681169.5217856169,0,0,166620.6829658225,354741.6086250581,603169.5106371151,83832.3545775171,30695.1294653838,49271.26994213006,286669.9195931409,70510.91196016375,185168.0904879473,0,48644.21471352939,16484.02631066827,0,0,0,566201.7721664937,770537.0009530957,1344.305404557127,20430.42010889874,0,BO,0.0,849.163501827346,optimal,87.97116974513187,11.557022586458526,0.4145265692523552
202.0,202.0,ok,optimal,lcom,1128.909261124406,USD/ton,-14121203.63777713,-29281456.80519674,20468.36429,10763561.69481528,215467873.5253498,4396691.472604333,0,0,0,43.92822623252869,01.01.2025 00:00:00,31.12.2025 22:00:00,1,,,1.0,1.0,0.0,107.6023480375967,85.27783277053062,20000,205479.4520547945,1645674.021422701,13801.9283285914,12540038.28734183,277737.3641256533,3.766168354177418,0,133231.9716973803,26494.99437163813,10.0,0.0,70779.4849642333,35000.0,35000,117151.0538208362,288,0.0,0,77637945.01991536,15951992.31056822,17237350.05768161,1999119.308959896,889463.2753873372,1052200.858094996,5734707.685855009,2446351.58969062,10079156.93239074,0,1235507.951853866,418675.5959642323,23091836.73469388,0,826679.6263928806,28323813.11812014,27410675.70557325,451228.2324222174,681169.5217856169,0,0,548024.6560196456,191380.2036382965,603169.5106371151,83832.3545775171,26677.80604740513,42078.42518354335,286669.9195931409,102586.8806174044,201537.1238434621,0,51810.5849105344,17557.01165834271,0,0,0,849520.394823617,1370220.878021748,1195.302923663319,20430.42010889874,0,BO,0.0,1128.909261124406,optimal,367.71692904219185,48.30801803222525,1.7016894094264678
203.0,203.0,ok,optimal,lcom,1043.623036888572,USD/ton,-17501971.88934243,-33451768.81362049,23106.42163874,10826610.00176434,218362799.2297457,5123186.922513708,0,0,0,46.98604655265808,01.01.2025 00:00:00,31.12.2025 22:00:00,1,,,1.0,1.0,0.0,81.63891115986372,73.20280176225218,20000,205479.4520547945,2121247.899660843,17790.46828057934,12540038.28734183,277737.3641256533,17.90300996317524,0,633336.8804572873,125947.6750909378,0.0,6.999999999999999,336460.2177429339,35000.0,35000,151005.863631284,288,5.0,0,60553875.21002003,14117837.23674595,17237350.05768161,1999119.308959896,1089748.076002733,1322274.133621511,5734707.685855009,2446351.58969062,40996605.45938279,0,3511180.708339232,1189831.011120775,0,699999.9999999999,2349334.580819503,28323813.11812014,27410675.70557325,534887.1500799321,681169.5217856169,8164038.675947065,0,427432.9597996868,169375.3678348233,603169.5106371151,83832.3545775171,32684.97825216417,52878.88978199641,286669.9195931409,102586.8806174044,819744.9456389591,0,147240.1095862448,49895.13870660323,0,0,0,849520.394823617,1370220.878021748,1416.915273426945,20430.42010889874,106087.2592603631,BO,0.0,1043.623036888572,optimal,282.4307048063579,37.103724368029155,1.4759604725269908
204.0,204.0,ok,optimal,lcom,959.7521557527951,USD/ton,-16041086.24660736,-27836932.65719317,19470.26075375,8121281.148810954,162573990.7524019,3674565.261774854,0,0,0,41.50782012939453,01.01.2025 00:00:00,31.12.2025 22:00:00,1,,,1.0,1.0,0.0,73.84165167691141,117.4266559221213,20000,205479.4520547945,2384701.589869298,20000.0,12540038.28734183,193783.7551924408,3.525144111183266,0,124705.4980772192,24799.38882217427,0.0,7.0,66249.79585352271,24420.30604375916,24420.30604375916,169760.4146779283,288,0.0,0,55322999.70182578,23668207.14096388,17237350.05768161,1999119.308959896,1196741.092543711,1469196.403920849,5734707.685855009,1922146.666894004,9496720.11616421,0,1181955.791180744,400528.4179138205,0,700000,790847.821254467,21818351.66124568,18375418.25467051,578531.1095421627,681169.5217856169,0,0,390509.6647495099,283953.6412884406,603169.5106371151,83832.3545775171,35894.03591951309,58754.4388380768,286669.9195931409,80604.53431010476,189891.046542531,0,49564.89416970656,16796.01622496111,0,0,0,654401.1090725673,918561.1476849549,1532.528057816362,20430.42010889874,0,BO,0.0,959.7521557527951,optimal,198.55982367058107,26.08536834934055,0.5684759759725585
205.0,205.0,ok,optimal,lcom,938.912232227732,USD/ton,-18715009.72769564,-32129003.34126488,22269.6590284,8836760.724889753,178529461.1135488,4577232.888679486,0,0,0,47.10875582695007,01.01.2025 00:00:00,31.12.2025 22:00:00,1,,,1.0,1.0,0.0,53.52088862112704,58.92355466523094,20000,205479.4520547945,2340092.891145876,19625.87605163741,12540038.28734183,277737.3641256533,10.12576247505954,0,358208.9733177064,71234.73901204388,0.0,7.0,190298.5170750315,35000.0,35000,166584.8428471795,288,5.0,0,41410020.17364255,11867989.64251291,17237350.05768161,1999119.308959896,1178798.157886608,1444438.338810189,5734707.685855009,2446351.58969062,24547055.9513835,0,2396786.273800173,812197.0563414622,0,700000,1603692.131965384,28323813.11812014,27410675.70557325,571257.7235928146,681169.5217856169,8164038.675947065,0,292301.8126717,142383.3606700384,603169.5106371151,83832.3545775171,35355.87077661272,57764.34233470163,286669.9195931409,102586.8806174044,490829.0533078272,0,100508.3767893182,34059.19362034395,0,0,0,849520.394823617,1370220.878021748,1513.260869139983,20430.42010889874,106087.2592603631,BO,0.0,938.912232227732,optimal,177.71990014551795,23.347568368085316,1.3876278728954123
206.0,206.0,ok,optimal,lcom,834.572405982879,USD/ton,-18355429.07622563,-29026851.27068854,19886.30347555999,7208955.990299841,144310820.3036502,3462466.204163074,0,0,0,36.61965155601501,01.01.2025 00:00:00,31.12.2025 22:00:00,1,,,1.0,1.0,0.0,42.85332371363622,131.1344681082153,20000,205479.4520547945,1824557.262897442,15302.18515095168,12540038.28734183,158707.065214659,6.604961866006025,0,233657.1309718292,46465.90672735239,0.0,0.0,124130.3508287842,20000.0,20000,129885.2648351997,288,0.0,0,33901625.22185356,25853866.03829655,17237350.05768161,1999119.308959896,966004.0987177931,1154598.443767034,5734707.685855009,1681447.769209365,16710818.93094958,0,1800138.153097015,610011.3827150733,0,0,1204474.267951797,18877702.38326287,15414259.25633507,483527.7832123176,681169.5217856169,0,0,239302.1414457512,310175.5599498646,603169.5106371151,83832.3545775171,28973.50649510422,46173.39347265616,286669.9195931409,70510.91196016375,334140.0880057153,0,75488.1508385118,25580.60957287144,0,0,0,566201.7721664937,770537.0009530957,1280.864386174585,20430.42010889874,0,BO,0.0,834.572405982879,optimal,73.38007390066491,9.640148856982883,1.0401646907485786
207.0,207.0,ok,optimal,lcom,1198.641671144598,USD/ton,-15450392.66386689,-35407973.5579189,24343.755899,14265816.20856699,287209754.2624748,5691764.685485015,0,0,0,50.85345435142517,01.01.2025 00:00:00,31.12.2025 22:00:00,1,,,1.0,1.0,50.37138495481378,69.84074233264977,140.3414513891104,20000,205479.4520547945,2384701.589869298,20000.0,12540038.28734183,277737.3641256533,7.191371535696203,0,254401.9594467889,50591.2987536228,10.0,0.0,135151.0409561066,35000.0,35000,169760.4146779283,288,5.0,67095385.50843514,52617767.81691644,27296111.14324083,17237350.05768161,1999119.308959896,1196741.092543711,1469196.403920849,5734707.685855009,2446351.58969062,18040351.88793736,0,1905708.990616881,645786.0883725736,23091836.73469388,0,1275111.822641716,28323813.11812014,27410675.70557325,578531.1095421627,681169.5217856169,8164038.675947065,1006452.617063298,371414.1854345883,327478.5498527441,603169.5106371151,83832.3545775171,35894.03591951309,58754.4388380768,286669.9195931409,102586.8806174044,360724.6773720456,0,79915.2262233299,27080.80908379821,0,0,0,849520.394823617,1370220.878021748,1532.528057816362,20430.42010889874,106087.2592603631,BO,0.0,1198.641671144598,optimal,437.44933906238384,57.46896291844625,2.0973453745635187
208.0,208.0,ok,optimal,lcom,970.4164443595662,USD/ton,-16304879.93283417,-28745395.4824371,19995.43358999999,8578942.79613944,171735584.7247279,3861572.753463489,0,0,0,36.5355007648468,01.01.2025 00:00:00,31.12.2025 22:00:00,1,,,1.0,1.0,22.54897843548897,37.4363814234684,159.4844834853083,20000,205479.4520547945,2238982.781199798,18777.88642999574,12540038.28734183,158707.065214659,4.35614174946839,0,154102.8705291938,30645.45720751012,0.0,0.0,81867.14996863418,20000.0,20000,159387.089356556,288,0.0,32549276.08104523,30019187.62350012,30236168.42974701,17237350.05768161,1999119.308959896,1137872.426771566,1388145.206882043,5734707.685855009,1681447.769209365,11489635.55607777,0,1362043.782756218,461554.6922374528,0,0,911344.8794644701,18877702.38326287,15414259.25633507,554600.0631565332,681169.5217856169,0,488249.7335254946,211897.0944830888,362751.1823393484,603169.5106371151,83832.3545775171,34128.37915638827,55513.13115010482,286669.9195931409,70510.91196016375,229740.2569990783,0,57116.81980878353,19355.13125362107,0,0,0,566201.7721664937,770537.0009530957,1469.134751157527,20430.42010889874,0,BO,0.0,970.4164443595662,optimal,209.2241122773521,27.486366251881062,1.1672266190701919
209.0,209.0,ok,optimal,lcom,927.0937652499055,USD/ton,-17112138.06408844,-28792335.59168753,20138.04583253,7512816.336074616,150393578.4472028,4167381.191524475,0,0,0,45.21448230743408,01.01.2025 00:00:00,31.12.2025 22:00:00,1,,,1.0,1.0,0.0,25.45132448870695,155.1425694719328,20000,205479.4520547945,1914719.795871297,16058.35970425331,12540038.28734183,277737.3641256533,3.697373194504237,0,130798.2741287819,26011.02042333732,0.0,7.0,69486.5831309154,35000.0,35000,136303.6901220689,288,0.0,0,21211618.48726472,29575819.75943829,17237350.05768161,1999119.308959896,1004007.952085604,1205824.001793857,5734707.685855009,2446351.58969062,9913303.668198666,0,1220341.074520072,413536.0083176174,0,700000,816531.4533527686,28323813.11812014,27410675.70557325,499409.0545650003,681169.5217856169,0,0,149726.914102651,354828.8074700829,603169.5106371151,83832.3545775171,30113.36179577302,48221.94798041379,286669.9195931409,102586.8806174044,198220.8157365903,0,51174.56732379924,17341.48488510704,0,0,0,849520.394823617,1370220.878021748,1322.933850617115,20430.42010889874,0,BO,0.0,927.0937652499055,optimal,165.90143316769138,21.79494277272526,0.8386144830419023
210.0,210.0,ok,optimal,lcom,901.9223759454882,USD/ton,-17380798.28687218,-28621646.18958887,19985.337923,7791828.443217525,157611725.6005578,3449019.459499161,0,0,0,38.2184636592865,01.01.2025 00:00:00,31.12.2025 22:00:00,1,,,1.0,1.0,0.0,74.66649755532889,90.41408064311825,20000,205479.4520547945,1639088.056950355,13746.6932039928,12540038.28734183,158707.065214659,3.865255837976516,0,136737.2905242572,27192.07482016479,0.0,0.0,72641.68559101166,20000.0,20000,116682.2169380038,288,5.0,0,55878875.79025541,16716096.29583078,17237350.05768161,1999119.308959896,886614.4382208931,1048410.294804901,5734707.685855009,1681447.769209365,10317509.3396683,0,1257193.566563258,426024.1829552606,0,0,841189.4932368459,18877702.38326287,15414259.25633507,450017.5399856408,681169.5217856169,8164038.675947065,0,394433.4394201694,200547.3580258712,603169.5106371151,83832.3545775171,26592.36044499515,41926.83726895587,286669.9195931409,70510.91196016375,206303.0838286185,0,52719.96342206256,17865.17203051986,0,0,0,566201.7721664937,770537.0009530957,1192.095801180471,20430.42010889874,106087.2592603631,BO,0.0,901.9223759454882,optimal,140.7300438632741,18.48810582186399,1.4743329948847925
211.0,211.0,ok,optimal,lcom,889.0730654851419,USD/ton,-23134559.90232811,-38493691.309309,26293.6310206,10660660.62623161,213407972.2529032,4698470.780749273,0,0,0,52.10241794586182,01.01.2025 00:00:00,31.12.2025 22:00:00,1,,,1.0,1.0,0.0,51.46776741596618,200.0,20000,205479.4520547945,1730569.453918104,14513.92879738009,12540038.28734183,277737.3641256533,9.493666047959348,0,335847.9301126099,66787.94064739402,10.0,0.0,178419.212872324,35000.0,35000,123194.5285624585,288,0.0,0,39977557.33812091,36238983.18388478,17237350.05768161,1999119.308959896,925985.5246599166,1100929.09670108,5734707.685855009,2446351.58969062,23163543.96261619,0,2295479.78721683,777867.4078906523,23091836.73469388,0,1535907.858821508,28323813.11812014,27410675.70557325,466694.3706312766,681169.5217856169,0,0,282190.4560084564,434768.513321182,603169.5106371151,83832.3545775171,27773.22337319024,44027.10972104143,286669.9195931409,102586.8806174044,463165.1297386785,0,96260.12543873927,32619.59206752459,0,0,0,849520.394823617,1370220.878021748,1236.272701019296,20430.42010889874,0,BO,0.0,889.0730654851419,optimal,127.88073340292783,16.800055388513268,1.673565295417523
212.0,212.0,ok,optimal,lcom,1033.791128603942,USD/ton,-19962327.12753713,-38162814.78009106,26086.449049,12934900.36838838,260567122.9425256,5265587.284165545,0,0,0,46.29486584663391,01.01.2025 00:00:00,31.12.2025 22:00:00,1,,,1.0,1.0,0.0,150.0,147.1820110615831,20000,205479.4520547945,2005173.277135577,16816.97438081113,12540038.28734183,277737.3641256533,11.19190397993656,0,395924.7951942359,78735.04449885373,0.0,7.0,210335.0474469378,35000.0,35000,142742.8272257297,288,5.0,0,104692746.0323931,28355400.98021095,17237350.05768161,1999119.308959896,1041776.357612804,1256972.964766955,5734707.685855009,2446351.58969062,26861361.91492032,0,2563057.737241215,868541.3347765533,0,700000,1714944.537157103,28323813.11812014,27410675.70557325,515095.4198334926,681169.5217856169,8164038.675947065,0,738996.9700696861,340187.1257324486,603169.5106371151,83832.3545775171,31246.15527387993,50267.4393855206,286669.9195931409,102586.8806174044,537104.6069789961,0,107480.9112532889,36421.97082279239,0,0,0,849520.394823617,1370220.878021748,1364.487009129447,20430.42010889874,106087.2592603631,BO,0.0,1033.791128603942,optimal,272.598796521728,35.812078634061365,1.52470761929386
213.0,213.0,ok,optimal,lcom,1247.50569984586,USD/ton,-6440580.295653017,-15450085.12653376,10806.78727557,5821954.294140088,116545447.2309477,3187550.536740652,0,0,0,40.72675752639771,01.01.2025 00:00:00,31.12.2025 22:00:00,1,,,1.0,1.0,0.0,9.527960025617956,157.2029117772086,20000,205479.4520547945,1377700.890535689,11554.49299307255,12540038.28734183,158707.065214659,4.34757951704962,0,153799.9729951474,30585.22190244408,0.0,0.0,81706.23565367203,20000.0,20000,98074.77609486067,288,0.0,0,8760610.903450144,29889625.64415828,17237350.05768161,1999119.308959896,771572.8227015177,896661.7930463853,5734707.685855009,1681447.769209365,11469308.40654093,0,1360249.496094105,460946.6637448289,0,0,910144.3204350836,18877702.38326287,15414259.25633507,400571.1976870231,681169.5217856169,0,0,61838.71527838201,358593.6183445729,603169.5106371151,83832.3545775171,23141.89993568456,35858.28302968154,286669.9195931409,70510.91196016375,229333.806808743,0,57041.57703813061,19329.63379583632,0,0,0,566201.7721664937,770537.0009530957,1061.112513196195,20430.42010889874,0,BO,0.0,1247.50569984586,optimal,486.31336776364583,63.88836924215372,1.0693172679558003
214.0,214.0,ok,optimal,lcom,843.6709137695268,USD/ton,-22684354.05503188,-36086440.93970766,24769.6451829,8928878.789893722,178836027.9098484,4473208.094782058,0,0,0,38.48302435874939,01.01.2025 00:00:00,31.12.2025 22:00:00,1,,,1.0,1.0,0.0,43.32799744285836,138.8933540323661,20000,205479.4520547945,1826491.752900074,15318.4093192992,12540038.28734183,232132.1563509241,13.79449193947583,0,487993.9468508972,97044.25079421251,0.0,0.0,259246.7842645391,29252.90768082115,29252.90768082115,130022.9759125237,288,0.08640437966354943,0,34239405.3454669,27070556.2199831,17237350.05768161,1999119.308959896,966823.3778981292,1155700.13388555,5734707.685855009,2169334.591687265,32422730.70330815,0,2948462.112230748,999143.0084799458,0,0,1972818.996199204,24869951.73791691,23408232.27512823,483871.2061355512,681169.5217856169,476651.6272466265,0,241686.4373722597,324772.5087323451,603169.5106371151,83832.3545775171,28998.07925901307,46217.45101629985,286669.9195931409,90970.27169539905,648306.5931929986,0,123642.7061371865,41898.70538748248,0,0,0,745928.2100023159,1170144.396492995,1281.774112992853,20430.42010889874,15258.75646409903,BO,0.0,843.6709137695268,optimal,82.47858168731273,10.835445683181746,1.1473948410711758
215.0,215.0,ok,optimal,lcom,1091.397209167694,USD/ton,-17387592.5320191,-35121142.24993956,24162.40759579999,12650910.83629125,253249336.3574539,5082638.881629215,0,0,0,43.99940872192383,01.01.2025 00:00:00,31.12.2025 22:00:00,1,,,1.0,1.0,0.0,150.0,200.0,20000,205479.4520547945,2384701.589869298,20000.0,12540038.28734183,277737.3641256533,7.043089253207285,0,249156.3254214609,49548.13289631325,0.0,7.0,132364.2978801511,35000.0,35000,169760.4146779283,288,0.0,0,104692746.0323931,39300154.27983114,17237350.05768161,1999119.308959896,1196741.092543711,1469196.403920849,5734707.685855009,2446351.58969062,17705219.821952,0,1879291.132676938,636833.8898857019,0,700000,1257435.607042194,28323813.11812014,27410675.70557325,578531.1095421627,681169.5217856169,0,0,738996.9700696861,471494.1797024125,603169.5106371151,83832.3545775171,35894.03591951309,58754.4388380768,286669.9195931409,102586.8806174044,354023.5660450306,0,78807.40278124028,26705.40183599857,0,0,0,849520.394823617,1370220.878021748,1532.528057816362,20430.42010889874,0,BO,0.0,1091.397209167694,optimal,330.2048770854799,43.379953156151274,1.2537725470102608
216.0,216.0,ok,optimal,lcom,801.1809644924285,USD/ton,-23406145.16504814,-36019593.400131,24651.9388806,8581170.132897867,171780172.1511365,4032278.102184997,0,0,0,38.02371072769165,01.01.2025 00:00:00,31.12.2025 22:00:00,1,,,1.0,1.0,0.0,54.2387153786328,150.2588203170513,20000,205479.4520547945,1719865.711804196,14424.15872166596,12540038.28734183,198279.3100903184,10.39132786979543,0,367603.6147218832,73102.99156401087,0.0,0.0,195289.4203210004,24986.8283837441,24986.8283837441,122432.5582985136,288,0.0,0,41909541.87972222,28828628.84393169,17237350.05768161,1999119.308959896,921400.8345419826,1094798.777971295,5734707.685855009,1951909.797710975,25125712.93480958,0,2438722.179591051,826407.8433484994,0,0,1631751.489154977,22184158.53558433,18750034.05786434,464758.4026234685,681169.5217856169,0,0,295827.7974344142,345864.5635824024,603169.5106371151,83832.3545775171,27635.71407163933,43781.95295649598,286669.9195931409,81852.64057610018,502399.5512089808,0,102266.9440284188,34655.11790053078,0,0,0,665372.8097761903,937287.6614085366,1231.144324615564,20430.42010889874,0,BO,0.0,801.1809644924285,optimal,39.98863241021445,5.253420288776031,1.0457975999068116
217.0,217.0,ok,optimal,lcom,854.0059166096114,USD/ton,-21539908.90789308,-34441184.97921376,23732.107413,8743597.835892562,176664501.3397434,4157678.235428114,0,0,0,47.55352139472961,01.01.2025 00:00:00,31.12.2025 22:00:00,1,,,1.0,1.0,0.0,59.82362110335693,95.33387607490877,20000,205479.4520547945,1994141.162796702,16724.45031502661,12540038.28734183,199419.7219098229,10.95304964796013,0,387475.0843462375,77054.70427339949,0.0,7.0,205846.1385589386,25130.54118165415,25130.54118165415,141957.4810369663,288,5.0,0,45774107.53782513,17439892.69712461,17237350.05768161,1999119.308959896,1037188.491525359,1250747.16730152,5734707.685855009,1959424.427032,26344866.42873191,0,2526278.427894925,856077.959501141,0,700000,1690335.463889905,22276590.57233487,20479411.98120847,513194.935144357,681169.5217856169,8164038.675947065,0,323106.6913425916,209230.931837558,603169.5106371151,83832.3545775171,31108.55071499691,50018.46434350108,286669.9195931409,82167.76387411212,526777.0552340655,0,105938.5840452952,35899.32362978187,0,0,0,668145.1377825642,1023736.815818628,1359.452627984661,20430.42010889874,106087.2592603631,BO,0.0,854.0059166096114,optimal,92.81358452739732,12.193184378711374,1.0774029187644607
218.0,218.0,ok,optimal,lcom,915.3212285859954,USD/ton,-17166058.22657812,-28602466.29883669,19982.24406511999,8100197.186108774,162151926.3152078,3336210.886149799,0,0,0,84.29190397262573,01.01.2025 00:00:00,31.12.2025 22:00:00,1,,,1.0,1.0,0.0,39.51171256072451,156.6812699963538,20000,205479.4520547945,2023420.71132716,16970.01184486198,12540038.28734183,158707.065214659,3.771908787313826,0,133435.0452600139,26535.37831875277,10.0,7.0,70887.3677943824,20000.0,20000,144041.8123936563,288,0.0,0,31512853.21134173,29810253.79032268,17237350.05768161,1999119.308959896,1049353.761199506,1267263.106294057,5734707.685855009,1681447.769209365,10092982.35988566,0,1236769.361412852,419103.0488171831,23091836.73469388,700000,827523.6368109324,18877702.38326287,15414259.25633507,518231.3213399048,681169.5217856169,0,0,222440.4643491421,357641.3735556796,603169.5106371151,83832.3545775171,31473.4254814564,50678.95107270946,286669.9195931409,70510.91196016375,201813.5692755475,0,51863.48167009367,17574.93674113949,0,0,0,566201.7721664937,770537.0009530957,1372.79400760517,20430.42010889874,0,BO,0.0,915.3212285859954,optimal,154.12889650378133,20.24835117323992,1.0887280606892076
219.0,219.0,ok,optimal,lcom,1295.990253054396,USD/ton,-11148968.27227671,-29294653.39548535,19995.43358999999,13208960.52022954,264420525.0521401,4936724.60297909,0,0,0,65.1997001171112,01.01.2025 00:00:00,31.12.2025 22:00:00,1,,,1.0,1.0,60.46885901252874,57.91786512201443,145.2368228284588,20000,205479.4520547945,2384701.589869298,20000.0,12540038.28734183,158707.065214659,9.690174126619427,0,342799.5999032888,68170.37498076766,8.219695277860641,7.0,182112.2874486222,20000.0,20000,169760.4146779283,288,0.0,79087117.38941841,44459620.24122293,28055201.92067234,17237350.05768161,1999119.308959896,1196741.092543711,1469196.403920849,5734707.685855009,1681447.769209365,23594613.81372035,0,2327206.30731612,788618.5484968381,18980786.13652921,700000,1557136.105667733,18877702.38326287,15414259.25633507,578531.1095421627,681169.5217856169,0,1186332.497673265,313828.0911893054,336585.5594811621,603169.5106371151,83832.3545775171,35894.03591951309,58754.4388380768,286669.9195931409,70510.91196016375,471784.5587792138,0,97590.56573339994,33070.43731091301,0,0,0,566201.7721664937,770537.0009530957,1532.528057816362,20430.42010889874,0,BO,0.0,1295.990253054396,optimal,534.7979209721818,70.25792279189959,1.3236075384137265
220.0,220.0,ok,optimal,lcom,1228.336067985693,USD/ton,-16235432.11776833,-38919407.62067042,26565.0396844,16345606.14632534,328843548.7232871,6338369.356576752,0,0,0,43.85975885391235,01.01.2025 00:00:00,31.12.2025 22:00:00,1,,,1.0,1.0,31.80391332593249,150.0,200.0,20000,205479.4520547945,2384701.589869298,20000.0,12540038.28734183,277737.3641256533,16.40789843650662,0,580445.8150898584,115429.5655008241,0.0,7.0,308361.8392664873,35000.0,35000,169760.4146779283,288,5.0,44356743.55248075,104692746.0323931,39300154.27983114,17237350.05768161,1999119.308959896,1196741.092543711,1469196.403920849,5734707.685855009,2446351.58969062,37901998.80516199,0,3311907.57547948,1122303.483244868,0,700000,2216000.725075835,28323813.11812014,27410675.70557325,578531.1095421627,681169.5217856169,8164038.675947065,665365.5880282166,738996.9700696861,471494.1797024125,603169.5106371151,83832.3545775171,35894.03591951309,58754.4388380768,286669.9195931409,102586.8806174044,757866.9404940817,0,138883.6618961051,47063.39593103997,0,0,0,849520.394823617,1370220.878021748,1532.528057816362,20430.42010889874,106087.2592603631,BO,0.0,1228.336067985693,optimal,467.14373590347896,61.370000223941325,1.7385450653127223
221.0,221.0,ok,optimal,lcom,1493.603065046058,USD/ton,-8019496.016176466,-29273833.88074028,19995.43358999999,15687581.57435288,315671035.8255693,5566756.290210929,0,0,0,42.44388246536255,01.01.2025 00:00:00,31.12.2025 22:00:00,1,,,1.0,1.0,67.95834074814759,150.0,80.6025010094215,20000,205479.4520547945,2167736.069116192,18180.35496202275,12540038.28734183,158707.065214659,12.16204362784568,0,430244.455378669,85559.9769218944,0.0,7.0,228567.3669199179,20000.0,20000,154315.2298672457,288,5.0,87850783.65619475,104692746.0323931,15248419.17051922,17237350.05768161,1999119.308959896,1108812.450414304,1348326.229462723,5734707.685855009,1681447.769209365,28948119.16049851,0,2709861.651600092,918288.6603537461,0,700000,1813171.185470544,18877702.38326287,15414259.25633507,542712.9696258649,681169.5217856169,8164038.675947065,1317790.343580679,738996.9700696861,182939.2535553525,603169.5106371151,83832.3545775171,33256.77890660438,53920.73569696141,286669.9195931409,70510.91196016375,578830.2251288446,0,113637.0809960062,38508.10716211885,0,0,0,566201.7721664937,770537.0009530957,1437.64585788772,20430.42010889874,106087.2592603631,BO,0.0,1493.603065046058,optimal,732.4107329638439,96.21887952554131,1.6788995646794194
222.0,222.0,ok,optimal,lcom,951.7274538764214,USD/ton,-18589207.93996907,-32329732.07336026,22390.3814263,9169850.573769284,185197343.3133158,4570673.559621911,0,0,0,39.94461727142334,01.01.2025 00:00:00,31.12.2025 22:00:00,1,,,1.0,1.0,13.72042474953946,32.52163645611399,67.00037879752206,20000,205479.4520547945,2384701.589869298,20000.0,12540038.28734183,208619.7231357839,15.06422664179856,0,532912.081680266,105976.8344250529,0.0,0.0,283109.5433926412,26289.91001170812,26289.91001170812,169760.4146779283,288,4.999999999999999,20814115.03387428,26447803.51326884,13152484.97227192,17237350.05768161,1999119.308959896,1196741.092543711,1469196.403920849,5734707.685855009,2019537.775089778,35096726.17256378,0,3127642.525270107,1059861.732387636,0,0,2092708.792688202,23017040.67834824,21308568.2613171,578531.1095421627,681169.5217856169,8164038.675947065,312218.4989169739,186687.6875620082,157793.7854618595,603169.5106371151,83832.3545775171,35894.03591951309,58754.4388380768,286669.9195931409,84688.59566570901,701774.2948727263,0,131156.572794338,44444.92339923896,0,0,0,690353.5693868967,1065185.16456972,1532.528057816362,20430.42010889874,106087.2592603631,BO,0.0,951.7274538764214,optimal,190.53512179420727,25.03114045736711,1.593595006726487
223.0,223.0,ok,optimal,lcom,1103.3743915041,USD/ton,-15247035.69038444,-30866113.86378239,21470.8430224,10696338.70113911,215754993.2893922,4922739.472258846,0,0,0,37.81451439857483,01.01.2025 00:00:00,31.12.2025 22:00:00,1,,,1.0,1.0,20.00819736033047,73.8727231329829,100.0593545540536,20000,205479.4520547945,2384701.589869298,20000.0,12540038.28734183,277737.3641256533,4.67690128541806,0,165450.0598729493,32902.00054291605,0.0,0.0,87895.34430750432,35000.0,35000,169760.4146779283,288,5.0,29229024.15678117,55343950.43843836,20823712.76344546,17237350.05768161,1999119.308959896,1196741.092543711,1469196.403920849,5734707.685855009,2446351.58969062,12248328.72109185,0,1428448.943655661,484057.3562413212,0,0,955776.6401184911,28323813.11812014,27410675.70557325,578531.1095421627,681169.5217856169,8164038.675947065,438444.8741724635,390657.5501710332,249827.5018935004,603169.5106371151,83832.3545775171,35894.03591951309,58754.4388380768,286669.9195931409,102586.8806174044,244910.6566051457,0,59901.49652585029,20298.77243564362,0,0,0,849520.394823617,1370220.878021748,1532.528057816362,20430.42010889874,106087.2592603631,BO,0.0,1103.3743915041,optimal,342.1820594218859,44.95342963924233,1.7287308153119634
224.0,224.0,ok,optimal,lcom,1617.023797022854,USD/ton,-5392248.195444913,-25032961.69540852,17777.5907047,14534478.53678768,290955101.2867796,5106234.963175933,0,0,0,36.6977424621582,01.01.2025 00:00:00,31.12.2025 22:00:00,1,,,1.0,1.0,38.20564010379,150.0,200.0,20000,205479.4520547945,596175.3974673244,5000.0,12540038.28734183,158707.065214659,11.17830341105215,0,395443.661469381,78639.3644967519,0.0,0.0,210079.4451556087,20000.0,20000,42440.10366948209,288,0.0,52316885.52806328,104692746.0323931,39300154.27983114,17237350.05768161,1999119.308959896,394777.3346896058,421915.8730878597,5734707.685855009,1681447.769209365,26831982.03369679,0,2560970.492334686,867834.0317568899,0,0,1713547.959468606,18877702.38326287,15414259.25633507,228531.7383682326,681169.5217856169,0,784770.3080817776,738996.9700696861,471494.1797024125,603169.5106371151,83832.3545775171,11840.61608634099,16872.78181051818,286669.9195931409,70510.91196016375,536517.1434837484,0,107393.3833832363,36392.31032315516,0,0,0,566201.7721664937,770537.0009530957,605.3802386323359,20430.42010889874,0,BO,0.0,1617.023797022854,optimal,855.83146494064,112.43301185122871,1.5628492404338932
225.0,225.0,ok,optimal,lcom,1084.268894459462,USD/ton,-14501868.88164942,-28718398.93135995,19995.43358999999,9948253.28973225,199146810.5453138,4268276.759978291,0,0,0,36.68367719650269,01.01.2025 00:00:00,31.12.2025 22:00:00,1,,,1.0,1.0,39.49066204576519,33.56163062809695,200.0,20000,205479.4520547945,2384701.589869298,20000.0,12540038.28734183,158707.065214659,4.229759655706106,0,149631.9775802592,29756.35917789245,0.0,0.0,79491.9880895127,20000.0,20000,169760.4146779283,288,0.0,53897934.58475892,27207786.19223137,39300154.27983114,17237350.05768161,1999119.308959896,1196741.092543711,1469196.403920849,5734707.685855009,1681447.769209365,11189188.024035,0,1335439.563949517,452539.3417920388,0,0,893543.969619578,18877702.38326287,15414259.25633507,578531.1095421627,681169.5217856169,0,808486.5584432385,192052.1938754159,471494.1797024125,603169.5106371151,83832.3545775171,35894.03591951309,58754.4388380768,286669.9195931409,70510.91196016375,223732.6780041352,0,56001.18139027336,18977.07575098389,0,0,0,566201.7721664937,770537.0009530957,1532.528057816362,20430.42010889874,0,BO,0.0,1084.268894459462,optimal,323.0765623772479,42.44348619401928,1.3304751719400845
226.0,226.0,ok,optimal,lcom,1159.739925812062,USD/ton,-17650648.67592925,-38852866.33414955,26522.94599640001,14856100.41207888,297393414.5062422,6346117.246141418,0,0,0,36.48562097549438,01.01.2025 00:00:00,31.12.2025 22:00:00,1,,,1.0,1.0,70.0,58.36935717295673,200.0,20000,205479.4520547945,2384701.589869298,20000.0,12540038.28734183,277737.3641256533,14.10271460765552,0,498897.6319604216,99212.59726485657,0.0,0.0,265039.366978974,35000.0,35000,169760.4146779283,288,0.0,90222609.88614184,44771420.8766359,36238983.18388478,17237350.05768161,1999119.308959896,1196741.092543711,1469196.403920849,5734707.685855009,2446351.58969062,33074013.24291276,0,2992440.655932884,1014045.982569673,0,0,2002245.084491418,28323813.11812014,27410675.70557325,578531.1095421627,681169.5217856169,0,1353368.508878641,316029.0051357663,434768.513321182,603169.5106371151,83832.3545775171,35894.03591951309,58754.4388380768,286669.9195931409,102586.8806174044,661329.2706571786,0,125486.9306679167,42523.65628588563,0,0,0,849520.394823617,1370220.878021748,1532.528057816362,20430.42010889874,0,BO,0.0,1159.739925812062,optimal,398.5475937298479,52.35833007403469,1.7725667346789182
227.0,227.0,ok,optimal,lcom,1392.794547602705,USD/ton,-9615938.348725643,-29288623.80665969,19995.43358999999,14722063.40026346,296343033.2814545,4950622.05767059,0,0,0,53.37072229385376,01.01.2025 00:00:00,31.12.2025 22:00:00,1,,,1.0,1.0,49.72973911102387,127.9723392017731,104.7872693577483,20000,205479.4520547945,1631797.473101598,13685.54858212708,12540038.28734183,158707.065214659,7.397090621422628,0,261679.4778234469,52038.53252170819,10.0,0.0,139017.2225937062,20000.0,20000,116163.2201198414,288,5.0,66325680.21010585,90748395.62759142,21607216.60198495,17237350.05768161,1999119.308959896,883458.1381641539,1044212.409750084,5734707.685855009,1681447.769209365,18504156.62177685,0,1942064.077852397,658105.7078390629,23091836.73469388,0,1299437.048463404,18877702.38326287,15414259.25633507,448675.4441959191,681169.5217856169,8164038.675947065,994906.7871079192,640567.6797008006,259227.4013701153,603169.5106371151,83832.3545775171,26497.69306178651,41758.96020361304,286669.9195931409,70510.91196016375,369998.6546213335,0,81439.76382854667,27597.42792827935,0,0,0,566201.7721664937,770537.0009530957,1188.540591408513,20430.42010889874,106087.2592603631,BO,0.0,1392.794547602705,optimal,631.602215520491,82.97537808779103,1.9885049254156653
228.0,228.0,ok,optimal,lcom,915.2413448747574,USD/ton,-19174835.27683914,-32206995.45453992,22318.928259,9060442.819551291,183007189.4574698,3971717.358149493,0,0,0,77.91904401779175,01.01.2025 00:00:00,31.12.2025 22:00:00,1,,,1.0,1.0,0.0,49.33497045945549,73.03564666874715,20000,205479.4520547945,1718714.750836869,14414.5058496067,12540038.28734183,210170.2374350837,7.906796175614163,0,279710.8215085267,55624.31109544564,10.0,7.0,148596.3739264048,26485.30324101429,26485.30324101429,122350.6245203328,288,5.0,0,38483436.19480103,14092041.41796269,17237350.05768161,1999119.308959896,920907.5088700448,1094139.365121412,5734707.685855009,2029581.99083725,19647845.73249913,0,2030734.233567924,688153.2929094264,23091836.73469388,700000,1358766.339779678,23140938.95134286,21447872.45104342,464549.9938119131,681169.5217856169,8164038.675947065,0,271643.8705030115,169065.8886829003,603169.5106371151,83832.3545775171,27620.91768042416,43755.58246453581,286669.9195931409,85109.79626750466,392867.2155031791,0,85158.11515508917,28857.46268184661,0,0,0,694069.6689584272,1072148.783825559,1230.592249980446,20430.42010889874,106087.2592603631,BO,0.0,915.2413448747574,optimal,154.0490127925433,20.237856623062374,1.4547956076583741
229.0,229.0,ok,optimal,lcom,1117.135957816046,USD/ton,-13981373.46499466,-28901724.46864503,19995.43358999999,10925944.34737528,220351300.882236,3994406.656275088,0,0,0,37.20059204101562,01.01.2025 00:00:00,31.12.2025 22:00:00,1,,,1.0,1.0,0.0,150.0,139.1939119464125,20000,205479.4520547945,1760257.245454113,14762.91417703621,12540038.28734183,158707.065214659,5.078761786140754,0,179666.2769465153,35729.08916550021,0.0,0.0,95447.70962783629,20000.0,20000,125307.9216274168,288,5.0,0,104692746.0323931,27117409.4958212,17237350.05768161,1999119.308959896,938672.0428724806,1117912.329678496,5734707.685855009,1681447.769209365,13191570.69539004,0,1509560.352458214,511543.5147633701,0,0,1010048.366192356,18877702.38326287,15414259.25633507,472043.393630258,681169.5217856169,8164038.675947065,0,738996.9700696861,325334.6196772631,603169.5106371151,83832.3545775171,28153.7320256068,44706.28394212001,286669.9195931409,70510.91196016375,263771.1898683573,0,63302.87449891154,21451.39468128293,0,0,0,566201.7721664937,770537.0009530957,1250.442255072027,20430.42010889874,106087.2592603631,BO,0.0,1117.135957816046,optimal,355.9436257338318,46.76132571647968,1.6371055164564223
230.0,230.0,ok,optimal,lcom,833.9268290537567,USD/ton,-21612908.67483277,-33938249.00484301,23402.4989036,8188181.044487422,163913210.860874,4137159.285522815,0,0,0,38.14721012115479,01.01.2025 00:00:00,31.12.2025 22:00:00,1,,,1.0,1.0,0.0,50.79290031025645,100.4153795535018,20000,205479.4520547945,1611490.129200751,13515.23508053747,12540038.28734183,232917.4827797786,8.377909146059256,0,296376.9139509923,58938.59084252687,0.0,0.0,157450.2355364646,29351.8732092672,29351.8732092672,114717.5955870863,288,0.0,0,39505464.1741318,20882966.61880956,17237350.05768161,1999119.308959896,874651.5909249268,1032509.614194887,5734707.685855009,2174249.032610839,20698388.39942443,0,2111026.130049945,715361.7439438921,0,0,1412489.729326898,24930923.12511347,23477907.46234057,444926.6657206711,681169.5217856169,0,0,278858.0816940924,250538.3858185399,603169.5106371151,83832.3545775171,26233.5569634264,41290.9552562504,286669.9195931409,91176.35702117665,413873.2727545118,0,88525.12717153765,29998.43936312987,0,0,0,747756.9340059718,1173627.360474763,1178.610082744248,20430.42010889874,0,BO,0.0,833.9268290537567,optimal,72.73449697154263,9.555337581052616,1.0883122480205354
231.0,231.0,ok,optimal,lcom,2125.205078363539,USD/ton,2058231.585501534,-14525035.32212374,20756.1649127,11581584.03184223,231843264.7251175,5001682.875783042,0,0,0,33.57755017280579,01.01.2025 00:00:00,31.12.2025 22:00:00,1,,,1.0,1.0,0.0,150.0,0.0,20000,205479.4520547945,2384701.589869298,20000.0,12540038.28734183,277737.3641256533,14.51668907707773,0,513542.3927907018,102124.9076572418,0.0,0.0,272819.3961700603,35000.0,35000,169760.4146779283,288,0.0,0,104692746.0323931,0,17237350.05768161,1999119.308959896,1196741.092543711,1469196.403920849,5734707.685855009,2446351.58969062,33946520.65600216,0,3051012.600311872,1033894.210727866,0,0,2041435.632009685,28323813.11812014,27410675.70557325,578531.1095421627,681169.5217856169,0,0,738996.9700696861,0,603169.5106371151,83832.3545775171,35894.03591951309,58754.4388380768,286669.9195931409,102586.8806174044,678775.435623719,0,127943.1242464924,43355.98464829777,0,0,0,849520.394823617,1370220.878021748,1532.528057816362,20430.42010889874,0,BO,0.0,2125.205078363539,optimal,1364.012746281325,179.19423104934828,1.7088101509696194
232.0,232.0,ok,optimal,lcom,1066.683931132256,USD/ton,-19367070.29749016,-38342855.13103705,26200.5256348,13526964.21498151,272419216.2954268,5448820.618565368,0,0,0,47.27136850357056,01.01.2025 00:00:00,31.12.2025 22:00:00,1,,,1.0,1.0,0.0,104.0614676879354,134.0512338935709,20000,205479.4520547945,1399008.951345413,11733.19930081558,12540038.28734183,277737.3641256533,20.0,0,707520,140700,10.0,7.0,375870,35000.0,35000,99591.63894026159,288,5.0,0,75334760.2231517,26312896.63111734,17237350.05768161,1999119.308959896,781104.9055286815,909133.5050906173,5734707.685855009,2446351.58969062,45294080.38089943,0,3781662.987904636,1281489.125845887,23091836.73469388,700000,2530314.549003043,28323813.11812014,27410675.70557325,404711.5885783854,681169.5217856169,8164038.675947065,0,531767.1152556248,315682.6694456516,603169.5106371151,83832.3545775171,23427.79713226093,36357.03761453717,286669.9195931409,102586.8806174044,905674.8246240296,0,158582.6874233123,53738.78902757388,0,0,0,849520.394823617,1370220.878021748,1072.080402574454,20430.42010889874,106087.2592603631,BO,0.0,1066.683931132256,optimal,305.49159905004194,40.13329958466354,1.814374052584409
233.0,233.0,ok,optimal,lcom,858.2054136528775,USD/ton,-18703131.33638255,-29621475.16009973,20682.41091789999,7445646.653906332,149741882.7887875,3472697.169810856,0,0,0,54.0908522605896,01.01.2025 00:00:00,31.12.2025 22:00:00,1,,,1.0,1.0,0.0,50.90486536172254,140.8080776048529,20000,205479.4520547945,1881649.542692577,15781.00631698499,12540038.28734183,164483.3904220899,4.026695412530101,0,142448.3769136649,28327.80222714927,0.0,7.0,75675.70023538447,20727.9228810158,20727.9228810158,133949.5088203189,288,1.469555779116316,0,39583830.83092355,27368693.27230742,17237350.05768161,1999119.308959896,990111.1746088387,1187063.864740282,5734707.685855009,1722208.227592194,10704548.45345496,0,1292136.541553552,437865.2810695002,0,700000,864569.8733199433,19373377.08087236,15906892.75711868,493613.313816116,681169.5217856169,3464625.543127981,0,279411.2501237912,328349.3365463951,603169.5106371151,83832.3545775171,29696.55365487743,47471.71382372333,286669.9195931409,72220.18723181791,214042.0991382038,0,54185.28460437047,18361.72425291652,0,0,0,581068.618062603,795163.0523221757,1307.580941902277,20430.42010889874,57317.5641914069,BO,0.0,858.2054136528775,optimal,97.01308157066342,12.744884240397909,0.4471001506692331
234.0,234.0,ok,optimal,lcom,960.6772007340406,USD/ton,-15436575.06709658,-26810593.1622724,18753.1968879,7634146.741254547,152822403.1373312,3739871.35392127,0,0,0,36.12532091140747,01.01.2025 00:00:00,31.12.2025 22:00:00,1,,,1.0,1.0,0.0,55.33266726477829,122.0239795902008,20000,205479.4520547945,1696769.098121524,14230.4521901587,12540038.28734183,207359.1165981425,3.402861754165952,0,120379.6374153747,23939.13244055747,0.0,0.0,63951.68237691782,26131.05047562681,26131.05047562681,120788.3732427887,288,0.0,0,42669534.31243316,24406648.95301209,17237350.05768161,1999119.308959896,911488.4452757008,1081557.693790463,5734707.685855009,2011353.411289571,9199713.983601201,0,1154325.821696321,391165.4721529238,0,0,772360.5805885073,22916121.59466393,21195218.94197799,460567.352567248,681169.5217856169,0,0,301192.3725968185,292812.919904767,603169.5106371151,83832.3545775171,27338.41028672804,43252.43051240589,286669.9195931409,84345.38729139377,183952.2798260155,0,48406.24126269761,16403.38443685341,0,0,0,687326.688102968,1059518.992544766,1220.042239184145,20430.42010889874,0,BO,0.0,960.6772007340406,optimal,199.48486865182656,26.2068941375359,1.0460687740452725
235.0,235.0,ok,optimal,lcom,1010.531658809696,USD/ton,-15596095.82089704,-28410681.58092595,19901.6374331,9312388.944352372,188050714.7600647,3502196.815676533,0,0,0,86.6921865940094,01.01.2025 00:00:00,31.12.2025 22:00:00,1,,,1.0,1.0,0.0,89.75739159567428,54.55125871325031,20000,205479.4520547945,1951568.766546977,16367.40441519092,12540038.28734183,158707.065214659,4.494946759176682,0,159013.2365526343,31621.95045080797,10.0,7.0,84475.78191858699,20000.0,20000,138926.8680362083,288,5.0,0,65947397.11687171,11158089.1903481,17237350.05768161,1999119.308959896,1019436.215417644,1226689.626236659,5734707.685855009,1681447.769209365,11818613.96067773,0,1390971.320976788,471357.3440828759,23091836.73469388,700000,930700.3246906737,18877702.38326287,15414259.25633507,505828.2670321456,681169.5217856169,8164038.675947065,0,465504.3305318541,133866.5001768064,603169.5106371151,83832.3545775171,30576.10402269769,49056.38240447798,286669.9195931409,70510.91196016375,236318.3231919578,0,58329.88579753797,19766.20195941753,0,0,0,566201.7721664937,770537.0009530957,1339.938334996132,20430.42010889874,106087.2592603631,BO,0.0,1010.531658809696,optimal,249.33932672748188,32.75641598299121,1.5360606492346092
236.0,236.0,ok,optimal,lcom,925.1788421681049,USD/ton,-20098450.75121619,-34248326.53210177,23610.2830426,9414408.739318997,190092974.460173,4735467.041566577,0,0,0,37.84914612770081,01.01.2025 00:00:00,31.12.2025 22:00:00,1,,,1.0,1.0,0.0,58.77780961569383,92.2751780355088,20000,205479.4520547945,2202527.730475477,18472.14544437985,12540038.28734183,277485.4897125255,11.61688275770317,0,410958.8444365073,81724.7702004418,0.0,0.0,218321.8861068945,34968.25920600484,34968.25920600484,156791.9535314464,288,5.0,0,45053290.56974189,16990803.65551246,17237350.05768161,1999119.308959896,1123026.69207557,1367786.982234036,5734707.685855009,2444864.940749811,27777624.0689215,0,2627863.254235615,890501.9287239163,0,0,1758305.974448334,28305188.23134958,27388799.30866369,548533.6032874206,681169.5217856169,8164038.675947065,0,318018.6448868847,203843.093719148,603169.5106371151,83832.3545775171,33683.10879862276,54698.98808404432,286669.9195931409,102524.538524774,555425.66700839,0,110198.507474237,37342.88049050305,0,0,0,848961.7757882176,1369127.307906828,1453.064707891592,20430.42010889874,106087.2592603631,BO,0.0,925.1788421681049,optimal,163.9865100858908,21.54337388519294,1.6822144383712259
237.0,237.0,ok,optimal,lcom,863.8852506862003,USD/ton,-17928063.45777845,-28632795.58600648,19924.43437028999,7268843.485701812,145509664.2970132,3435888.642526216,0,0,0,43.36746883392334,01.01.2025 00:00:00,31.12.2025 22:00:00,1,,,1.0,1.0,0.0,39.37975611031723,187.5026269130487,20000,205479.4520547945,2384701.589869298,20000.0,12540038.28734183,158707.065214659,4.313564265724823,0,152596.6494642813,30345.92460937413,0.0,7.0,81066.97002789946,20000.0,20000,169760.4146779283,288,0.0,0,31418118.83292756,34415801.8191225,17237350.05768161,1999119.308959896,1196741.092543711,1469196.403920849,5734707.685855009,1681447.769209365,11388514.94018038,0,1353109.766409463,458527.2292310682,0,700000,905367.1200460535,18877702.38326287,15414259.25633507,578531.1095421627,681169.5217856169,0,0,221771.7607257999,412895.3319614723,603169.5106371151,83832.3545775171,35894.03591951309,58754.4388380768,286669.9195931409,70510.91196016375,227718.3063313844,0,56742.17502253907,19228.1756731892,0,0,0,566201.7721664937,770537.0009530957,1532.528057816362,20430.42010889874,0,BO,0.0,863.8852506862003,optimal,102.69291860398619,13.491060573754524,0.6365562355730496
238.0,238.0,ok,optimal,lcom,1055.589881820048,USD/ton,-19379073.91028483,-37882103.13363689,25908.79448819999,13365756.58763303,269192118.6445093,5137272.635719033,0,0,0,64.7314453125,01.01.2025 00:00:00,31.12.2025 22:00:00,1,,,1.0,1.0,0.0,119.5199217016491,200.0,20000,205479.4520547945,2384701.589869298,20000.0,12540038.28734183,277737.3641256533,8.606787573757547,0,304473.717209247,60548.75058138435,10.0,7.0,161751.6622674125,35000.0,35000,169760.4146779283,288,5.0,0,85335694.64769481,39300154.27983114,17237350.05768161,1999119.308959896,1196741.092543711,1469196.403920849,5734707.685855009,2446351.58969062,21206618.62160841,0,2149494.074923407,728397.345795948,23091836.73469388,700000,1438228.670341708,28323813.11812014,27410675.70557325,578531.1095421627,681169.5217856169,8164038.675947065,0,602360.9292273802,471494.1797024125,603169.5106371151,83832.3545775171,35894.03591951309,58754.4388380768,286669.9195931409,102586.8806174044,424035.5569531155,0,90138.2667075558,30545.08267335904,0,0,0,849520.394823617,1370220.878021748,1532.528057816362,20430.42010889874,106087.2592603631,BO,0.0,1055.589881820048,optimal,294.39754973783397,38.675842796855314,1.8185217545124086
239.0,239.0,ok,optimal,lcom,1205.42561605035,USD/ton,-13024194.17565744,-30152742.177965,20696.2242276,12190557.90682434,244033867.5752962,4937990.095483211,0,0,0,36.11029052734375,01.01.2025 00:00:00,31.12.2025 22:00:00,1,,,1.0,1.0,0.0,150.0,184.5760769464268,20000,205479.4520547945,1200093.619829839,10064.93747417357,12540038.28734183,277737.3641256533,6.359352419268991,0,224968.4511840599,44738.04426955736,0.0,0.0,119514.4896915318,35000.0,35000,85431.39796615629,288,0.0,0,104692746.0323931,33985396.0851054,17237350.05768161,1999119.308959896,690915.7170233289,791922.7762152092,5734707.685855009,2446351.58969062,16150503.05341263,0,1755009.0662578,594718.5249885172,0,0,1174278.350077117,28323813.11812014,27410675.70557325,365190.9821569873,681169.5217856169,0,0,738996.9700696861,407731.642347059,603169.5106371151,83832.3545775171,20722.7392112682,31669.67887713614,286669.9195931409,102586.8806174044,322936.3284889123,0,73595.67869204796,24939.30904333817,0,0,0,849520.394823617,1370220.878021748,967.3903743223157,20430.42010889874,0,BO,0.0,1205.42561605035,optimal,444.233283968136,58.360189040915834,1.5294047694965822
240.0,240.0,ok,optimal,lcom,911.0539735763043,USD/ton,-21634017.78307718,-36578874.78574817,25084.5114048,10392023.62808167,208030324.5575791,4552833.374589324,0,0,0,47.43837714195251,01.01.2025 00:00:00,31.12.2025 22:00:00,1,,,1.0,1.0,0.0,101.4768277003315,124.34479904867,20000,205479.4520547945,1798814.158930594,15086.28305170195,12540038.28734183,236659.0554146423,10.16202594884287,0,359491.8299662656,71489.85255010963,0.0,7.0,190980.0346695786,29823.37996037535,29823.37996037535,128052.6833402762,288,0.0,0,73648626.51629667,24777307.27696922,17237350.05768161,1999119.308959896,955084.9652781159,1139926.597909428,5734707.685855009,2197588.539536221,24626161.31263819,0,2402533.9127534,814144.7541774161,0,700000,1607537.883031061,25220640.5630267,23809479.46489254,478946.1967880178,681169.5217856169,0,0,519865.1664796066,297259.8042899951,603169.5106371151,83832.3545775171,28646.00728049911,45586.65362781182,286669.9195931409,92155.09091237748,492410.7993898466,0,100749.4019770351,34140.86963380735,0,0,0,756446.4727773557,1190202.175533839,1268.727770478833,20430.42010889874,0,BO,0.0,911.0539735763043,optimal,149.86164149409024,19.687749754933705,0.6565650468898105
241.0,241.0,ok,optimal,lcom,1055.546644799171,USD/ton,-14956725.43947451,-29285150.77920033,19995.43358999999,10198730.0288852,205793729.0259127,4129695.310840619,0,0,0,52.62402391433716,01.01.2025 00:00:00,31.12.2025 22:00:00,1,,,1.0,1.0,0.0,58.26618216545391,82.74626370195358,20000,205479.4520547945,1795732.413287039,15060.43708710288,12540038.28734183,158707.065214659,18.47305453558586,0,653502.7772508856,129957.9386578466,10.0,7.0,347173.3504145329,20000.0,20000,127833.3022568718,288,5.0,0,44700189.49105015,15572011.72762837,17237350.05768161,1999119.308959896,953775.7322965233,1138168.807406778,5734707.685855009,1681447.769209365,42169581.54705603,0,3585697.622127381,1215082.498367665,23091836.73469388,700000,2399193.923576388,18877702.38326287,15414259.25633507,478396.2826729677,681169.5217856169,8164038.675947065,0,315526.2026005702,186821.4776857114,603169.5106371151,83832.3545775171,28606.73925840052,45516.3580605871,286669.9195931409,70510.91196016375,843199.1123547408,0,150364.9497649736,50954.05081004955,0,0,0,566201.7721664937,770537.0009530957,1267.271048797314,20430.42010889874,106087.2592603631,BO,0.0,1055.546644799171,optimal,294.3543127169569,38.67016262654162,1.578499189751985
242.0,242.0,ok,optimal,lcom,1064.820798343154,USD/ton,-15880070.2132577,-31268350.46450199,21440.3759922,11029528.64160875,220792071.4143465,4358751.609635542,0,0,0,42.48416185379028,01.01.2025 00:00:00,31.12.2025 22:00:00,1,,,1.0,1.0,0.0,132.7163547221779,85.31385537995499,20000,205479.4520547945,1379300.237253105,11567.90638386502,12540038.28734183,175195.6978829919,16.06673442560549,0,568376.7970402197,113029.4766841346,0.0,7.0,301950.1734276167,22077.87002374862,22077.87002374862,98188.62923401898,288,0.0,0,93770548.89556792,15957382.76762521,17237350.05768161,1999119.308959896,772289.3029082353,897598.5645263748,5734707.685855009,1796571.846409887,37191980.37050408,0,3265609.329004537,1106614.433323409,0,700000,2185022.52130052,20280158.17507368,16815065.93541438,400882.698406124,681169.5217856169,0,0,661900.2188953481,191444.8743546049,603169.5106371151,83832.3545775171,23163.38943448742,35895.74533389044,286669.9195931409,75338.5990406837,743669.8132783186,0,136942.1614576826,46405.48122324573,0,0,0,608265.8400592305,840561.3439632361,1061.937678142692,20430.42010889874,0,BO,0.0,1064.820798343154,optimal,303.62846626093983,39.88853453507278,0.8387462158608417
243.0,243.0,ok,optimal,lcom,833.7167170974113,USD/ton,-20151318.50902142,-31788654.82593608,21815.9553078,7905334.375609351,158251110.1543539,3732001.941305309,0,0,0,41.78192973136902,01.01.2025 00:00:00,31.12.2025 22:00:00,1,,,1.0,1.0,0.0,56.33084404036374,96.66462383720837,20000,205479.4520547945,1473610.230769163,12358.86483264289,12540038.28734183,174386.6992196678,10.36894568978097,0,366811.8227216917,72945.53292760914,0.0,7.0,194868.7808208987,21975.92135974556,21975.92135974556,104902.3009468962,288,0.0,0,43361679.07399327,17634374.51526633,17237350.05768161,1999119.308959896,814252.448323976,952650.4671756685,5734707.685855009,1791009.280004378,25077000.58881307,0,2435201.528924451,825214.8032601622,0,700000,1629395.818215459,20212220.62003384,16746717.88505437,419046.5510067827,681169.5217856169,0,0,306078.0299229169,211564.1808283596,603169.5106371151,83832.3545775171,24421.99637815542,38097.31868276036,286669.9195931409,75105.33480418837,501425.5266775981,0,102119.3067995134,34605.08819031667,0,0,0,606228.1787337547,837144.721674121,1110.053696952086,20430.42010889874,0,BO,0.0,833.7167170974113,optimal,72.52438501519725,9.527734576202237,0.27755725869386644
244.0,244.0,ok,optimal,lcom,964.1547844376063,USD/ton,-17224830.75827674,-30115319.42537404,20995.9203923,8728812.533244446,176368525.1739216,4161676.133852852,0,0,0,48.86506915092468,01.01.2025 00:00:00,31.12.2025 22:00:00,1,,,1.0,1.0,0.0,77.39991303312863,73.60651502959162,20000,205479.4520547945,1902654.015227424,15957.1664925313,12540038.28734183,243046.0909081767,4.611963609487183,0,163152.8246492186,32445.16399274234,0.0,7.0,86674.93809489738,30628.26353438583,30628.26353438583,135444.7600428428,288,5.0,0,57716619.13954842,14180090.82999361,17237350.05768161,1999119.308959896,998943.2766652429,1198983.093559963,5734707.685855009,2237150.882639653,12095163.26608453,0,1415129.746482701,479543.8904997314,0,700000,946864.7517520307,25712310.86459875,24374041.86373514,497298.3181326025,681169.5217856169,8164038.675947065,0,407405.5584863084,170122.2403960056,603169.5106371151,83832.3545775171,29961.45622271985,47948.37412510583,286669.9195931409,93814.12364749216,241848.0467577733,0,59342.96074707661,20109.50186098278,0,0,0,771193.2142197118,1218423.850699726,1317.342512913833,20430.42010889874,106087.2592603631,BO,0.0,964.1547844376063,optimal,202.9624523553922,26.663754192083854,1.191560284917104
245.0,245.0,ok,optimal,lcom,1006.164352378328,USD/ton,-15738762.35558387,-28758788.94261262,19995.43358999999,9336536.970951824,186901308.7174325,3683489.616076918,0,0,0,41.95740342140198,01.01.2025 00:00:00,31.12.2025 22:00:00,1,,,1.0,1.0,0.0,112.6418039533278,134.7742661973193,20000,205479.4520547945,2052831.713456537,17216.67584889772,12540038.28734183,158707.065214659,4.410962124698795,0,156042.1961233446,31031.11854725602,0.0,7.0,82897.4166905268,20000.0,20000,146135.5015742175,288,0.0,0,80902901.13490869,26426374.64536145,17237350.05768161,1999119.308959896,1061538.254394633,1283829.152129574,5734707.685855009,1681447.769209365,11619687.44346925,0,1373504.403551013,465438.3436815258,0,700000,919013.1924871875,18877702.38326287,15414259.25633507,523266.1643597306,681169.5217856169,0,0,571071.0729666614,317044.0947179117,603169.5106371151,83832.3545775171,31838.87682187739,51341.44161804032,286669.9195931409,70510.91196016375,232340.7010154884,0,57597.41685061173,19517.99079054606,0,0,0,566201.7721664937,770537.0009530957,1386.131299355462,20430.42010889874,0,BO,0.0,1006.164352378328,optimal,244.9720202961139,32.18267052506977,0.6533081422623273
246.0,246.0,ok,optimal,lcom,1153.725173649369,USD/ton,-17805809.18946488,-38920362.09547552,26565.935332,15373454.09396879,307749939.684244,5741098.812041861,0,0,0,45.66446971893311,01.01.2025 00:00:00,31.12.2025 22:00:00,1,,,1.0,1.0,0.0,150.0,200.0,20000,205479.4520547945,2384701.589869298,20000.0,12540038.28734183,277737.3641256533,20.0,0,707520,140700,10.0,7.0,375870,35000.0,35000,169760.4146779283,288,0.0,0,104692746.0323931,39300154.27983114,17237350.05768161,1999119.308959896,1196741.092543711,1469196.403920849,5734707.685855009,2446351.58969062,45294080.38089943,0,3781662.987904636,1281489.125845887,23091836.73469388,700000,2530314.549003043,28323813.11812014,27410675.70557325,578531.1095421627,681169.5217856169,0,0,738996.9700696861,471494.1797024125,603169.5106371151,83832.3545775171,35894.03591951309,58754.4388380768,286669.9195931409,102586.8806174044,905674.8246240296,0,158582.6874233123,53738.78902757388,0,0,0,849520.394823617,1370220.878021748,1532.528057816362,20430.42010889874,0,BO,0.0,1153.725173649369,optimal,392.53284156715495,51.568154988292584,1.7428166407038699
247.0,247.0,ok,optimal,lcom,1009.561788191869,USD/ton,-15684959.2594526,-29006313.02472388,19995.43358999999,9558487.704462543,192977185.9432704,3762866.06080874,0,0,0,58.95394015312195,01.01.2025 00:00:00,31.12.2025 22:00:00,1,,,1.0,1.0,0.0,75.03779355722138,45.09759944197294,20000,205479.4520547945,2384701.589869298,20000.0,12540038.28734183,158707.065214659,10.55897140861427,0,373534.1725511383,74282.36385960138,10.0,7.0,198440.0291677922,20000.0,20000,169760.4146779283,288,5.0,0,56128897.00676283,9582277.587307248,17237350.05768161,1999119.308959896,1196741.092543711,1469196.403920849,5734707.685855009,1681447.769209365,25490238.72993642,0,2465012.961645318,835316.9797311665,23091836.73469388,700000,1649342.678150229,18877702.38326287,15414259.25633507,578531.1095421627,681169.5217856169,8164038.675947065,0,396198.2696348144,114961.0782323793,603169.5106371151,83832.3545775171,35894.03591951309,58754.4388380768,286669.9195931409,70510.91196016375,509688.4029263822,0,103369.438588606,35028.71935436286,0,0,0,566201.7721664937,770537.0009530957,1532.528057816362,20430.42010889874,106087.2592603631,BO,0.0,1009.561788191869,optimal,248.36945610965495,32.629001323522175,1.5856963299823321
248.0,248.0,ok,optimal,lcom,1119.652176855406,USD/ton,-18518282.00422614,-38910595.87179018,26559.580864,14856711.8566846,297405654.568845,5535602.010879437,0,0,0,44.14485454559326,01.01.2025 00:00:00,31.12.2025 22:00:00,1,,,1.0,1.0,0.0,150.0,200.0,20000,205479.4520547945,2036904.275767376,17083.09571663443,12540038.28734183,277737.3641256533,16.01928766676889,0,566698.3204996163,112695.6887357192,10.0,0.0,301058.4827654212,35000.0,35000,145001.6706419301,288,0.0,0,104692746.0323931,39300154.27983114,17237350.05768161,1999119.308959896,1054944.146022645,1274860.829223528,5734707.685855009,2446351.58969062,37093117.10771467,0,3259144.905401602,1104423.839243894,23091836.73469388,0,2180697.168897162,28323813.11812014,27410675.70557325,520542.5377573384,681169.5217856169,0,0,738996.9700696861,471494.1797024125,603169.5106371151,83832.3545775171,31641.09873584358,50982.79060429076,286669.9195931409,102586.8806174044,741692.999367194,0,136671.0781615573,46313.61944251748,0,0,0,849520.394823617,1370220.878021748,1378.916416493788,20430.42010889874,0,BO,0.0,1119.652176855406,optimal,358.4598447731919,47.09188856286005,1.9113640109799084
249.0,249.0,ok,optimal,lcom,877.2634029850201,USD/ton,-22627090.67708308,-37158081.69690123,25446.3593791,10149882.48846429,203183078.0860424,4381108.531353865,0,0,0,52.60436296463013,01.01.2025 00:00:00,31.12.2025 22:00:00,1,,,1.0,1.0,0.0,45.0114197402626,200.0,20000,205479.4520547945,2384701.589869298,20000.0,12540038.28734183,234238.3702364798,8.65625259484005,0,306223.5917950617,60896.73700469975,10.0,0.0,162681.2831411265,29518.3292463585,29518.3292463585,169760.4146779283,288,0.0,0,35434384.91725719,39300154.27983114,17237350.05768161,1999119.308959896,1196741.092543711,1469196.403920849,5734707.685855009,2182502.610722309,21316278.18064399,0,2157763.154737151,731199.4822887968,23091836.73469388,0,1443761.520050025,25033347.21808976,23595034.80743934,578531.1095421627,681169.5217856169,0,0,250121.4657416078,471494.1797024125,603169.5106371151,83832.3545775171,35894.03591951309,58754.4388380768,286669.9195931409,91522.46787292666,426228.2475003726,0,90485.02761765683,30662.58926688263,0,0,0,750828.9552603769,1179482.390659551,1532.528057816362,20430.42010889874,0,BO,0.0,877.2634029850201,optimal,116.07107090280601,15.248586462411911,1.599501620953668
250.0,250.0,ok,optimal,lcom,822.1857280477336,USD/ton,-20389070.98391882,-31687460.05537428,21857.2461787,7611411.813291022,154000096.9685968,3686977.258164437,0,0,0,37.53305196762085,01.01.2025 00:00:00,31.12.2025 22:00:00,1,,,1.0,1.0,0.0,46.96145033949114,97.1159895135175,20000,205479.4520547945,1599753.576290969,13416.80303386428,12540038.28734183,175255.5889425669,8.180302426071364,0,289386.3786247006,57548.42756741204,0.0,0.0,153736.5136443722,22085.41739531573,22085.41739531573,113882.1023340444,288,5.0,0,36813050.70707632,17700217.35501977,17237350.05768161,1999119.308959896,869551.7680030616,1025739.311762037,5734707.685855009,1796983.311939233,20258480.80439503,0,2077534.27288235,704012.3849708869,0,0,1390080.293653929,20285184.23303099,16820124.30897827,442752.9666557394,681169.5217856169,8164038.675947065,0,259853.0840248825,212354.1145140591,603169.5106371151,83832.3545775171,26080.59720606443,41020.20498818235,286669.9195931409,75355.85370077226,405077.1291828003,0,87120.65809710597,29522.50804608031,0,0,0,608416.5873728952,840814.2048974399,1172.851957120038,20430.42010889874,106087.2592603631,BO,0.0,822.1857280477336,optimal,60.99339596551954,8.012875773285092,1.4254194816432693
251.0,251.0,ok,optimal,lcom,1504.191472062199,USD/ton,-7920073.11794444,-28811417.43104509,20169.26244135,14667576.41372654,295252298.1273494,6223767.899374103,0,0,0,43.67190909385681,01.01.2025 00:00:00,31.12.2025 22:00:00,1,,,1.0,1.0,70.0,41.74099232577258,0.0,20000,205479.4520547945,2384701.589869298,20000.0,12540038.28734183,277737.3641256533,20.0,0,707520,140700,10.0,7.0,375870,35000.0,35000,169760.4146779283,288,5.0,90222609.88614184,33108610.19324074,0,17237350.05768161,1999119.308959896,1196741.092543711,1469196.403920849,5734707.685855009,2446351.58969062,45294080.38089943,0,3781662.987904636,1281489.125845887,23091836.73469388,700000,2530314.549003043,28323813.11812014,27410675.70557325,578531.1095421627,681169.5217856169,8164038.675947065,1353368.508878641,233704.4689653362,0,603169.5106371151,83832.3545775171,35894.03591951309,58754.4388380768,286669.9195931409,102586.8806174044,905674.8246240296,0,158582.6874233123,53738.78902757388,0,0,0,849520.394823617,1370220.878021748,1532.528057816362,20430.42010889874,106087.2592603631,BO,0.0,1504.191472062199,optimal,742.9991399799849,97.60990864786271,2.153298313929343
252.0,252.0,ok,optimal,lcom,798.9359381375625,USD/ton,-24673952.45305992,-37936110.97734529,25938.6500348,8930637.084881801,178775895.6064715,4331521.439403571,0,0,0,37.58568143844604,01.01.2025 00:00:00,31.12.2025 22:00:00,1,,,1.0,1.0,0.0,50.44420997288219,177.7282526034461,20000,205479.4520547945,1549514.653034077,12995.45955449297,12540038.28734183,229473.872892086,9.831913301564947,0,347813.7649561616,69167.51007650941,0.0,0.0,184776.0626329608,28917.91522724101,28917.91522724101,110305.7301450487,288,0.0,0,39261297.71774969,32972902.90549157,17237350.05768161,1999119.308959896,847636.2484749823,996702.019714808,5734707.685855009,2152658.612502251,23904996.61912624,0,2349958.609057087,796328.6028729863,0,0,1572359.693888737,24663144.5750032,23172175.2902728,433388.1380349915,681169.5217856169,0,0,277134.5786024532,395584.4981456099,603169.5106371151,83832.3545775171,25423.28172652019,39858.97848704248,286669.9195931409,90270.97046125072,477990.7978834929,0,98544.67538481225,33393.75568884889,0,0,0,739725.411602322,1158344.241964663,1148.044539884869,20430.42010889874,0,BO,0.0,798.9359381375625,optimal,37.74360605534844,4.95848479609643,1.12008218609696
253.0,253.0,ok,optimal,lcom,1030.052416710993,USD/ton,-20310695.97385763,-38720767.612004,26439.3855819,12921717.93342984,258670425.6781135,5488353.70471654,0,0,0,37.57567858695984,01.01.2025 00:00:00,31.12.2025 22:00:00,1,,,1.0,1.0,53.22796345765357,51.22631713376572,200.0,20000,205479.4520547945,1550047.047062218,12999.92463331375,12540038.28734183,219730.4957102594,11.52396540880872,0,407671.8003020174,81071.09665096937,0.0,0.0,216575.6439104467,27690.07106433015,27690.07106433015,110343.6298266579,288,0.0,70510373.45362048,39808725.95215872,39300154.27983114,17237350.05768161,1999119.308959896,847869.2303174812,997010.223434266,5734707.685855009,2090982.564020987,27577583.09027836,0,2613761.940036997,885723.4276085434,0,0,1748870.770785038,23899418.76766808,22304117.50414065,433487.8999306554,681169.5217856169,0,1057678.547559506,280998.7222216654,471494.1797024125,603169.5106371151,83832.3545775171,25430.26958602911,39871.30382117497,286669.9195931409,87684.60738524626,551425.7606911255,0,109607.1738971918,37142.49575205468,0,0,0,716818.8683809488,1114951.261993513,1148.308808999674,20430.42010889874,0,BO,0.0,1030.052416710993,optimal,268.86008462877885,35.32091342713895,1.3756768580009326
254.0,254.0,ok,optimal,lcom,893.2464261884229,USD/ton,-18850599.31316985,-30921371.4530038,21505.47540324,7989077.867158018,161560317.6313008,4081694.27267593,0,0,0,39.86953115463257,01.01.2025 00:00:00,31.12.2025 22:00:00,1,,,1.0,1.0,0.0,23.47101280991334,120.3925181304355,20000,205479.4520547945,1478437.032940119,12399.34622613432,12540038.28734183,192480.6840387613,14.40019010866362,0,509421.1252840841,101305.3374144485,0.0,0.0,270629.9728071697,24256.09518749803,24256.09518749803,105245.9078541884,288,5.0,0,19720281.29480785,24145244.3900076,17237350.05768161,1999119.308959896,816385.4138750687,955458.3689972169,5734707.685855009,1913477.145548275,33701237.89489967,0,3034585.910596334,1028327.711462481,0,0,2030444.517224438,21711885.10152144,18266638.94570085,419965.6864303988,681169.5217856169,8164038.675947065,0,139199.9797318889,289676.781325598,603169.5106371151,83832.3545775171,24485.97073533511,38209.60911268329,286669.9195931409,80240.9810273091,673870.9002015035,0,127254.2768772555,43122.55548872747,0,0,0,651207.8415038519,913123.4240094055,1112.488485336653,20430.42010889874,106087.2592603631,BO,0.0,893.2464261884229,optimal,132.05409410620882,17.348321644935602,1.4701931593999538
255.0,255.0,ok,optimal,lcom,822.4074339659844,USD/ton,-21581071.37766009,-33679342.26042124,23139.4357293,8234430.578338578,165669416.1372392,3863840.30442257,0,0,0,43.55572628974915,01.01.2025 00:00:00,31.12.2025 22:00:00,1,,,1.0,1.0,0.0,56.7559122230839,107.0638742328465,20000,205479.4520547945,1573023.758659154,13192.62557077734,12540038.28734183,184583.1480391022,9.184845943690444,0,324923.1101039932,64615.39121386228,0.0,4.00409899608653,172615.4022427464,23260.86085574634,23260.86085574634,111979.2793792901,288,1.903051818015868,0,43656051.75497489,21981957.84950757,17237350.05768161,1999119.308959896,857908.94576707,1010301.443521948,5734707.685855009,1860512.358393837,22484287.97757448,0,2245178.543129957,760821.8653555242,0,400409.899608653,1502251.245275283,21062313.90443061,17605442.79195685,437782.653007613,681169.5217856169,4151848.330452744,0,308155.9247872793,263723.2696520374,603169.5106371151,83832.3545775171,25731.39228434247,40402.83124367687,286669.9195931409,78019.92158530725,449583.1110741181,0,94150.76072444669,31904.79332621562,0,0,0,631725.1547089152,880071.1642235037,1159.685603580417,20430.42010889874,65110.09029247526,BO,0.0,822.4074339659844,optimal,61.21510188377033,8.042001909861419,0.6064895233756332
256.0,256.0,ok,optimal,lcom,805.7698593477684,USD/ton,-20965253.09696183,-31983327.91339201,22165.97811572,7343444.721931498,147003051.9124264,3674630.094498686,0,0,0,37.34804725646973,01.01.2025 00:00:00,31.12.2025 22:00:00,1,,,1.0,1.0,0.0,37.37434819722166,150.1585639659779,20000,205479.4520547945,1728370.950817608,14495.49040567661,12540038.28734183,197326.8968254448,5.492292069024977,0,194295.3242338276,38638.27470559072,0.0,0.0,103219.3909992209,24866.80685053947,24866.80685053947,123038.0231113797,288,0.0,0,29974415.47327953,28813239.68528147,17237350.05768161,1999119.308959896,925044.3127145959,1099670.265478063,5734707.685855009,1945623.030411474,14154440.65985717,0,1590844.218867152,539088.1138571883,0,0,1064435.483825944,22106851.97847731,18670755.0618615,466297.0542328475,681169.5217856169,0,0,211581.0603297169,345679.9358406782,603169.5106371151,83832.3545775171,27744.99346148778,43976.7679682963,286669.9195931409,81589.00723363984,283024.1933264485,0,66711.48442013275,22606.46761143732,0,0,0,663054.142559946,933324.6166197648,1235.220210464544,20430.42010889874,0,BO,0.0,805.7698593477684,optimal,44.577527265554295,5.856276447716451,1.0244441888637241
257.0,257.0,ok,optimal,lcom,822.5453986025907,USD/ton,-19282373.01513606,-29844932.54969997,20677.17137100001,7099086.952726107,143107757.2210501,3463472.581837798,0,0,0,37.45005679130554,01.01.2025 00:00:00,31.12.2025 22:00:00,1,,,1.0,1.0,0.0,40.18172117777324,122.570680119728,20000,205479.4520547945,1619581.668302758,13583.09714878435,12540038.28734183,164819.0966552359,5.203080801368142,0,184064.1864291994,36603.67343762489,0.0,0.0,97784.0990405122,20770.22802133101,20770.22802133101,115293.6102294108,288,2.46883888265775,0,31993381.173102,24494088.55663873,17237350.05768161,1999119.308959896,878163.2381530209,1037174.395144531,5734707.685855009,1724562.472676868,13481833.63529606,0,1534218.827754684,519899.5126546246,0,0,1026547.37707684,19402035.94045648,15935458.94150658,446422.2385501635,681169.5217856169,4981624.337757434,0,225832.3775545205,293861.9555877287,603169.5106371151,83832.3545775171,26338.88232789095,41477.5038934969,286669.9195931409,72318.91165902752,269575.1235167176,0,64336.91885790988,21801.80046993648,0,0,0,581928.1875565677,796591.0354435757,1182.571852968702,20430.42010889874,74125.10820078557,BO,0.0,822.5453986025907,optimal,61.353066520376615,8.060126716272551,1.13426625272056
258.0,258.0,ok,optimal,lcom,829.7566247416074,USD/ton,-18418718.34540042,-28644121.22664176,19872.75296618,6868700.543241708,137499495.2319178,3356702.337999632,0,0,0,42.96909093856812,01.01.2025 00:00:00,31.12.2025 22:00:00,1,,,1.0,1.0,0.0,34.78618103077583,153.1154089315532,20000,205479.4520547945,1835507.832721915,15394.02531972578,12540038.28734183,158707.065214659,4.744457813148125,0,167839.9395979281,33377.26071549707,0.0,5.874953619363946,89164.96791139932,20000.0,20000,130664.8060919588,288,0.0,0,28099625.74088438,29266253.21237915,17237350.05768161,1999119.308959896,970639.507819006,1160833.245358822,5734707.685855009,1681447.769209365,12407445.62973839,0,1442240.678734886,488730.9505269842,0,587495.3619363945,965004.7040783353,18877702.38326287,15414259.25633507,485470.2173719965,681169.5217856169,0,0,198347.4411510864,351114.8570328993,603169.5106371151,83832.3545775171,29112.5370187632,46422.72859750038,286669.9195931409,70510.91196016375,248092.2683548776,0,60479.84801303709,20494.75794363764,0,0,0,566201.7721664937,770537.0009530957,1286.009891405107,20430.42010889874,0,BO,0.0,829.7566247416074,optimal,68.56429265939335,9.007485988703829,0.3805916727235026
259.0,259.0,ok,optimal,lcom,811.5423563697979,USD/ton,-24363927.059437,-37844311.3811112,25884.4177837,9141989.651868006,183006808.1486068,4338394.669806195,0,0,0,47.03837823867798,01.01.2025 00:00:00,31.12.2025 22:00:00,1,,,1.0,1.0,0.0,57.70397877635798,159.154767608383,20000,205479.4520547945,1642447.887848036,13774.87141221771,12540038.28734183,222731.4897100212,10.76425968730077,0,380796.450697952,75726.5669001609,0.0,7.0,202298.114433287,28068.25132942457,28068.25132942457,116921.3941536609,288,0.0,0,44311825.47133104,30186150.23449799,17237350.05768161,1999119.308959896,888068.0584612433,1050344.241234636,5734707.685855009,2110073.451080724,25935832.95042394,0,2497020.555716389,846163.3676503856,0,700000,1670758.991876664,24135623.45180188,22571965.42513321,450635.3751166093,681169.5217856169,0,0,312784.8490232391,362151.1010325116,603169.5106371151,83832.3545775171,26635.95909590263,42004.17746453406,286669.9195931409,88485.17691904953,518598.2530458627,0,104711.6656199358,35483.55875982204,0,0,0,723903.3910646603,1128340.600418472,1193.732445533206,20430.42010889874,0,BO,0.0,811.5423563697979,optimal,50.35002428758378,6.614625787132288,0.45027988503944316
260.0,260.0,ok,optimal,lcom,1013.665850788027,USD/ton,-20621402.33799415,-38654473.45074418,26397.8735654,12838089.92671219,258629145.4779595,5194981.186037838,0,0,0,46.63140034675598,01.01.2025 00:00:00,31.12.2025 22:00:00,1,,,1.0,1.0,0.0,114.1504055561429,73.15692715382335,20000,205479.4520547945,1539148.049109971,12908.51698718689,12540038.28734183,277737.3641256533,16.72073350735149,0,591512.6685560662,117630.3602242177,10.0,0.0,314241.1051704102,35000.0,35000,109567.7598310965,288,5.0,0,81877424.08446912,14110758.919124,17237350.05768161,1999119.308959896,843096.5024027303,990698.6612566174,5734707.685855009,2446351.58969062,38551762.96650422,0,3354082.910280692,1136595.40537001,23091836.73469388,0,2244220.284459606,28323813.11812014,27410675.70557325,431443.3457854699,681169.5217856169,8164038.675947065,0,577949.9593678807,169290.447416011,603169.5106371151,83832.3545775171,25287.12043850381,39618.89897390626,286669.9195931409,102586.8806174044,770859.2573249311,0,140652.2695052829,47662.72258344097,0,0,0,849520.394823617,1370220.878021748,1142.892788077824,20430.42010889874,106087.2592603631,BO,0.0,1013.665850788027,optimal,252.47351870581292,33.168163690664194,2.0480171608030275
261.0,261.0,ok,optimal,lcom,1737.212653254161,USD/ton,-4125625.767833309,-28266302.60706436,19822.58091472,17669801.10553304,355351639.6399683,6470875.733698001,0,0,0,46.96755027770996,01.01.2025 00:00:00,31.12.2025 22:00:00,1,,,1.0,1.0,69.99999999999999,150.0,0.0,20000,205479.4520547945,821401.5334131835,6888.925112497645,12540038.28734183,277737.3641256533,15.87238409003011,0,561501.4595689053,111662.2220733618,10.0,7.0,298297.6503959809,35000.0,35000,58473.33918913973,288,5.0,90222609.88614182,104692746.0323931,0,17237350.05768161,1999119.308959896,510149.3975186185,562975.0885468959,5734707.685855009,2446351.58969062,36786832.78369389,0,3239089.706803008,1097627.750062236,23091836.73469388,700000,2167278.215130135,28323813.11812014,27410675.70557325,283268.3813716444,681169.5217856169,8164038.675947065,1353368.508878641,738996.9700696861,0,603169.5106371151,83832.3545775171,15300.98775160295,22513.86221686631,286669.9195931409,102586.8806174044,735568.7111796455,0,135830.070567611,46028.6278687461,0,0,0,849520.394823617,1370220.878021748,750.3775253984554,20430.42010889874,106087.2592603631,BO,0.0,1737.212653254161,optimal,976.020321171947,128.222563475131,2.220806451721826
262.0,262.0,ok,optimal,lcom,1129.97082834859,USD/ton,-13808499.61918204,-29352177.67345594,20039.5283684,11088772.48805347,221978030.6697343,4454905.566220432,0,0,0,36.30709934234619,01.01.2025 00:00:00,31.12.2025 22:00:00,1,,,1.0,1.0,0.0,97.54524167828174,200.0,20000,205479.4520547945,1820190.532063333,15265.56228079753,12540038.28734183,159057.0511189484,17.58852918057245,0,622211.8082919309,123735.3027853272,0.0,0.0,330550.0231550883,20044.10464068705,20044.10464068705,129574.4091539965,288,0.0,0,71075502.41170281,39300154.27983114,17237350.05768161,1999119.308959896,964154.0979521838,1152111.165274322,5734707.685855009,1683931.214393654,40347907.97652501,0,3469736.596404793,1175786.877906316,0,0,2321604.283399128,18907874.78287199,15444168.27778871,482752.1314021412,681169.5217856169,0,0,501702.1992352495,471494.1797024125,603169.5106371151,83832.3545775171,28918.01914337406,46073.92504781977,286669.9195931409,70615.05434742902,806773.9575080458,0,145502.1655469539,49306.20299371624,0,0,0,567106.7374944962,772032.110598592,1278.809685670869,20430.42010889874,0,BO,0.0,1129.97082834859,optimal,368.7784962663759,48.44747913547627,1.3125956421061535
263.0,263.0,ok,optimal,lcom,893.753105477524,USD/ton,-21985332.41484956,-36592297.23648571,25093.18510814,10085544.0611777,203527941.876052,4521420.760458454,0,0,0,50.85638761520386,01.01.2025 00:00:00,31.12.2025 22:00:00,1,,,1.0,1.0,0.0,36.8993266132753,111.6201211365007,20000,205479.4520547945,1807911.29408833,15162.57884649977,12540038.28734183,226944.2229627291,15.38025054446389,0,544091.7432609547,108200.0625803035,10.0,0.0,289048.7386073822,28599.13295678123,28599.13295678123,128700.2836284293,288,4.999999999999999,0,29631323.82601499,22727203.38949666,17237350.05768161,1999119.308959896,958947.1327120072,1145113.73967956,5734707.685855009,2136730.28244397,35758683.35275976,0,3171452.496773904,1074707.582550726,23091836.73469388,0,2122022.089151166,24465732.13318522,22947236.16513254,480567.7012284478,681169.5217856169,8164038.675947065,0,209159.2718353521,272664.1743633038,603169.5106371151,83832.3545775171,28761.84585031424,45794.09192745938,286669.9195931409,89603.02162633686,715010.4164153427,0,132993.7283101077,45067.4788261706,0,0,0,733804.3904877949,1147099.853505882,1273.023133355342,20430.42010889874,106087.2592603631,BO,0.0,893.753105477524,optimal,132.56077339530987,17.414885543144486,1.8263961769881092
264.0,264.0,ok,optimal,lcom,842.5123112876063,USD/ton,-23153854.35886738,-36851577.52619785,25256.9983073,9205121.161982004,185016310.2527082,4492602.005348465,0,0,0,37.37054252624512,01.01.2025 00:00:00,31.12.2025 22:00:00,1,,,1.0,1.0,0.0,47.68152568330586,147.9835957035089,20000,205479.4520547945,2384701.589869298,20000.0,12540038.28734183,221047.8827261046,13.67962809136179,0,483930.5233600147,96236.1836227302,0.0,0.0,257088.0905350078,27856.08598169547,27856.08598169547,169760.4146779283,288,1.632079416325936,0,37320683.33639855,28478877.49382778,17237350.05768161,1999119.308959896,1196741.092543711,1469196.403920849,5734707.685855009,2099373.676778516,32179649.6658988,0,2931990.106182329,993561.1529049166,0,0,1961797.560209564,24003217.27993549,22421752.04249986,578531.1095421627,681169.5217856169,3728592.757783574,0,263436.3215384115,341668.5056040325,603169.5106371151,83832.3545775171,35894.03591951309,58754.4388380768,286669.9195931409,88036.48570328174,643446.0821930231,0,122951.9584437072,41664.63226654913,0,0,0,719932.1128002567,1120831.646051447,1532.528057816362,20430.42010889874,60351.05301567916,BO,0.0,842.5123112876063,optimal,81.3199792053922,10.683236782344396,1.2501724128532992
265.0,265.0,ok,optimal,lcom,902.0540569993049,USD/ton,-18937672.38017341,-31888270.3392589,21778.1236432,8975259.18105813,179669152.7315724,3975338.778027359,0,0,0,43.52266764640808,01.01.2025 00:00:00,31.12.2025 22:00:00,1,,,1.0,1.0,0.0,68.77323726887226,138.2473116179016,20000,205479.4520547945,1532102.875199862,12849.43056782072,12540038.28734183,173164.4034654305,11.86442533892366,0,419715.9107897636,83466.23225932798,0.0,7.0,222974.0776070619,21821.88968477456,21821.88968477456,109066.2330784247,288,0.0,0,51893382.43124712,26969777.44664983,17237350.05768161,1999119.308959896,840007.7883336206,986616.454863007,5734707.685855009,1782588.755913781,28309779.53913594,0,2665250.417843418,903171.2870889689,0,700000,1783321.763619753,20109410.8035661,16643380.27709222,430119.1919364863,681169.5217856169,0,0,366300.9505118291,323563.4395585742,603169.5106371151,83832.3545775171,25194.48017200634,39455.64799858553,286669.9195931409,74752.2231323999,566066.3469406496,0,111766.324833696,37874.16551084599,0,0,0,603144.5884165476,831979.0209290722,1139.385106480478,20430.42010889874,0,BO,0.0,902.0540569993049,optimal,140.86172491709078,18.505405136145896,0.3727277517140221
266.0,266.0,ok,optimal,lcom,912.3074434112497,USD/ton,-22759905.68173651,-38690724.26438648,26420.3836595,10974752.65612033,219695551.0014862,4956065.926529634,0,0,0,44.89612722396851,01.01.2025 00:00:00,31.12.2025 22:00:00,1,,,1.0,1.0,0.0,85.69498593443032,200.0,20000,205479.4520547945,2384701.589869298,20000.0,12540038.28734183,277737.3641256533,10.12699720610501,0,358252.6531631707,71243.42534494873,0.0,7.0,190321.7219929344,35000.0,35000,169760.4146779283,288,0.0,0,63254922.61407921,39300154.27983114,17237350.05768161,1999119.308959896,1196741.092543711,1469196.403920849,5734707.685855009,2446351.58969062,24549749.86649485,0,2396982.086117097,812263.4111053974,0,700000,1603823.150185667,28323813.11812014,27410675.70557325,578531.1095421627,681169.5217856169,0,0,446498.9020283559,471494.1797024125,603169.5106371151,83832.3545775171,35894.03591951309,58754.4388380768,286669.9195931409,102586.8806174044,490882.9193114087,0,100516.5881089275,34061.97618368231,0,0,0,849520.394823617,1370220.878021748,1532.528057816362,20430.42010889874,0,BO,0.0,912.3074434112497,optimal,151.11511132903559,19.85242164955415,1.0590312180720756
267.0,267.0,ok,optimal,lcom,972.8759782447011,USD/ton,-21525931.45748915,-38755668.8545958,26461.4650325,12013782.73728199,242127942.4120881,5215954.65982466,0,0,0,44.88510584831238,01.01.2025 00:00:00,31.12.2025 22:00:00,1,,,1.0,1.0,0.0,104.6057653841502,200.0,20000,205479.4520547945,2384701.589869298,20000.0,12540038.28734183,277737.3641256533,12.10821622733405,0,428340.2572581694,85181.30115929506,0.0,7.0,227555.7616684025,35000.0,35000,169760.4146779283,288,5.0,0,75689304.99996063,36238983.18388478,17237350.05768161,1999119.308959896,1196741.092543711,1469196.403920849,5734707.685855009,2446351.58969062,28832785.53005761,0,2701820.163386588,915563.6476452678,0,700000,1807790.617533278,28323813.11812014,27410675.70557325,578531.1095421627,681169.5217856169,8164038.675947065,0,534269.7482053305,434768.513321182,603169.5106371151,83832.3545775171,35894.03591951309,58754.4388380768,286669.9195931409,102586.8806174044,576524.0790575609,0,113299.8640584158,38393.83472696126,0,0,0,849520.394823617,1370220.878021748,1532.528057816362,20430.42010889874,106087.2592603631,BO,0.0,972.8759782447011,optimal,211.68364616248698,27.809482208449737,1.506293935792804
268.0,268.0,ok,optimal,lcom,869.2182741134048,USD/ton,-20727360.99320223,-33512692.82313495,23144.08673737,8795644.447470872,177706384.411439,3989687.382461851,0,0,0,68.88373041152954,01.01.2025 00:00:00,31.12.2025 22:00:00,1,,,1.0,1.0,0.0,34.4767428571485,56.87522969170444,20000,205479.4520547945,2384701.589869298,20000.0,12540038.28734183,188599.2227812647,14.32402648839154,0,506726.7610533391,100769.5263458345,8.530491610891369,7.0,269198.5918095864,23766.95990517815,23766.95990517815,169760.4146779283,288,5.0,0,27874562.82924802,11536778.0796846,17237350.05768161,1999119.308959896,1196741.092543711,1469196.403920849,5734707.685855009,1887537.631077013,33540771.98791242,0,3023822.910949853,1024680.462341508,19698471.95453793,700000,2023242.98322114,21393570.48881856,17942091.22741199,578531.1095421627,681169.5217856169,8164038.675947065,0,196758.7846674474,138409.729345038,603169.5106371151,83832.3545775171,35894.03591951309,58754.4388380768,286669.9195931409,79153.21674782006,670662.3146435971,0,126802.9343292457,42969.60939883104,0,0,0,641660.5833598387,896899.742977591,1532.528057816362,20430.42010889874,106087.2592603631,BO,0.0,869.2182741134048,optimal,108.02594203119077,14.191675018019389,1.4798643790307024
269.0,269.0,ok,optimal,lcom,819.8845229130303,USD/ton,-20750383.13789025,-32066922.19352717,22201.1991353,7580476.402232423,153380823.588054,3736062.653404503,0,0,0,44.28704190254211,01.01.2025 00:00:00,31.12.2025 22:00:00,1,,,1.0,1.0,0.0,43.40841543888272,74.50797305011174,20000,205479.4520547945,1784217.023392753,14963.85988898966,12540038.28734183,177953.8300750066,9.710137456787185,0,343505.8226713035,68310.81700849786,0.0,7.0,182487.46829413,22425.44524836565,22425.44524836565,127013.5529968652,288,5.0,0,34296594.42080799,14318852.21825681,17237350.05768161,1999119.308959896,948879.6083321305,1131597.893624551,5734707.685855009,1815473.041079347,23638357.16847694,0,2330417.479385311,789706.71581927,0,700000,1559284.70416316,20511133.77472626,17047802.62697888,476338.6861741759,681169.5217856169,8164038.675947065,0,242090.1191458286,171786.9968869768,603169.5106371151,83832.3545775171,28459.88907456438,45253.58151764308,286669.9195931409,76131.21389181692,472659.2261709453,0,97725.2250878003,33116.06921912626,0,0,0,615193.5260241525,852195.5217299134,1261.820478699954,20430.42010889874,106087.2592603631,BO,0.0,819.8845229130303,optimal,58.69219083081623,7.710559914636274,1.0465419999680041
270.0,270.0,ok,optimal,lcom,822.9495785032013,USD/ton,-22099106.47337876,-34399529.9051661,23705.7917862,8249278.661587816,166769087.1311218,4051144.770199526,0,0,0,49.5469434261322,01.01.2025 00:00:00,31.12.2025 22:00:00,1,,,1.0,1.0,0.0,50.10797777536469,99.43653549105821,20000,205479.4520547945,2384701.589869298,20000.0,12540038.28734183,201786.7530684173,9.112254804352748,0,322355.1259587829,64104.7125486216,0.0,7.0,171251.1606656034,25428.83050549651,25428.83050549651,169760.4146779283,288,5.0,0,39025695.05050844,18037767.94204917,17237350.05768161,1999119.308959896,1196741.092543711,1469196.403920849,5734707.685855009,1974976.641997402,22324293.32429574,0,2233274.201332052,756787.850528407,0,700000,1494286.038078374,22467979.48617732,20693172.73991897,578531.1095421627,681169.5217856169,8164038.675947065,0,275471.5249160235,216403.796762283,603169.5106371151,83832.3545775171,35894.03591951309,58754.4388380768,286669.9195931409,82819.9404568713,446383.9484389472,0,93651.55640075219,31735.62835449925,0,0,0,673885.4943148661,1034422.413562843,1532.528057816362,20430.42010889874,106087.2592603631,BO,0.0,822.9495785032013,optimal,61.75724642098726,8.113224978508722,1.1260503239687059
271.0,271.0,ok,optimal,lcom,1229.617965434769,USD/ton,-15166933.96145574,-36221016.44323897,24858.0162621,14691034.00602704,295721878.5203755,6363048.475756194,0,0,0,46.75176763534546,01.01.2025 00:00:00,31.12.2025 22:00:00,1,,,1.0,1.0,58.43565833928794,65.37730748815112,105.7374351371522,20000,205479.4520547945,1404883.173216292,11782.46518712886,12540038.28734183,277737.3641256533,20.0,0,707520,140700,0.0,7.0,375870,35000.0,35000,100009.8088047625,288,5.0,76689745.5671616,49581400.00911704,21763814.92924077,17237350.05768161,1999119.308959896,783727.5964855993,912568.3646066147,5734707.685855009,2446351.58969062,45294080.38089943,0,3781662.987904636,1281489.125845887,0,700000,2530314.549003043,28323813.11812014,27410675.70557325,405849.3464977427,681169.5217856169,8164038.675947065,1150371.140177513,349981.3097577327,261106.1522606722,603169.5106371151,83832.3545775171,23506.45989733178,36494.40062659702,286669.9195931409,102586.8806174044,905674.8246240296,0,158582.6874233123,53738.78902757388,0,0,0,849520.394823617,1370220.878021748,1075.094321628518,20430.42010889874,106087.2592603631,BO,0.0,1229.617965434769,optimal,468.425633352555,61.538406735022356,1.6774535220678042
272.0,272.0,ok,optimal,lcom,826.9800886802635,USD/ton,-23986452.68552597,-37748094.60110454,25818.7647249,9212061.514105186,184409525.5369858,4549580.401473385,0,0,0,37.31665778160095,01.01.2025 00:00:00,31.12.2025 22:00:00,1,,,1.0,1.0,0.0,50.57295202486431,165.8593002725081,20000,205479.4520547945,2384701.589869298,20000.0,12540038.28734183,251816.0476827333,10.84222020480845,0,383554.3819653039,76275.01914082747,0.0,0.0,203763.2654190677,31733.43887899884,31733.43887899884,169760.4146779283,288,0.0,0,39351467.47296,31199229.59014875,17237350.05768161,1999119.308959896,1196741.092543711,1469196.403920849,5734707.685855009,2290919.172577746,26104828.93068133,0,2509122.909051733,850264.482489543,0,0,1678856.688794539,26381671.80033315,25146349.30966013,578531.1095421627,681169.5217856169,0,0,277771.0618204186,374305.2777404421,603169.5106371151,83832.3545775171,35894.03591951309,58754.4388380768,286669.9195931409,96068.87769189292,521977.4011264652,0,105219.1734867668,35655.53754659001,0,0,0,791269.4576278002,1257030.406700931,1532.528057816362,20430.42010889874,0,BO,0.0,826.9800886802635,optimal,65.78775659804944,8.64272455531566,1.2773799043672927
273.0,273.0,ok,optimal,lcom,1029.872655513791,USD/ton,-19632450.03896465,-37317518.00050537,25551.7455103,12527906.84979139,250787009.4662509,5157161.111749329,0,0,0,37.28750944137573,01.01.2025 00:00:00,31.12.2025 22:00:00,1,,,1.0,1.0,0.0,150.0,132.3793799351031,20000,205479.4520547945,1668408.546311475,13992.5980961242,12540038.28734183,277737.3641256533,11.9173326799648,0,421587.5608864346,83838.43540355234,0.0,0.0,223968.3917209184,35000.0,35000,118769.4627609818,288,0.0,0,104692746.0323931,26050033.18943095,17237350.05768161,1999119.308959896,899279.9182681505,1065274.140821992,5734707.685855009,2446351.58969062,28423372.53117074,0,2673207.668061582,905867.754135035,0,0,1788645.967828715,28323813.11812014,27410675.70557325,455395.2764745482,681169.5217856169,0,0,738996.9700696861,312529.0283192277,603169.5106371151,83832.3545775171,26972.23809654953,42601.23710191334,286669.9195931409,102586.8806174044,568337.6881904218,0,112100.0092810231,37987.24089384052,0,0,0,849520.394823617,1370220.878021748,1206.341417225761,20430.42010889874,0,BO,0.0,1029.872655513791,optimal,268.6803234315769,35.29729768777512,1.5059622038359541
274.0,274.0,ok,optimal,lcom,817.2532920542831,USD/ton,-22568531.3666463,-35023689.3893498,24092.7497164,8275551.107188609,165662208.2795509,4179606.915514892,0,0,0,48.94621920585632,01.01.2025 00:00:00,31.12.2025 22:00:00,1,,,1.0,1.0,0.0,45.5106577294491,113.9208155148746,20000,205479.4520547945,1899023.509583654,15926.71819108181,12540038.28734183,228565.3512771539,9.543769419623183,0,337620.3869885897,67140.4178670491,0.0,7.0,179360.8305876883,28803.42484665168,28803.42484665168,135186.3142288277,288,0.0,0,35787903.61059586,23101196.5466755,17237350.05768161,1999119.308959896,997418.0969034933,1196923.866083116,5734707.685855009,2146944.666974217,23273537.23490133,0,2303589.468995961,780615.5292984209,0,700000,1541334.055142849,24592313.27202889,23091423.00849064,496662.3491784902,681169.5217856169,0,0,252616.8558535401,277151.067610663,603169.5106371151,83832.3545775171,29915.71127630409,47866.02383176232,286669.9195931409,90031.35819529147,465364.4930274113,0,96600.20204916062,32734.8335577376,0,0,0,737600.9576590032,1154307.549705256,1315.657832090275,20430.42010889874,0,BO,0.0,817.2532920542831,optimal,56.060959972068986,7.364887638675531,0.43735291556585315
275.0,275.0,ok,optimal,lcom,1095.763560736709,USD/ton,-17369004.1348278,-35531958.66871791,24253.126532,13091678.5523351,262072743.0686675,5071275.981555007,0,0,0,52.70533466339111,01.01.2025 00:00:00,31.12.2025 22:00:00,1,,,1.0,1.0,41.18329992921235,68.52337256436448,76.92163005655999,20000,205479.4520547945,2384701.589869298,20000.0,12540038.28734183,192501.0790628438,16.64263715332667,0,588749.9319360843,117080.9523736531,10.0,7.0,312773.4013410448,24258.66533446091,24258.66533446091,169760.4146779283,288,0.0,55972689.88369546,51723667.94068684,14688748.36349826,17237350.05768161,1999119.308959896,1196741.092543711,1469196.403920849,5734707.685855009,1913612.985512527,38389670.14945962,0,3343578.799663851,1133035.885768391,23091836.73469388,700000,2237191.973369183,21713552.98720369,18268342.18482695,578531.1095421627,681169.5217856169,0,839608.5631020853,365102.9831353486,176224.7372157778,603169.5106371151,83832.3545775171,35894.03591951309,58754.4388380768,286669.9195931409,80246.67742771801,767618.1409932794,0,140211.7833763131,47513.45539962099,0,0,0,651257.8666504449,913208.5665223413,1532.528057816362,20430.42010889874,0,BO,0.0,1095.763560736709,optimal,334.5712286544949,43.953573171091655,1.3852879144184898
276.0,276.0,ok,optimal,lcom,828.8912317566267,USD/ton,-21845243.33085556,-34156769.47514496,23552.3622493,8159656.733713804,164865982.1391638,4151869.410575591,0,0,0,46.32287669181824,01.01.2025 00:00:00,31.12.2025 22:00:00,1,,,1.0,1.0,0.0,43.8220199858051,97.94143464200124,20000,205479.4520547945,1973478.889002388,16551.16008968276,12540038.28734183,220936.1985637648,9.440204306352287,0,333956.6675415185,66411.83729518835,0.0,2.635925842243382,177414.4796314317,27842.01172958971,27842.01172958971,140486.5900112661,288,4.529956547105745,0,34590561.46564073,17820470.93571276,17237350.05768161,1999119.308959896,1028582.091569824,1239077.457698505,5734707.685855009,2098662.944574923,23046113.92892342,0,2286810.931367259,774929.799610834,0,263592.5842243382,1530107.518561274,23994424.16253967,22411782.60586585,509626.1150182175,681169.5217856169,7618893.023574073,0,244165.1507374588,213796.8280205101,603169.5106371151,83832.3545775171,30850.41766427576,49551.78253207089,286669.9195931409,88006.68140204057,460817.0651731565,0,95896.60006328745,32496.40451297503,0,0,0,719668.3795052138,1120333.2880261,1349.998828722359,20430.42010889874,100834.6091931074,BO,0.0,828.8912317566267,optimal,67.69889967441259,8.893796852790766,1.1765389573617782
277.0,277.0,ok,optimal,lcom,779.621342603486,USD/ton,-21652562.13286673,-32360018.81599412,22402.14005416,7136342.756462725,142857229.0549264,3571113.92666467,0,0,0,37.72551417350769,01.01.2025 00:00:00,31.12.2025 22:00:00,1,,,1.0,1.0,0.0,37.84509881009831,130.1283669597526,20000,205479.4520547945,1585553.109932338,13297.70665368022,12540038.28734183,185726.1560226734,5.78849865093667,0,204773.9282755357,40722.08800933948,0.0,0.0,108786.1493963783,23404.90081792764,23404.90081792764,112871.20978971,288,0.0,0,30313992.389001,25695057.30987422,17237350.05768161,1999119.308959896,863371.2957825494,1017541.038899802,5734707.685855009,1868223.555930217,14839654.61693826,0,1647828.095541098,558398.1947765532,0,0,1102563.453628608,21156792.26209994,17701344.3853487,440115.8828232842,681169.5217856169,0,0,213978.0393118723,308270.2903012033,603169.5106371151,83832.3545775171,25895.22537145058,40692.34894376474,286669.9195931409,78343.28790125939,296725.344231613,0,69101.08294640444,23416.2289614965,0,0,0,634558.8583269563,884865.1491260485,1165.866325928571,20430.42010889874,0,BO,0.0,779.621342603486,optimal,18.429010521271948,2.4210714880508655,1.003857427282181
278.0,278.0,ok,optimal,lcom,797.8134232763786,USD/ton,-24348300.22291347,-37361809.14892483,25572.4060699,8720198.096120093,174563271.3189969,4293310.829891259,0,0,0,38.00662636756897,01.01.2025 00:00:00,31.12.2025 22:00:00,1,,,1.0,1.0,0.0,45.43091482992319,164.2307637256704,20000,205479.4520547945,1623880.306943068,13619.14894376424,12540038.28734183,224202.0735624679,10.69791618232998,0,378449.4828661056,75259.84034269144,0.0,0.0,201051.2877726186,28253.57185695845,28253.57185695845,115599.6186126944,288,0.0,0,35731462.47408418,30953917.22777969,17237350.05768161,1999119.308959896,880027.3765987455,1039651.616410995,5734707.685855009,2119397.585905645,25791922.91755381,0,2486698.794560528,842665.6406654265,0,0,1663852.690995929,24251051.50001601,22703061.16009502,447215.7600488058,681169.5217856169,0,0,252218.4535721011,371362.2014806775,603169.5106371151,83832.3545775171,26394.79371319114,41576.5701211302,286669.9195931409,88876.1811844118,515720.7093870614,0,104278.8262505173,35336.88282732304,0,0,0,727365.4419080144,1134893.890639908,1184.673890250867,20430.42010889874,0,BO,0.0,797.8134232763786,optimal,36.62109119416448,4.811016828557483,1.0955370424368596
279.0,279.0,ok,optimal,lcom,846.2490053285027,USD/ton,-21693858.19791151,-34454988.05790059,23741.0283717,8642057.043152839,174631830.4350702,4119072.816836246,0,0,0,70.26956224441528,01.01.2025 00:00:00,31.12.2025 22:00:00,1,,,1.0,1.0,0.0,42.10675914411841,91.31478868156834,20000,205479.4520547945,2384701.589869298,20000.0,12540038.28734183,209095.4606965374,10.43059869356373,0,368992.8593835107,73379.26180922087,4.375020863244202,7.0,196027.4565474901,26349.86166667825,26349.86166667825,169760.4146779283,288,5.0,0,33369607.05244251,16849185.14645151,17237350.05768161,1999119.308959896,1196741.092543711,1469196.403920849,5734707.685855009,2022622.209816844,25211156.21408747,0,2444893.32317343,828499.05386095,10102726.74849146,700000,1635880.607598483,23055082.69256735,21351323.53034425,578531.1095421627,681169.5217856169,8164038.675947065,0,235546.7731884782,202144.059606332,603169.5106371151,83832.3545775171,35894.03591951309,58754.4388380768,286669.9195931409,84817.94033490997,504108.0267166973,0,102525.7287315769,34742.81206685205,0,0,0,691494.569251729,1067322.43994723,1532.528057816362,20430.42010889874,106087.2592603631,BO,0.0,846.2490053285027,optimal,85.0566732462886,11.174136898307836,1.2252387009104122
280.0,280.0,ok,optimal,lcom,824.9744446643369,USD/ton,-18492587.2992595,-28784525.03276175,19871.24984808,6916589.403282424,138458147.3148521,3375348.33021982,0,0,0,37.26712656021118,01.01.2025 00:00:00,31.12.2025 22:00:00,1,,,1.0,1.0,0.0,38.60008341240501,134.1012257892036,20000,205479.4520547945,1642627.545232541,13776.37816161787,12540038.28734183,158707.065214659,5.461242403922771,0,193196.911281172,38419.84031159669,0.0,0.0,102635.8591181226,20000.0,20000,116934.1834738103,288,0.0,0,30857723.05319286,26320746.65976522,17237350.05768161,1999119.308959896,888145.7699019308,1050447.642360322,5734707.685855009,1681447.769209365,14082402.68162475,0,1584812.908319218,537044.2884537884,0,0,1060399.927807916,18877702.38326287,15414259.25633507,450668.4003366267,681169.5217856169,0,0,217816.0828115378,315776.8482824984,603169.5106371151,83832.3545775171,26638.28990685312,42008.31256525897,286669.9195931409,70510.91196016375,281583.7626398497,0,66458.56356535669,22520.7605227486,0,0,0,566201.7721664937,770537.0009530957,1193.819929292433,20430.42010889874,0,BO,0.0,824.9744446643369,optimal,63.78211258212286,8.37923740083524,1.0328654156279597
281.0,281.0,ok,optimal,lcom,886.5763949396953,USD/ton,-17581234.88771646,-28495071.28799178,19937.1818576,7441075.681560308,150590262.4612859,3472760.718715007,0,0,0,47.75148224830627,01.01.2025 00:00:00,31.12.2025 22:00:00,1,,,1.0,1.0,0.0,43.32404899264658,161.2195507220166,20000,205479.4520547945,2384701.589869298,20000.0,12540038.28734183,158707.065214659,3.612333133359057,0,127789.89692571,25412.76359318096,0.0,7.0,67888.38274178344,20000.0,20000,169760.4146779283,288,5.0,0,34236597.14083805,30499040.18559195,17237350.05768161,1999119.308959896,1196741.092543711,1469196.403920849,5734707.685855009,1681447.769209365,9707859.126209594,0,1201463.407807178,407138.9484285444,0,700000,803900.3873673427,18877702.38326287,15414259.25633507,578531.1095421627,681169.5217856169,8164038.675947065,0,241666.615036991,365904.9232128963,603169.5106371151,83832.3545775171,35894.03591951309,58754.4388380768,286669.9195931409,70510.91196016375,194112.8628215251,0,50382.9391091256,17073.22646227514,0,0,0,566201.7721664937,770537.0009530957,1532.528057816362,20430.42010889874,106087.2592603631,BO,0.0,886.5763949396953,optimal,125.38406285748124,16.472060683335794,1.1605024154343866
282.0,282.0,ok,optimal,lcom,794.1117130753595,USD/ton,-22521749.99314341,-34221162.65586337,23581.4157331,7765226.97880613,155446402.5946895,3934185.683913831,0,0,0,39.94334197044373,01.01.2025 00:00:00,31.12.2025 22:00:00,1,,,1.0,1.0,0.0,42.04493538501423,129.6704701441722,20000,205479.4520547945,1549587.842210655,12996.0733770097,12540038.28734183,213143.1306460027,7.0232796422788,0,248455.5406252549,49408.77228343136,0.0,0.0,131992.0059571666,26859.94229150622,26859.94229150622,110310.9402832976,288,0.0,0,33325508.01673875,25622699.03073022,17237350.05768161,1999119.308959896,847668.2778622076,996744.3896691205,5734707.685855009,2048772.2574927,17660395.08798299,0,1875748.032961151,635633.2425059404,0,0,1255064.915421048,23377796.16538186,21714624.75050635,433401.8531549988,681169.5217856169,0,0,235235.4903632289,307402.1891933359,603169.5106371151,83832.3545775171,25424.24238875759,39860.67289827477,286669.9195931409,85914.53324917777,353127.276005917,0,78658.82415947111,26655.05311673423,0,0,0,701173.7630699119,1085483.353681132,1148.080871217585,20430.42010889874,0,BO,0.0,794.1117130753595,optimal,32.91938099314541,4.324712639063985,1.0287705162834508
283.0,283.0,ok,optimal,lcom,808.1134164889153,USD/ton,-23177047.13707648,-35753963.37313461,24552.6284214,8352307.850638375,167198745.4183512,4224608.385419747,0,0,0,39.59136033058167,01.01.2025 00:00:00,31.12.2025 22:00:00,1,,,1.0,1.0,0.0,44.86657019697709,134.4326195309214,20000,205479.4520547945,2384701.589869298,20000.0,12540038.28734183,233183.8492753528,8.781536387050593,0,310655.6312283018,61778.10848290093,0.0,0.0,165035.8040900354,29385.4402713528,29385.4402713528,169760.4146779283,288,0.0,0,35331741.33916321,26372769.31514029,17237350.05768161,1999119.308959896,1196741.092543711,1469196.403920849,5734707.685855009,2175914.667011084,21593741.84602933,0,2178637.448440606,738273.1375764969,0,0,1457728.531184267,24951590.51402147,23501533.43949559,578531.1095421627,681169.5217856169,0,0,249396.9332779633,316400.9776191763,603169.5106371151,83832.3545775171,35894.03591951309,58754.4388380768,286669.9195931409,91246.20480515432,431776.2540913923,0,91360.38367242565,30959.22047622558,0,0,0,748376.8141157535,1174808.389629578,1532.528057816362,20430.42010889874,0,BO,0.0,808.1134164889153,optimal,46.9210844067012,6.164156209817598,1.1810639832992644
284.0,284.0,ok,optimal,lcom,978.8344702116758,USD/ton,-16171568.84794144,-28748884.43648861,19995.43358999999,8909443.985041369,179984454.1678741,3667871.6035058,0,0,0,44.47225689888,01.01.2025 00:00:00,31.12.2025 22:00:00,1,,,1.0,1.0,0.0,96.10243138411685,106.3371376952442,20000,205479.4520547945,2384701.589869298,20000.0,12540038.28734183,158707.065214659,4.368478275682722,0,154539.287480552,30732.24466942795,0.0,7.0,82098.99647404325,20000.0,20000,169760.4146779283,288,5.0,0,70128636.64958443,21862507.92074443,17237350.05768161,1999119.308959896,1196741.092543711,1469196.403920849,5734707.685855009,1681447.769209365,11518916.03723431,0,1364626.958919523,462430.0510872519,0,700000,913073.2852609556,18877702.38326287,15414259.25633507,578531.1095421627,681169.5217856169,8164038.675947065,0,495018.5372263105,262290.1977669585,603169.5106371151,83832.3545775171,35894.03591951309,58754.4388380768,286669.9195931409,70510.91196016375,230325.7329467817,0,57225.14437905196,19391.83911450262,0,0,0,566201.7721664937,770537.0009530957,1532.528057816362,20430.42010889874,106087.2592603631,BO,0.0,978.8344702116758,optimal,217.64213812946173,28.592266232386965,1.2085672947352524
285.0,285.0,ok,optimal,lcom,824.9519588089925,USD/ton,-20525730.39287055,-31814261.44214148,22055.54610972,7416484.358318159,148465179.0020941,3872046.690952772,0,0,0,38.43055009841919,01.01.2025 00:00:00,31.12.2025 22:00:00,1,,,1.0,1.0,0.0,35.08838165810976,135.5457322255378,20000,205479.4520547945,1617976.27000739,13569.63300465673,12540038.28734183,219735.5856742038,5.470970879073366,0,193541.0658180994,38488.28013428114,0.0,0.0,102818.6912158653,27690.71249310808,27690.71249310808,115179.3262948914,288,0.0,0,28319231.42015326,26547320.03161057,17237350.05768161,1999119.308959896,877466.7908695419,1036249.066997123,5734707.685855009,2091015.016503507,14104978.00240195,0,1586703.851827723,537685.0709749936,0,0,1061665.160031469,23899820.14083287,22304572.16909858,446125.706510322,681169.5217856169,0,0,199897.5765495751,318495.1079956786,603169.5106371151,83832.3545775171,26317.99367957345,41440.49921808596,286669.9195931409,87685.96826851586,282035.1659913203,0,66537.85960635863,22547.63150902941,0,0,0,716830.906826761,1114973.990051171,1181.786340031536,20430.42010889874,0,BO,0.0,824.9519588089925,optimal,63.75962672677838,8.376283370113073,1.0467608632515417
286.0,286.0,ok,optimal,lcom,789.4035201130446,USD/ton,-24145857.95648518,-36747127.96766952,25183.6139424,8449461.534321418,169143593.9937464,4151808.476862922,0,0,0,38.01650834083557,01.01.2025 00:00:00,31.12.2025 22:00:00,1,,,1.0,1.0,0.0,48.49221510711358,151.3596777071029,20000,205479.4520547945,1793911.763054214,15045.16766940669,12540038.28734183,219230.340930562,8.72608544071622,0,308693.998550777,61388.01107543861,0.0,0.0,163993.6867301003,27627.04239210048,27627.04239210048,127703.695122872,288,0.0,0,37891280.21200027,28997473.64474135,17237350.05768161,1999119.308959896,953002.0454703843,1137130.188769383,5734707.685855009,2087792.476877072,21470984.84052988,0,2169410.634856682,735146.4546034706,0,0,1451554.860836853,23859966.1821828,22259434.62347579,478071.2551203137,681169.5217856169,0,0,267464.0061505855,347890.2386036229,603169.5106371151,83832.3545775171,28583.53395284119,45474.82280019305,286669.9195931409,87550.83221966046,429321.674409188,0,90973.46053856297,30828.10414191204,0,0,0,715635.5610395784,1112717.628038817,1266.410051288641,20430.42010889874,0,BO,0.0,789.4035201130446,optimal,28.2111880308305,3.7061839487609936,1.0679631693156173
287.0,287.0,ok,optimal,lcom,796.8235648492555,USD/ton,-24767432.70064181,-38015660.1086417,25991.2096614,8950517.921608245,179173875.544229,4297709.486391643,0,0,0,47.310959815979,01.01.2025 00:00:00,31.12.2025 22:00:00,1,,,1.0,1.0,0.0,53.39431334527486,169.7368879982885,20000,205479.4520547945,1875890.437890603,15732.70589376693,12540038.28734183,223258.813372783,9.793570244675099,0,346457.3409756264,68897.76667128933,0.0,3.173520902807313,184055.4623933015,28134.7037790428,28134.7037790428,133539.533826588,288,0.0,0,41321869.64629551,31781397.87235983,17237350.05768161,1999119.308959896,987686.1103145082,1183793.476082157,5734707.685855009,2113419.239741586,23821076.7714088,0,2343814.434273143,794246.5312557895,0,317352.0902807313,1568248.620295676,24177037.80731075,22618985.79537533,492600.5749530974,681169.5217856169,0,0,291679.5826214982,381289.70214538,603169.5106371151,83832.3545775171,29623.81833607693,47340.92814396141,286669.9195931409,88625.48137216635,476312.7840519985,0,98287.02160858928,33306.44475883769,0,0,0,725145.5380699572,1130691.082168361,1304.898198144477,20430.42010889874,0,BO,0.0,796.8235648492555,optimal,35.63123276704141,4.680976313775187,0.7298328097549497
288.0,288.0,ok,optimal,lcom,803.7917039277713,USD/ton,-23883874.21493006,-36782163.38497218,25209.9963995,8672293.421286764,173604302.6512897,4225995.748755352,0,0,0,47.21560311317444,01.01.2025 00:00:00,31.12.2025 22:00:00,1,,,1.0,1.0,0.0,52.06980986113903,142.2821857666345,20000,205479.4520547945,2384701.589869298,20000.0,12540038.28734183,222396.0750025849,9.287537539486769,0,328555.9279968839,65337.82659028942,0.0,7.0,174545.3367483446,28025.98292669371,28025.98292669371,169760.4146779283,288,0.0,0,40398184.72636562,27597670.78232696,17237350.05768161,1999119.308959896,1196741.092543711,1469196.403920849,5734707.685855009,2107943.935478101,22710409.97576861,0,2261966.225472989,766510.6939051752,0,700000,1513483.900594511,24109266.99760865,22542050.23348028,578531.1095421627,681169.5217856169,0,0,285159.5477289561,331096.4393309856,603169.5106371151,83832.3545775171,35894.03591951309,58754.4388380768,286669.9195931409,88395.87644244602,454104.5187136133,0,94854.74619065081,32143.35232065261,0,0,0,723112.8779625221,1126845.182333448,1532.528057816362,20430.42010889874,0,BO,0.0,803.7917039277713,optimal,42.59937184555724,5.5964005482068115,0.5943341575413232
289.0,289.0,ok,optimal,lcom,1459.935204595763,USD/ton,-8986638.086236482,-30152584.15917606,21010.00723794,15352140.56023892,307323279.6324604,5813805.512700649,0,0,0,60.34831094741821,01.01.2025 00:00:00,31.12.2025 22:00:00,1,,,1.0,1.0,69.05603683028713,113.096684061587,32.16084544102875,20000,205479.4520547945,2384701.589869298,20000.0,12540038.28734183,277737.3641256533,6.038275173071665,0,213610.0225225833,42479.26584255917,10.0,6.999999999999999,113480.3244651224,35000.0,35000,169760.4146779283,288,0.0,89126865.91222417,81196880.18614757,7311525.067993444,17237350.05768161,1999119.308959896,1196741.092543711,1469196.403920849,5734707.685855009,2446351.58969062,15414734.92452446,0,1695135.305727526,574429.1514276117,23091836.73469388,699999.9999999999,1134216.756048819,28323813.11812014,27410675.70557325,578531.1095421627,681169.5217856169,0,1336931.992688685,573146.1893081726,87718.26924039258,603169.5106371151,83832.3545775171,35894.03591951309,58754.4388380768,286669.9195931409,102586.8806174044,308224.3249447196,0,71084.89391788922,24088.48140594294,0,0,0,849520.394823617,1370220.878021748,1532.528057816362,20430.42010889874,0,BO,0.0,1459.935204595763,optimal,698.742872513549,91.79583701298765,1.8040592771572956
290.0,290.0,ok,optimal,lcom,917.2626240919076,USD/ton,-22512592.06431585,-38425948.00768147,26252.8943885,10917320.85824845,218701089.3422023,4996035.085117177,0,0,0,36.80951905250549,01.01.2025 00:00:00,31.12.2025 22:00:00,1,,,1.0,1.0,19.63103387239243,52.86625745700746,181.785163493464,20000,205479.4520547945,1761250.615036858,14771.24536268196,12540038.28734183,235509.3772109968,12.59847095643192,0,445683.5085547357,88630.24317849858,0.0,0.0,236769.3639197034,29678.49942817089,29678.49942817089,125378.6369039158,288,0.173381245266206,28732671.32865594,40953890.8122252,33573665.18078295,17237350.05768161,1999119.308959896,939095.7971385352,1118480.100043514,5734707.685855009,2190430.022199935,29881370.03254897,0,2774633.836347202,940237.959029008,0,0,1856510.320121233,25131753.63671555,23707664.28276341,472221.8577904653,681169.5217856169,776117.6015582159,430999.4202255508,289082.1223987661,402791.9995250645,603169.5106371151,83832.3545775171,28166.44175116196,44728.98957160326,286669.9195931409,91854.90104332108,597490.981959906,0,116353.2794410632,39428.54316662611,0,0,0,753780.4738025847,1185112.578701151,1250.91500636979,20430.42010889874,20892.23360733714,BO,0.0,917.2626240919076,optimal,156.0702920096935,20.50339781836331,1.2117161960913707
291.0,291.0,ok,optimal,lcom,1183.148543782213,USD/ton,-17182623.98579164,-38910755.87009779,26559.580864,15500651.13697882,311929012.0438361,6227480.747327327,0,0,0,51.73013186454773,01.01.2025 00:00:00,31.12.2025 22:00:00,1,,,1.0,1.0,70.0,48.97675568624538,169.3008604665666,20000,205479.4520547945,1878716.164741888,15756.40468160092,12540038.28734183,277737.3641256533,12.00353059639329,0,424636.8983780092,84444.83774562684,10.0,0.0,225588.3522633174,35000.0,35000,133740.6896290912,288,5.0,90222609.88614184,38231863.77138034,31716067.92275557,17237350.05768161,1999119.308959896,988876.163187729,1185398.230084847,5734707.685855009,2446351.58969062,28608333.09732712,0,2686146.892553663,910252.4588367802,23091836.73469388,0,1797303.616088184,28323813.11812014,27410675.70557325,493097.6071728237,681169.5217856169,8164038.675947065,1353368.508878641,269868.0907502916,380505.9217362921,603169.5106371151,83832.3545775171,29659.51177122647,47405.10364878132,286669.9195931409,102586.8806174044,572036.0551052005,0,112642.6110410664,38171.11192026048,0,0,0,849520.394823617,1370220.878021748,1306.214835763105,20430.42010889874,106087.2592603631,BO,0.0,1183.148543782213,optimal,421.9562116999989,55.433586744857635,2.184525258862696
292.0,292.0,ok,optimal,lcom,954.1356877137766,USD/ton,-15568986.19610074,-26638183.98230429,18795.75641193,7201660.616286833,145797587.27931,3867537.169916725,0,0,0,52.30154538154602,01.01.2025 00:00:00,31.12.2025 22:00:00,1,,,1.0,1.0,0.0,15.7831304593238,81.3266079180482,20000,205479.4520547945,2384701.589869298,20000.0,12540038.28734183,180280.1506269352,14.11024279454,0,499163.9490996471,99265.5580595889,0.0,7.0,265180.8479591875,22718.60428936765,22718.60428936765,169760.4146779283,288,5.0,0,13797750.57281993,15357910.58017438,17237350.05768161,1999119.308959896,1196741.092543711,1469196.403920849,5734707.685855009,1831340.027426008,33089902.56945698,0,2993510.818556746,1014408.627725985,0,700000,2002961.13139079,20705183.42516704,17243765.67035616,578531.1095421627,681169.5217856169,8164038.675947065,0,97394.482937111,184252.8504947497,603169.5106371151,83832.3545775171,35894.03591951309,58754.4388380768,286669.9195931409,76796.59030008242,661646.984647844,0,125531.8075555228,42538.86368105884,0,0,0,621013.686430181,861991.436877734,1532.528057816362,20430.42010889874,106087.2592603631,BO,0.0,954.1356877137766,optimal,192.94335563156255,25.347516980862512,1.187143259349811
293.0,293.0,ok,optimal,lcom,806.6195789186606,USD/ton,-24026769.34176442,-37118832.38767171,25420.9214774,8819035.202649051,176541819.1057811,4273027.843258238,0,0,0,37.43042826652527,01.01.2025 00:00:00,31.12.2025 22:00:00,1,,,1.0,1.0,0.0,55.54727771034666,147.0776162041031,20000,205479.4520547945,1568684.055102906,13156.22937282382,12540038.28734183,228329.437769585,9.441453684186241,0,334000.8655317725,66420.6266682502,0.0,0.0,177437.9598137541,28773.69541938896,28773.69541938896,111670.3476964256,288,0.0,0,42818451.7494223,28339310.05690495,17237350.05768161,1999119.308959896,856014.9635565345,1007792.573116897,5734707.685855009,2145459.716202107,23048858.97566156,0,2287013.703365993,774998.5127966027,0,0,1530243.19351173,24573908.0331105,23070447.97385827,436973.0799915813,681169.5217856169,0,0,302243.5393576125,339994.0787374979,603169.5106371151,83832.3545775171,25674.58579050729,40302.49933953331,286669.9195931409,89969.08731475935,460871.9535758406,0,95905.103234669,32499.28597589108,0,0,0,737048.926554732,1153259.037414672,1157.541045852309,20430.42010889874,0,BO,0.0,806.6195789186606,optimal,45.42724683644656,5.967906522676334,1.088238427329338
294.0,294.0,ok,optimal,lcom,1300.93153052701,USD/ton,-9106815.31636677,-22928657.6117193,16448.32328942,9684847.804426644,195506696.4166326,4136994.490925885,0,0,0,56.56009268760681,01.01.2025 00:00:00,31.12.2025 22:00:00,1,,,1.0,1.0,0.0,84.0147356921317,0.0,20000,205479.4520547945,1487769.460365307,12477.61536861179,12540038.28734183,241924.7850810419,7.023041674829416,0,248447.1222887655,49407.09818242495,10.0,7.0,131987.5337159066,30486.95844180937,30486.95844180937,105910.2579583615,288,5.0,0,62137585.96969415,0,17237350.05768161,1999119.308959896,820505.4732404687,960884.7375911885,5734707.685855009,2230230.395443963,17659856.54390425,0,1875705.450640563,635618.8126688658,23091836.73469388,700000,1255036.42354706,25626253.01102849,24275057.61919233,421739.9947581781,681169.5217856169,8164038.675947065,0,438611.9334842993,0,603169.5106371151,83832.3545775171,24609.54429671241,38426.61430056459,286669.9195931409,93523.91548740987,353116.5075829806,0,78657.03848505826,26654.44800666766,0,0,0,768612.068049957,1213475.768429715,1117.188625485886,20430.42010889874,106087.2592603631,BO,0.0,1300.93153052701,optimal,539.7391984447959,70.90707245675463,1.639863246498125
295.0,295.0,ok,optimal,lcom,1345.022547244378,USD/ton,-11791708.98829177,-32858819.46719857,22731.3495865,15194567.2568075,304168934.8553884,5872543.222099296,0,0,0,37.10017395019531,01.01.2025 00:00:00,31.12.2025 22:00:00,1,,,1.0,1.0,55.62372050294362,150.0,106.6488921810519,20000,205479.4520547945,1489498.283233433,12492.11464915465,12540038.28734183,277737.3641256533,5.794166978874165,0,204974.4510446524,40761.96469637975,0.0,0.0,108892.6771174716,35000.0,35000,106033.3281522359,288,0.0,73360313.83592482,104692746.0323931,21913769.32721592,17237350.05768161,1999119.308959896,821268.1418693914,961889.5926901335,5734707.685855009,2446351.58969062,14852732.39845281,0,1648909.045505574,558764.4954303895,0,0,1103286.718348549,28323813.11812014,27410675.70557325,422068.2798915746,681169.5217856169,0,1100428.580732563,738996.9700696861,262905.1942024069,603169.5106371151,83832.3545775171,24632.41913182236,38466.79932776349,286669.9195931409,102586.8806174044,296986.8401573512,0,69146.4121972882,23431.58964865347,0,0,0,849520.394823617,1370220.878021748,1118.058252321152,20430.42010889874,0,BO,0.0,1345.022547244378,optimal,583.830215162164,76.69943463107643,1.683075493845161
296.0,296.0,ok,optimal,lcom,1031.045622198956,USD/ton,-18143133.453999,-34298405.05140299,23641.9766608,11723805.04805651,236323091.0219291,4431466.549347476,0,0,0,48.51988458633423,01.01.2025 00:00:00,31.12.2025 22:00:00,1,,,1.0,1.0,0.0,138.3025135166436,200.0,20000,205479.4520547945,1758731.173639203,14750.11532772615,12540038.28734183,195410.8091030301,6.583712577532912,0,232905.4161428043,46316.41798294404,0.0,6.999999999999999,123731.0023258648,24625.34466738799,24625.34466738799,125199.2847291029,288,5.0,0,97315389.19588606,39300154.27983114,17237350.05768161,1999119.308959896,938020.9538636841,1117040.025570526,5734707.685855009,1932944.734776773,16662425.74021349,0,1796255.884998789,608695.8016155922,0,699999.9999999999,1201876.638421221,21951013.07681457,18511120.277807,471769.1619011608,681169.5217856169,8164038.675947065,0,686922.2604463977,471494.1797024125,603169.5106371151,83832.3545775171,28134.20381485666,44671.39974404879,286669.9195931409,81057.34743208461,333172.4451224879,0,75325.34931170111,25525.4411490996,0,0,0,658380.0428998012,925344.6997319261,1249.715815625205,20430.42010889874,106087.2592603631,BO,0.0,1031.045622198956,optimal,269.85329011674185,35.45139365481624,1.2901229401801546
297.0,297.0,ok,optimal,lcom,832.5868471031115,USD/ton,-22347223.55381475,-35132775.38735121,24169.8419157,8596227.694234723,173714406.1998196,4189324.13930173,0,0,0,73.16626143455505,01.01.2025 00:00:00,31.12.2025 22:00:00,1,,,1.0,1.0,0.0,33.88123713674283,95.05994849448574,20000,205479.4520547945,1563470.280694814,13112.50252305577,12540038.28734183,203974.7953568079,13.77490059054752,0,487300.8832912092,96906.42565450183,3.569497743709621,7.0,258878.5942484549,25704.56395005756,25704.56395005756,111299.1932889665,288,5.0,0,27440864.66191153,17399792.43423881,17237350.05768161,1999119.308959896,853738.1230447511,1004777.466517654,5734707.685855009,1989299.372808122,32381284.80249417,0,2945655.833479301,998192.0470337317,8242625.912260072,700000,1970941.312234224,22644347.59419435,20890501.91863883,435999.4707349053,681169.5217856169,8164038.675947065,0,193697.429953461,208749.8385466624,603169.5106371151,83832.3545775171,25606.29616995182,40181.92261078372,286669.9195931409,83420.55906050398,647477.864391455,0,123525.0258395273,41858.8271587088,0,0,0,679175.3295546373,1044286.61988264,1154.961956364128,20430.42010889874,106087.2592603631,BO,0.0,832.5868471031115,optimal,71.39451502089742,9.379300343922317,1.1368247597897043
298.0,298.0,ok,optimal,lcom,1193.304591349788,USD/ton,-14611354.58839508,-33077273.35130645,22869.449656,13476356.92623995,271406145.9754712,4989561.836671419,0,0,0,64.46540093421936,01.01.2025 00:00:00,31.12.2025 22:00:00,1,,,1.0,1.0,0.0,150.0,158.1233406299578,20000,205479.4520547945,1744426.880861121,14630.14817679331,12540038.28734183,277737.3641256533,5.876451107776966,0,207885.334388718,41340.83354321096,10.0,6.999999999999999,110439.0838940064,35000.0,35000,124181.0010645985,288,5.0,0,104692746.0323931,30029547.75212198,17237350.05768161,1999119.308959896,931912.6069993408,1108859.988370249,5734707.685855009,2446351.58969062,15042432.27371429,0,1664561.559812026,564068.6504912771,23091836.73469388,699999.9999999999,1113759.831580683,28323813.11812014,27410675.70557325,469194.8816812375,681169.5217856169,8164038.675947065,0,738996.9700696861,360272.3002918964,603169.5106371151,83832.3545775171,27950.99524691858,44344.27295957377,286669.9195931409,102586.8806174044,300779.9716176621,0,69802.79479710956,23654.01749765955,0,0,0,849520.394823617,1370220.878021748,1242.896551110914,20430.42010889874,106087.2592603631,BO,0.0,1193.304591349788,optimal,432.112259267574,56.76781557764075,1.8013830362073124
299.0,299.0,ok,optimal,lcom,857.0944873057534,USD/ton,-18506941.77198978,-29245303.78582224,20445.5665518,7161011.128162624,144141301.4820085,3577350.885669843,0,0,0,45.66617584228516,01.01.2025 00:00:00,31.12.2025 22:00:00,1,,,1.0,1.0,0.0,33.10559694990364,164.8832286071262,20000,205479.4520547945,1980350.296006164,16608.78916187332,12540038.28734183,186234.9476781849,3.831203854977745,0,135532.6675736927,26952.51911976844,0.0,2.657627814510905,72001.72964852426,23469.01789486096,23469.01789486096,140975.7467708949,288,1.773085857292525,0,26874830.82754567,31052258.52504533,17237350.05768161,1999119.308959896,1031446.210857406,1242959.664226622,5734707.685855009,1871651.032094123,10235667.86932453,0,1249762.101726354,423505.8883827251,0,265762.7814510905,836217.0925609089,21198796.32581637,17744010.63952092,510814.3175468027,681169.5217856169,3951271.63162747,0,189701.9545799918,372542.0276196534,603169.5106371151,83832.3545775171,30936.32162564782,49707.03533925467,286669.9195931409,78487.0178906556,204666.6280560927,0,52408.32759700425,17759.56824659899,0,0,0,635818.6925393827,886997.9747769636,1353.146375472034,20430.42010889874,62869.98610645365,BO,0.0,857.0944873057534,optimal,95.90215522353935,12.598938688885958,0.8043915084216637
300.0,300.0,ok,optimal,lcom,1003.634742631857,USD/ton,-17926259.6374543,-32842409.71672421,22716.7356966,10375467.25682015,209331702.3990063,4540682.822449759,0,0,0,46.39155626296997,01.01.2025 00:00:00,31.12.2025 22:00:00,1,,,1.0,1.0,36.93057467477278,54.38374227611294,63.73010834105754,20000,205479.4520547945,1579521.430356337,13247.12020209546,12540038.28734183,186639.3752698661,8.883360215554308,0,314257.7509854492,62494.43911642456,0.0,7.0,166949.4302110199,23519.9831863096,23519.9831863096,112441.8309398043,288,5.0,50742821.14676887,42010382.74769815,12636352.52545552,17237350.05768161,1999119.308959896,860742.7805774249,1014056.58578321,5734707.685855009,1874373.255632191,21818957.48059319,0,2195530.62192281,743997.7138244897,0,700000,1469031.77073194,21232161.94793747,17777915.15268359,438993.419168293,681169.5217856169,8164038.675947065,761158.8301243149,296539.6050688261,151601.6101615609,603169.5106371151,83832.3545775171,25816.38791882564,40553.00264059073,286669.9195931409,78601.17336294771,436279.5385961425,0,92068.79287189282,31199.27853763135,0,0,0,636819.4326713573,888692.8133972753,1162.892921358306,20430.42010889874,106087.2592603631,BO,0.0,1003.634742631857,optimal,242.4424105496429,31.850348503439392,1.1762338497043088
301.0,301.0,ok,optimal,lcom,852.1545821888111,USD/ton,-21800746.53842682,-34836749.19358855,23980.7509767,8782022.013685782,175800879.1321524,4253980.641475953,0,0,0,44.43297576904297,01.01.2025 00:00:00,31.12.2025 22:00:00,1,,,1.0,1.0,0.0,62.87639760651329,110.3586364111335,20000,205479.4520547945,2384701.589869298,20000.0,12540038.28734183,234246.8747337256,8.402056669925875,0,297231.1567552978,59108.46867292854,0.0,7.0,157904.0520262519,29519.40096893549,29519.40096893549,169760.4146779283,288,0.0,0,47871093.11834732,22521487.29669768,17237350.05768161,1999119.308959896,1196741.092543711,1469196.403920849,5734707.685855009,2182555.701315773,20752073.46311454,0,2115100.861987516,716742.5451113769,0,700000,1415216.136608006,25034006.15732696,23595788.67135439,578531.1095421627,681169.5217856169,0,0,337908.7292011289,270196.1448554497,603169.5106371151,83832.3545775171,35894.03591951309,58754.4388380768,286669.9195931409,91524.69420801134,414946.7289376066,0,88695.99960074571,30056.34276717126,0,0,0,750848.7189242105,1179520.075249552,1532.528057816362,20430.42010889874,0,BO,0.0,852.1545821888111,optimal,90.96225010659703,11.949969314295782,0.6528830831483001
302.0,302.0,ok,optimal,lcom,801.5250602919791,USD/ton,-23599630.71095137,-36276051.31624885,24862.8590692,8613694.471919969,172431253.1190922,4062726.133377515,0,0,0,37.37804627418518,01.01.2025 00:00:00,31.12.2025 22:00:00,1,,,1.0,1.0,0.0,52.2053253175327,190.1506209215527,20000,205479.4520547945,1726045.537487067,14475.98764406971,12540038.28734183,199360.9517650501,8.125351160250574,0,287442.4226450243,57161.84541236279,0.0,0.0,152703.7870301692,25123.1350659033,25123.1350659033,122872.483266492,288,0.0,0,40492797.70961474,34804083.7677055,17237350.05768161,1999119.308959896,924048.5079891254,1098338.593012463,5734707.685855009,1959037.514233972,20135961.66722809,0,2068173.453206278,700840.2914601063,0,0,1383816.95969405,22271830.72543305,20474100.73432522,465876.6209074255,681169.5217856169,0,0,285827.3944575987,417553.6515583079,603169.5106371151,83832.3545775171,27715.12614030398,43923.51323106472,286669.9195931409,82151.53882404657,402627.3057812957,0,86728.1154656064,29389.48743707666,0,0,0,668002.3749772009,1023471.314105137,1234.106483204207,20430.42010889874,0,BO,0.0,801.5250602919791,optimal,40.33272820976504,5.2986251318948945,1.0799255857244432
303.0,303.0,ok,optimal,lcom,807.9046194957997,USD/ton,-21996451.63943608,-33754465.31387112,23297.8820141,7859231.717908405,158438340.6924735,3898781.956526628,0,0,0,40.4378833770752,01.01.2025 00:00:00,31.12.2025 22:00:00,1,,,1.0,1.0,0.0,45.33003508459226,116.7709801878368,20000,205479.4520547945,1535226.480266909,12875.62759876428,12540038.28734183,199419.7868549098,6.87480898111544,0,243203.2425159399,48364.28118214713,0.0,0.0,129201.7225865931,25130.54936592581,25130.54936592581,109288.5940202401,288,2.881340471175991,0,35660046.7159575,23562422.95727146,17237350.05768161,1999119.308959896,841377.5752423634,988426.6059039432,5734707.685855009,1959424.854576666,17324033.8030079,0,1849087.027732113,626598.648890801,0,0,1237226.009723251,22276595.83208249,20479417.85040082,430706.5268624327,681169.5217856169,5550629.710539591,0,251714.3496024286,282684.520903813,603169.5106371151,83832.3545775171,25235.5643971665,39528.03750916324,286669.9195931409,82167.78180304507,346401.5859109132,0,77540.80442261179,26276.19065864403,0,0,0,668145.2955389672,1023737.109211245,1140.940955834994,20430.42010889874,80107.57069612389,BO,0.0,807.9046194957997,optimal,46.712287413585614,6.136725955423886,1.162307391135361
304.0,304.0,ok,optimal,lcom,815.0050043317689,USD/ton,-22684459.44604985,-35147549.09277714,24170.5613566,8296836.89522275,166088312.9105335,4166252.75150454,0,0,0,46.0608811378479,01.01.2025 00:00:00,31.12.2025 22:00:00,1,,,1.0,1.0,0.0,43.59968171701028,118.3118763056434,20000,205479.4520547945,2384701.589869298,20000.0,12540038.28734183,216798.5700044058,10.56947903524646,0,373905.8903508786,74356.28501295882,0.0,7.0,198637.5042489043,27320.594670587,27320.594670587,169760.4146779283,288,0.0,0,34432570.47843689,23810838.01010017,17237350.05768161,1999119.308959896,1196741.092543711,1469196.403920849,5734707.685855009,2072247.782300419,25513067.25375516,0,2466656.21960301,835873.8292469686,0,700000,1650442.183719977,23667792.08532839,22042009.88775365,578531.1095421627,681169.5217856169,0,0,243049.9363098438,285664.8209485717,603169.5106371151,83832.3545775171,35894.03591951309,58754.4388380768,286669.9195931409,86898.97100171885,510144.8691827251,0,103438.3480244531,35052.07064002441,0,0,0,709871.6543948835,1101848.873270241,1532.528057816362,20430.42010889874,0,BO,0.0,815.0050043317689,optimal,53.812672249554794,7.069523690859072,0.5690119877041456
305.0,305.0,ok,optimal,lcom,829.3633246299346,USD/ton,-24310770.61275418,-38376309.69619545,26221.130848,9564827.690663587,191471293.7573807,4500711.392777685,0,0,0,36.11631965637207,01.01.2025 00:00:00,31.12.2025 22:00:00,1,,,1.0,1.0,0.0,58.50469269893625,200.0,20000,205479.4520547945,1837239.214605234,15408.54606220085,12540038.28734183,239605.2688968278,9.306811595066753,0,329237.7669870815,65473.41957129462,0.0,0.0,174907.5637118871,30194.6568758927,30194.6568758927,130788.0584551588,288,0.0,0,44864836.60054033,39300154.27983114,17237350.05768161,1999119.308959896,971371.8998764654,1161818.681525544,5734707.685855009,2215881.085686747,22752822.58360091,0,2265110.242175524,767576.104341976,0,0,1515587.565365851,25447885.94742802,24070125.2098998,485776.9828262819,681169.5217856169,0,0,316688.400743757,471494.1797024125,603169.5106371151,83832.3545775171,29134.50376410303,46462.13704475221,286669.9195931409,92922.18230514403,454952.5772421747,0,94986.5894087235,32188.02992699064,0,0,0,763262.2778341594,1203231.487376154,1286.822512642076,20430.42010889874,0,BO,0.0,829.3633246299346,optimal,68.17099254772052,8.955817035261145,1.1975900112160573
306.0,306.0,ok,optimal,lcom,1234.570664659819,USD/ton,-13697927.51606451,-33102937.58700516,22595.63649680001,13932126.98047479,280529873.5283887,5472883.090465862,0,0,0,36.02518630027771,01.01.2025 00:00:00,31.12.2025 22:00:00,1,,,1.0,1.0,70.0,63.20379974902839,200.0,20000,205479.4520547945,2314576.296285747,19411.87363751123,12540038.28734183,179345.3007876655,8.916668092422992,0,315436.0504375558,62728.76003019576,0.0,0.0,167575.4017949515,22600.79606980222,22600.79606980222,164768.3859189725,288,5.0,90222609.88614184,48095376.37312285,39300154.27983114,17237350.05768161,1999119.308959896,1168503.914480024,1430255.315915918,5734707.685855009,1824971.925269984,21892572.23515842,0,2201042.703803091,745865.5886226792,0,0,1472719.910320682,20627286.32963143,17165053.10002359,567076.7158379003,681169.5217856169,8164038.675947065,1353368.508878641,339491.8823038778,471494.1797024125,603169.5106371151,83832.3545775171,35047.11398293168,57197.15094425402,286669.9195931409,76529.54620944863,437751.4976108734,0,92299.94005784465,31277.60720050125,0,0,0,618677.3071058631,858056.7069064294,1502.185385749946,20430.42010889874,106087.2592603631,BO,0.0,1234.570664659819,optimal,473.37833257760485,62.18905690795591,1.8425874010486223
307.0,307.0,ok,optimal,lcom,1129.438857068534,USD/ton,-14881309.06853121,-31043940.82219321,21583.241803,11375110.72124736,229342834.1851878,4787521.032414637,0,0,0,49.45089602470398,01.01.2025 00:00:00,31.12.2025 22:00:00,1,,,1.0,1.0,39.47840188998182,26.42368250244382,151.5812434947344,20000,205479.4520547945,2169324.866232753,18193.67987549042,12540038.28734183,225014.6893867374,4.766508761704813,0,168620.0139540695,33532.38913859336,10.0,0.0,89579.3824130994,28355.97634955874,28355.97634955874,154428.3320090366,288,5.0,53882874.65491924,21939587.92348903,29031426.71991916,17237350.05768161,1999119.308959896,1109462.547616977,1349215.601806177,5734707.685855009,2124541.260693471,12459333.37661445,0,1446728.346917298,490251.6830709892,23091836.73469388,0,968007.4074205881,24314745.43380795,22775457.80055119,542979.4434382465,681169.5217856169,8164038.675947065,808260.6545947836,154865.4478412411,348297.5824836329,603169.5106371151,83832.3545775171,33276.277369964,53956.3024685777,286669.9195931409,89091.87935045513,249129.7864070585,0,60668.036776263,20558.52932000083,0,0,0,729275.8236619522,1138512.896217049,1438.351746624578,20430.42010889874,106087.2592603631,BO,0.0,1129.438857068534,optimal,368.24652498631986,48.377592556534935,1.894201459618198
308.0,308.0,ok,optimal,lcom,781.5926314484559,USD/ton,-23460956.38959155,-35372410.82140985,24312.41015806,7974739.925806567,159640489.1290714,3936714.506011736,0,0,0,38.3652241230011,01.01.2025 00:00:00,31.12.2025 22:00:00,1,,,1.0,1.0,0.0,41.47479843791192,162.8006539064714,20000,205479.4520547945,1733822.229985331,14541.20915883953,12540038.28734183,199469.4834587924,7.668807281753045,0,271291.7263992958,53950.05922713268,0.0,0.0,144123.7296496259,25136.81204916746,25136.81204916746,123426.0848361544,288,0.0,0,32918520.94486694,30738093.1874812,17237350.05768161,1999119.308959896,927377.6480824352,1102791.296188435,5734707.685855009,1959752.002390744,19114788.27850159,0,1989575.242137829,674205.7782532685,0,0,1331226.816778564,22280620.50337076,20483908.9454837,467281.9112538131,681169.5217856169,0,0,232362.6818414452,368772.9042958361,603169.5106371151,83832.3545775171,27814.97754077386,44101.58069414763,286669.9195931409,82181.5006298435,382208.5000131227,0,83432.1275423659,28272.57863371119,0,0,0,668266.0081113736,1023961.61269718,1237.829095263776,20430.42010889874,0,BO,0.0,781.5926314484559,optimal,20.400299366241825,2.6800453060841463,1.036670551360509
309.0,309.0,ok,optimal,lcom,786.4761466138693,USD/ton,-23712456.6078502,-35945806.49415638,24671.92579768,8256825.330404566,165287350.6424445,3976524.555901619,0,0,0,37.86803483963013,01.01.2025 00:00:00,31.12.2025 22:00:00,1,,,1.0,1.0,0.0,49.48991863788289,160.2733465795062,20000,205479.4520547945,1623170.459960032,13613.19560363941,12540038.28734183,198927.1580188325,7.894305169737237,0,279268.9396846245,55536.43686910147,0.0,0.0,148361.6242074568,25068.46910057518,25068.46910057518,115549.0865382788,288,0.0,0,38592198.85670512,30355755.85069581,17237350.05768161,1999119.308959896,879719.6139700713,1039242.590743624,5734707.685855009,1956180.471149588,19619908.16169171,0,2028584.235689244,687424.7248400529,0,0,1357327.774013731,22236685.43398386,20434891.58336852,447084.7713109871,681169.5217856169,0,0,272411.5958770214,364185.9037539642,603169.5106371151,83832.3545775171,26385.56294229413,41560.21282982958,286669.9195931409,82031.72974220749,392308.5916316126,0,85067.95576155095,28826.91043994097,0,0,0,666948.2569548994,1021511.304150349,1184.326901277147,20430.42010889874,0,BO,0.0,786.4761466138693,optimal,25.283814531655253,3.321606572479822,1.0337259883503656
310.0,310.0,ok,optimal,lcom,778.8028544390945,USD/ton,-22268813.91943556,-33408638.70737787,23024.28350281001,7468588.658728126,149508216.9043406,3671236.129214181,0,0,0,37.25326800346375,01.01.2025 00:00:00,31.12.2025 22:00:00,1,,,1.0,1.0,0.0,38.65895121980091,152.5544741392632,20000,205479.4520547945,1618904.182199477,13577.4152126783,12540038.28734183,185524.003105481,6.755585782932418,0,238985.6026570172,47525.54598292957,0.0,0.0,126961.1014115404,23379.42584402915,23379.42584402915,115245.3818379341,288,0.0,0,30900073.97857863,29180448.74504498,17237350.05768161,1999119.308959896,877869.3507656262,1036783.913233749,5734707.685855009,1866860.892452128,17053407.19585413,0,1827540.224669253,619297.1008919147,0,0,1222809.021893072,21140094.44140198,17684388.35289026,446297.1123827497,681169.5217856169,0,0,218115.0262123542,350085.4385056218,603169.5106371151,83832.3545775171,26330.06771919642,41461.88818311047,286669.9195931409,78286.14509474803,340990.2892710118,0,76637.2469279281,25970.00284981041,0,0,0,634058.0380746524,884017.5410651407,1182.240393935357,20430.42010889874,0,BO,0.0,778.8028544390945,optimal,17.610522356880438,2.3135443717236996,1.0149724440324912
311.0,311.0,ok,optimal,lcom,768.237058837847,USD/ton,-23320287.94503813,-34730493.79613569,23904.6061766,7640972.511795478,152959043.2482283,3769233.339302088,0,0,0,38.02771782875061,01.01.2025 00:00:00,31.12.2025 22:00:00,1,,,1.0,1.0,0.0,39.2214268285308,151.9753655820682,20000,205479.4520547945,1685318.928132689,14134.42197793023,12540038.28734183,194448.7976373078,7.334396009084999,0,259461.593217391,51597.47592391298,0.0,0.0,137838.971396739,24504.11358490013,24504.11358490013,119973.266810313,288,0.0,0,31304408.918442,29091798.06582046,17237350.05768161,1999119.308959896,906564.3765160829,1074986.742264918,5734707.685855009,1926563.873393044,18362946.55209681,0,1931020.320553881,654363.3185960779,0,0,1292047.65922976,21872612.59388493,18430901.59253444,458482.6606137321,681169.5217856169,0,0,220969.1140720794,349021.8732335008,603169.5106371151,83832.3545775171,27190.72195043786,42989.65246007385,286669.9195931409,80789.76828779178,367175.0979000772,0,80976.64780862343,27440.49217132934,0,0,0,656028.565401521,921334.6812067145,1214.519893267094,20430.42010889874,0,BO,0.0,768.237058837847,optimal,7.044726755632951,0.9254857752392691,1.0193783731248354
312.0,312.0,ok,optimal,lcom,907.6151692538184,USD/ton,-22482554.02354624,-38024736.13904577,25986.32126890001,10695443.78966308,214104270.9755344,4846738.325836445,0,0,0,47.08671808242798,01.01.2025 00:00:00,31.12.2025 22:00:00,1,,,1.0,1.0,0.0,86.57826443701282,200.0,20000,205479.4520547945,1392634.877460542,11679.74125883709,12540038.28734183,277737.3641256533,9.347358345302414,0,330672.1488234182,65758.6659592025,0.0,7.0,175669.5790624409,35000.0,35000,99137.88597155463,288,0.0,0,63841406.4570534,36238983.18388478,17237350.05768161,1999119.308959896,778256.5503771439,905404.7328005233,5734707.685855009,2446351.58969062,22842017.16178106,0,2271717.291859035,769815.0300078598,0,700000,1520008.349024692,28323813.11812014,27410675.70557325,403475.2310797415,681169.5217856169,0,0,450638.7283236624,434768.513321182,603169.5106371151,83832.3545775171,23342.36598699667,36207.92077564839,286669.9195931409,102586.8806174044,456736.0616019716,0,95263.65367862322,32281.91847553992,0,0,0,849520.394823617,1370220.878021748,1068.805293379958,20430.42010889874,0,BO,0.0,907.6151692538184,optimal,146.42283717160433,19.235984257890507,0.9515339641458265
313.0,313.0,ok,optimal,lcom,1048.803237002917,USD/ton,-16414973.54761228,-31369663.27063591,21789.36841229999,10515205.53599219,212129020.862633,4439484.187031445,0,0,0,36.94123506546021,01.01.2025 00:00:00,31.12.2025 22:00:00,1,,,1.0,1.0,0.0,114.2241986803735,140.2212540826108,20000,205479.4520547945,1666725.128235874,13978.47961620409,12540038.28734183,234208.9577287653,4.956107646012379,0,175327.2640853339,34866.21728969709,0.0,0.0,93142.60904533365,29514.62273112874,29514.62273112874,118649.6248106888,288,5.0,0,81925059.62360847,27277407.04634087,17237350.05768161,1999119.308959896,898553.948896778,1064306.720085629,5734707.685855009,2182318.993848361,12904497.8007003,0,1485036.114797753,503233.0058729536,0,0,993639.1738465683,25031068.24894768,23592427.57000514,455087.3654532746,681169.5217856169,8164038.675947065,0,578286.2053870722,327254.1519340457,603169.5106371151,83832.3545775171,26950.46398780131,42562.54910735141,286669.9195931409,91514.76796486501,258031.0425606733,0,62274.45934725922,21102.8964576409,0,0,0,750760.6017954923,1179352.058550826,1205.525761383526,20430.42010889874,106087.2592603631,BO,0.0,1048.803237002917,optimal,287.610904920703,37.784261979354646,1.573535421005531
314.0,314.0,ok,optimal,lcom,983.8777719420173,USD/ton,-19951773.13514503,-36116342.11015252,24791.9315716,11273710.3731721,225680167.0043995,4890858.601835396,0,0,0,45.04349207878113,01.01.2025 00:00:00,31.12.2025 22:00:00,1,,,1.0,1.0,0.0,122.760750507671,113.8219887404301,20000,205479.4520547945,2384701.589869298,20000.0,12540038.28734183,277737.3641256533,9.346714141063613,0,330649.3594542664,65754.13398238253,0.0,7.0,175657.4722100791,35000.0,35000,169760.4146779283,288,0.0,0,87415418.17661752,23085162.84922281,17237350.05768161,1999119.308959896,1196741.092543711,1469196.403920849,5734707.685855009,2446351.58969062,22840600.3467839,0,2271612.393496,769779.4831830956,0,700000,1519938.161423363,28323813.11812014,27410675.70557325,578531.1095421627,681169.5217856169,0,0,617041.1190657571,276958.707169169,603169.5106371151,83832.3545775171,35894.03591951309,58754.4388380768,286669.9195931409,102586.8806174044,456707.7317702743,0,95259.25480321585,32280.4278321329,0,0,0,849520.394823617,1370220.878021748,1532.528057816362,20430.42010889874,0,BO,0.0,983.8777719420173,optimal,222.68543985980318,29.254819113936055,1.0852113708473927
315.0,315.0,ok,optimal,lcom,778.0961592932637,USD/ton,-23955723.60498775,-36175787.46257985,24754.09664509999,8292420.989706064,165999914.1259725,3927642.867886037,0,0,0,48.91578793525696,01.01.2025 00:00:00,31.12.2025 22:00:00,1,,,1.0,1.0,0.0,49.71410722642064,158.373438553369,20000,205479.4520547945,1665267.036360711,13966.25090061672,12540038.28734183,198058.7104079367,8.623699854226443,0,305072.0060431147,60667.72847448304,0.0,7.0,162069.5032104047,24959.02877922324,24959.02877922324,118545.8272192343,288,0.0,0,38749503.15175793,30067539.05877472,17237350.05768161,1999119.308959896,897925.0322998163,1063468.710043562,5734707.685855009,1950454.533705338,21244118.71790709,0,2152323.065065953,729356.0034331812,0,700000,1440121.550521556,22166261.75496508,18731675.38771877,454820.5854973368,681169.5217856169,0,0,273521.9631357712,360728.0918859576,603169.5106371151,83832.3545775171,26931.60079754038,42529.03635872844,286669.9195931409,81791.61459952255,424785.3876783026,0,90256.89939929321,30585.28363915572,0,0,0,664836.028938302,936369.9374751184,1204.819061672838,20430.42010889874,0,BO,0.0,778.0961592932637,optimal,16.903827211049588,2.2207038219643884,0.2666066958270414
316.0,316.0,ok,optimal,lcom,791.8898437999558,USD/ton,-25015681.82593561,-38254613.87051309,26144.5172767,9012962.613786526,180423910.1905748,4225969.430790958,0,0,0,50.9172248840332,01.01.2025 00:00:00,31.12.2025 22:00:00,1,,,1.0,1.0,0.0,55.03764718707716,192.888357302776,20000,205479.4520547945,1577789.064107217,13232.5912039476,12540038.28734183,211688.9686392268,9.2688365732318,0,327894.3626146482,65206.26529268573,0.0,6.999999999999999,174193.8801390319,26676.69121760991,26676.69121760991,112318.5085022826,288,0.0,0,42464726.57064252,35204389.59639326,17237350.05768161,1999119.308959896,859987.4706073956,1013055.565873055,5734707.685855009,2039396.63662717,22669250.03870207,0,2258913.63336895,765476.2644492768,0,699999.9999999999,1511441.408114952,23262054.04664904,21584201.61120817,438670.7736567571,681169.5217856169,0,0,299746.691722393,422356.2247742633,603169.5106371151,83832.3545775171,25793.73379308072,40512.97098591885,286669.9195931409,85521.36993508202,453281.5078814958,0,94726.73683047935,32099.97389068916,0,0,0,697702.2922621653,1078963.685564845,1162.03823387305,20430.42010889874,0,BO,0.0,791.8898437999558,optimal,30.69751171774169,4.03281935772655,0.46587052162570997
317.0,317.0,ok,optimal,lcom,776.4182401917402,USD/ton,-23591653.71449387,-35559378.19018903,24344.4635554,8060032.329264299,161347895.4060992,3907692.14643086,0,0,0,37.5903947353363,01.01.2025 00:00:00,31.12.2025 22:00:00,1,,,1.0,1.0,0.0,41.58189259332544,169.8287452552073,20000,205479.4520547945,1715508.749788297,14387.61778057372,12540038.28734183,197385.347769381,8.67480936630502,0,306880.0561424064,61027.28389195581,0.0,0.0,163030.0298256534,24874.17274113257,24874.17274113257,122122.3980328865,288,0.0,0,32995011.58369323,31795156.55079614,17237350.05768161,1999119.308959896,919533.001981108,1092302.338119245,5734707.685855009,1946009.146163891,21357400.7148254,0,2160861.270027429,732249.3381505717,0,0,1445834.472139768,22111599.34175519,18675621.84594127,463969.2282238299,681169.5217856169,0,0,232902.6079822099,381454.7685916063,603169.5106371151,83832.3545775171,27579.69188818679,43682.11816095145,286669.9195931409,81605.19885988224,427050.5104455443,0,90614.94597639241,30706.61459766961,0,0,0,663196.5309420957,933567.9002668572,1229.053802792263,20430.42010889874,0,BO,0.0,776.4182401917402,optimal,15.22590810952613,2.0002708208944,1.045100812790111
318.0,318.0,ok,optimal,lcom,772.2927613443535,USD/ton,-22820058.31971956,-34195387.88470896,23469.1171005,7609469.441885815,152328406.3200983,3765860.123103586,0,0,0,36.91206550598145,01.01.2025 00:00:00,31.12.2025 22:00:00,1,,,1.0,1.0,0.0,38.16204536976424,143.6204490285951,20000,205479.4520547945,1738586.548312592,14581.16651323138,12540038.28734183,190480.1020659604,8.121091231311864,0,287291.7233988885,57131.87681227897,0.0,0.0,152623.7280556595,24003.98517965496,24003.98517965496,123765.2436887041,288,0.0,0,30542384.29354903,27805136.47864445,17237350.05768161,1999119.308959896,929415.73917783,1105518.216395207,5734707.685855009,1900129.185903226,20126460.29161906,0,2067446.913166741,700594.0894153616,0,0,1383330.831015119,21548042.16967,18099459.71548464,468141.8217755039,681169.5217856169,0,0,215590.1942303918,333585.4592876275,603169.5106371151,83832.3545775171,27876.10631410766,44210.63259903762,286669.9195931409,79681.23910453597,402437.3216461498,0,86697.64826840801,29379.16304221926,0,0,0,646293.6757601708,904766.3709372961,1240.106996970299,20430.42010889874,0,BO,0.0,772.2927613443535,optimal,11.100429262139414,1.4582949399627545,1.0156653763602783
319.0,319.0,ok,optimal,lcom,1940.010595090333,USD/ton,-844710.2277632076,-25034258.8462806,17779.0281382,17428031.06052208,350511821.8400914,6761517.55799531,0,0,0,41.15382480621338,01.01.2025 00:00:00,31.12.2025 22:00:00,1,,,1.0,1.0,70.0,68.88197894191693,200.0,20000,205479.4520547945,596175.3974673244,5000.0,12540038.28734183,277737.3641256533,20.0,0,707520,140700,10.0,0.0,375870,35000.0,35000,42440.10366948209,288,5.0,90222609.88614184,51967223.28601266,39300154.27983114,17237350.05768161,1999119.308959896,394777.3346896058,421915.8730878597,5734707.685855009,2446351.58969062,45294080.38089943,0,3781662.987904636,1281489.125845887,23091836.73469388,0,2530314.549003043,28323813.11812014,27410675.70557325,228531.7383682326,681169.5217856169,8164038.675947065,1353368.508878641,366822.1725640447,471494.1797024125,603169.5106371151,83832.3545775171,11840.61608634099,16872.78181051818,286669.9195931409,102586.8806174044,905674.8246240296,0,158582.6874233123,53738.78902757388,0,0,0,849520.394823617,1370220.878021748,605.3802386323359,20430.42010889874,106087.2592603631,BO,0.0,1940.010595090333,optimal,1178.818263008119,154.86470545276043,2.359045353900901
320.0,320.0,ok,optimal,lcom,772.4275268589199,USD/ton,-22318010.94044247,-33356936.25215911,22955.31006074,7360822.162972301,147350918.2019073,3678103.148744344,0,0,0,37.92435789108276,01.01.2025 00:00:00,31.12.2025 22:00:00,1,,,1.0,1.0,0.0,34.4532467904039,147.9449940622799,20000,205479.4520547945,1686727.359405878,14146.23420029946,12540038.28734183,186274.166825499,7.282586154186169,0,257628.7677904899,51232.9935946997,0.0,0.0,136865.2828886978,23473.96022647816,23473.96022647816,120073.5291986964,288,0.0,0,27857465.26226209,28472934.34811336,17237350.05768161,1999119.308959896,907170.422969427,1075795.244150117,5734707.685855009,1871915.103609281,18246161.66003038,0,1921870.403529653,651262.6934990123,0,0,1285925.440448598,21202032.81082891,17747298.89793608,458739.3402482175,681169.5217856169,0,0,196638.0976984166,341597.2041380504,603169.5106371151,83832.3545775171,27208.89919303507,43021.98515190293,286669.9195931409,78498.09163537576,364839.9332217893,0,80592.94930454112,27310.4685647421,0,0,0,635915.7649220531,887162.3501605248,1215.199837241119,20430.42010889874,0,BO,0.0,772.4275268589199,optimal,11.235194776705839,1.4759994686194973,1.0131913983433605
321.0,321.0,ok,optimal,lcom,813.734173660317,USD/ton,-23693938.6383091,-36920388.9922375,25219.12755600001,9076128.36452869,181688379.1812252,4150321.98939971,0,0,0,48.91416692733765,01.01.2025 00:00:00,31.12.2025 22:00:00,1,,,1.0,1.0,0.0,64.75054320687748,172.2409112286749,20000,205479.4520547945,1622210.880816367,13605.14781143143,12540038.28734183,201048.2317718265,9.05238694700909,0,320237.2406373936,63683.54217220895,0.0,7.0,170126.0340886154,25335.76328185503,25335.76328185503,115480.7767111555,288,0.0,0,49153396.46561573,32155928.80792157,17237350.05768161,1999119.308959896,879303.5341898131,1038689.636805009,5734707.685855009,1970130.79443118,22192245.55247588,0,2223432.807058192,753452.9050862958,0,700000,1487701.151166645,22408332.1249593,20626511.15802666,446907.6692067277,681169.5217856169,0,0,346960.1518092279,385783.0472599687,603169.5106371151,83832.3545775171,26373.08339874789,41538.09972209264,286669.9195931409,82616.73156904786,443743.5958458658,0,93238.86104504949,31595.77860788997,0,0,0,672096.4820218955,1031090.09544519,1183.857758063586,20430.42010889874,0,BO,0.0,813.734173660317,optimal,52.54184157810289,6.902571053806675,0.3761507391955321
322.0,322.0,ok,optimal,lcom,777.8889969929347,USD/ton,-23637543.90296397,-35684114.16704315,24421.1725796,8129576.267339963,162740044.6665954,3916993.996739217,0,0,0,48.28594851493835,01.01.2025 00:00:00,31.12.2025 22:00:00,1,,,1.0,1.0,0.0,43.69502384104617,154.3689246220571,20000,205479.4520547945,1716291.854007507,14394.18551401707,12540038.28734183,195753.5689771313,9.38516289936608,0,332009.5227279745,66024.62099704039,0.0,6.999999999999999,176380.0589492364,24668.53869578712,24668.53869578712,122178.1450905284,288,0.0,0,34500329.32571185,29457772.91451048,17237350.05768161,1999119.308959896,919868.7891619537,1092751.085666875,5734707.685855009,1935215.697567732,22925144.61744879,0,2277868.988614244,771899.6505894708,0,699999.9999999999,1524124.455576372,21978921.11370048,18539690.3335441,464111.1202208949,681169.5217856169,0,0,243528.2271631196,353412.5687469627,603169.5106371151,83832.3545775171,27589.76320369997,43700.06396470552,286669.9195931409,81152.57944603734,458398.231210013,0,95521.62288602605,32369.33629546389,0,0,0,659217.0928554409,926772.8763765923,1229.429674483681,20430.42010889874,0,BO,0.0,777.8889969929347,optimal,16.696664910720642,2.1934883218079086,0.2573963479116561
323.0,323.0,ok,optimal,lcom,767.5360609394012,USD/ton,-23706919.33433264,-35406818.37693265,24287.1032643,7858485.091729594,157313268.5866673,3841413.950870417,0,0,0,46.92817687988281,01.01.2025 00:00:00,31.12.2025 22:00:00,1,,,1.0,1.0,0.0,41.22350862740629,149.9794638927303,20000,205479.4520547945,1697447.828004511,14236.14455758841,12540038.28734183,196009.6371832686,8.335813481693538,0,294887.7377283907,58642.44784371405,0.0,3.547351477985023,156659.1106682075,24700.80798459175,24700.80798459175,120836.690175557,288,0.0,0,32738962.73889834,28785743.04970689,17237350.05768161,1999119.308959896,911780.1194715409,1081947.059534424,5734707.685855009,1936911.42660744,20604763.78138877,0,2103913.489786536,712951.4892007366,0,354735.1477985022,1407730.654497149,21999761.81210163,18561030.46287576,460690.7805174522,681169.5217856169,0,0,231095.2304162921,345350.0515470315,603169.5106371151,83832.3545775171,27347.15851483478,43268.00158631281,286669.9195931409,81223.68923797776,412001.2078222542,0,88226.86114115515,29897.3661908861,0,0,0,659842.171062966,927839.639234393,1220.369199642601,20430.42010889874,0,BO,0.0,767.5360609394012,optimal,6.343728857187102,0.8333936890606953,0.5368237747486633
324.0,324.0,ok,optimal,lcom,776.3453694439847,USD/ton,-24281991.63799019,-36600641.83010695,25055.3379895,8283144.459513089,165814214.0490791,4035505.732603671,0,0,0,48.11013245582581,01.01.2025 00:00:00,31.12.2025 22:00:00,1,,,1.0,1.0,0.0,44.78784402209542,162.7287712363853,20000,205479.4520547945,1668509.40456114,13993.44397344566,12540038.28734183,202356.1908883029,8.849644473073672,0,313065.0228794542,62257.24886807329,0.0,3.596761584016455,166315.7934047101,25500.59011104595,25500.59011104595,118776.6425852246,288,0.0,0,35275940.34247679,30727235.07980019,17237350.05768161,1999119.308959896,899323.4084554588,1065332.098583401,5734707.685855009,1978709.043956198,21744413.17331116,0,2189944.09235676,742104.6109982971,0,359676.1584016455,1465293.818120979,22513929.67859554,20744552.24871816,455413.721022411,681169.5217856169,0,0,249003.0495654721,368642.6367519042,603169.5106371151,83832.3545775171,26973.54250429078,42603.55488307509,286669.9195931409,82976.4574006241,434788.9927708023,0,91834.52374881455,31119.89194641302,0,0,0,675263.6853600674,1036990.802478729,1206.390276805907,20430.42010889874,0,BO,0.0,776.3453694439847,optimal,15.153037361770657,1.9906975836606329,0.5674117917318975
325.0,325.0,ok,optimal,lcom,777.773388451211,USD/ton,-22440502.82484252,-33702207.92819753,23182.25437529999,7558873.394915923,151315561.0409522,3702831.708439091,0,0,0,49.73936414718628,01.01.2025 00:00:00,31.12.2025 22:00:00,1,,,1.0,1.0,0.0,42.31321917355393,121.7990184685465,20000,205479.4520547945,1600419.893353086,13422.39129752752,12540038.28734183,185971.7284097513,8.000793882729972,0,283036.0843954555,56285.58496500536,0.0,7.0,150362.9198350857,23435.84744109728,23435.84744109728,113929.5356318844,288,0.0,0,33516828.63302129,24370645.79942266,17237350.05768161,1999119.308959896,869841.4991513658,1026123.813503456,5734707.685855009,1869878.241212694,19857941.38144777,0,2046877.683367685,693623.8108900612,0,700000,1369567.938449386,21177069.8068983,17721939.34505777,442876.5142476345,681169.5217856169,0,0,236585.9693706371,292380.9807004707,603169.5106371151,83832.3545775171,26089.28715605364,41035.58154640769,286669.9195931409,78412.67653789205,397068.1693235392,0,85835.08495956875,29086.86690050421,0,0,0,635167.0457836142,885894.662009222,1173.179234509157,20430.42010889874,0,BO,0.0,777.773388451211,optimal,16.581056368996883,2.1783004991182717,0.0815848255548385
326.0,326.0,ok,optimal,lcom,776.359017664066,USD/ton,-22758267.44283302,-34230723.82432698,23483.3473053,7704200.935099928,154224766.8350901,3768255.446394037,0,0,0,49.05912661552429,01.01.2025 00:00:00,31.12.2025 22:00:00,1,,,1.0,1.0,0.0,40.37147664149357,139.6711598186895,20000,205479.4520547945,1864758.393213145,15639.34373285968,12540038.28734183,188184.3636884791,8.304354383659104,0,293774.8406763246,58421.13308904181,0.0,6.999999999999999,156067.8841092974,23714.68005333608,23714.68005333608,132747.0738690459,288,0.0,0,32129327.04433493,27191765.01672387,17237350.05768161,1999119.308959896,982994.3624657897,1177469.138469642,5734707.685855009,1884754.786908559,20534764.99921344,0,2098590.302264567,711147.6248833555,0,699999.9999999999,1404168.904315552,21359442.28341394,17907355.70704594,490640.0907683549,681169.5217856169,0,0,226791.9816411641,326226.6822143393,603169.5106371151,83832.3545775171,29483.09803587461,47088.0123959687,286669.9195931409,79036.51917103297,410601.5517471687,0,88003.63517268782,29821.7217846785,0,0,0,640636.9709525318,895163.3634834939,1299.704878424124,20430.42010889874,0,BO,0.0,776.359017664066,optimal,15.16668558185188,1.9924905891214064,0.21874832876047884
327.0,327.0,ok,optimal,lcom,777.0780927604109,USD/ton,-22933911.74627175,-34520010.14499698,23678.50236730001,7792153.717800716,155985429.2994772,3793944.680924512,0,0,0,46.54311227798462,01.01.2025 00:00:00,31.12.2025 22:00:00,1,,,1.0,1.0,0.0,42.81943241674957,136.8699206683628,20000,205479.4520547945,1712585.460053969,14363.10075297793,12540038.28734183,189866.1818786422,8.53487382133833,0,301929.6963036648,60042.83733311515,0.0,4.478342646207562,160400.1511613219,23926.61998025595,23926.61998025595,121914.2969943199,288,0.0,0,33877493.74607104,26754597.35172028,17237350.05768161,1999119.308959896,918279.2539004117,1090627.004433237,5734707.685855009,1896023.82391853,21047079.6607846,0,2137444.201749712,724314.0148673849,0,447834.2646207561,1430166.087953335,21497668.82268412,18048115.12909118,463439.3634004655,681169.5217856169,0,0,239131.804071268,320981.8679539263,603169.5106371151,83832.3545775171,27542.08803308153,43615.12011336211,286669.9195931409,79509.08221523598,420845.5060866511,0,89632.95957756917,30373.84964853336,0,0,0,644782.8203735187,902199.7277430383,1227.650191654915,20430.42010889874,0,BO,0.0,777.0780927604109,optimal,15.885760678196789,2.086957528163988,0.3958533069695242
328.0,328.0,ok,optimal,lcom,982.4656814820308,USD/ton,-16583758.85735824,-29566709.73710107,20578.2636372,9110767.86475508,184014609.7503596,3872183.014987757,0,0,0,50.57976293563843,01.01.2025 00:00:00,31.12.2025 22:00:00,1,,,1.0,1.0,0.0,60.45607225056827,84.99014618231392,20000,205479.4520547945,1330594.82361696,11159.42413314605,12540038.28734183,208398.3945381816,5.242932396449742,0,185473.9764568061,36884.02940902393,10.0,0.0,98533.04999267824,26262.01855050531,26262.01855050531,94721.42342048773,288,5.0,0,46209406.80970044,15908926.25830438,17237350.05768161,1999119.308959896,750394.486374171,869021.3898452556,5734707.685855009,2018102.00466121,13574732.56857545,0,1542082.038406187,522564.1125876078,23091836.73469388,0,1031808.659316165,22999334.16559402,21288673.13206606,391342.1400055054,681169.5217856169,8164038.675947065,0,326179.3478081108,190863.5290003147,603169.5106371151,83832.3545775171,22506.6949029623,34752.91932540987,286669.9195931409,84628.38714532701,271432.6780668494,0,64666.65978957915,21913.53951691977,0,0,0,689822.4952817549,1064190.635220515,1036.664752979247,20430.42010889874,106087.2592603631,BO,0.0,982.4656814820308,optimal,221.27334939981677,29.06930877699878,1.7662161526644693
329.0,329.0,ok,optimal,lcom,766.7357917034412,USD/ton,-23373086.92167174,-34825942.13600409,23929.56285232,7682153.307023373,153783411.485195,3770701.907308982,0,0,0,49.82908487319946,01.01.2025 00:00:00,31.12.2025 22:00:00,1,,,1.0,1.0,0.0,39.3825439769737,146.9118349243682,20000,205479.4520547945,1661467.065708126,13934.38133111815,12540038.28734183,192522.479347197,7.775570436032201,0,275068.5797450751,54701.13801748654,0.0,7.0,146130.1829895712,24261.36216264865,24261.36216264865,118275.31765255,288,0.0,0,31420120.63035011,28313752.62943842,17237350.05768161,1999119.308959896,896285.4787569431,1061284.405583827,5734707.685855009,1913755.515852769,19354122.4413712,0,2008090.770298296,680480.1205394062,0,700000,1343615.575490473,21715303.02986949,18270129.35245389,454124.9609080487,681169.5217856169,0,0,221785.8908569314,339687.4596282489,603169.5106371151,83832.3545775171,26882.42542107297,42441.68412832499,286669.9195931409,80252.65438665567,386994.0906280694,0,84208.5696061194,28535.69093767161,0,0,0,651310.3559438253,913297.9045022316,1202.976353159488,20430.42010889874,0,BO,0.0,766.7357917034412,optimal,5.543459621227157,0.7282600451403949,0.170460231163783
330.0,330.0,ok,optimal,lcom,776.6331447699077,USD/ton,-23728248.0962463,-35650456.25286502,24489.7179324,7952885.452184634,159203000.3970096,3969322.704434094,0,0,0,47.99983048439026,01.01.2025 00:00:00,31.12.2025 22:00:00,1,,,1.0,1.0,0.0,40.34162986969701,144.852200534446,20000,205479.4520547945,1681814.679171883,14105.03256521971,12540038.28734183,205512.8746907877,8.213207810287818,0,290550.4394967419,57779.9169453748,0.0,7.0,154354.9209826441,25898.39014574702,25898.39014574702,119723.808865869,288,0.0,0,32107948.26390147,27995748.58606926,17237350.05768161,1999119.308959896,905056.0621798736,1072974.854935781,5734707.685855009,1999337.167285611,20331807.10282267,0,2083129.693977164,705908.5008623523,0,700000,1393824.195595823,22768013.78054283,21029061.89336108,457843.7211935393,681169.5217856169,0,0,226641.0747773855,335872.2823517734,603169.5106371151,83832.3545775171,27145.48285127169,42909.19534030861,286669.9195931409,83841.49038863512,406543.3203916804,0,87355.30008326887,29602.02098911526,0,0,0,682884.4681164182,1051213.036883882,1212.82734368326,20430.42010889874,0,BO,0.0,776.6331447699077,optimal,15.440812687693665,2.0285034460943505,0.23466776647277496
331.0,331.0,ok,optimal,lcom,809.0413938946598,USD/ton,-20488683.94793969,-31760244.54199322,21721.62013583,7612915.925497254,152397398.9561747,3658644.668556279,0,0,0,46.17781281471252,01.01.2025 00:00:00,31.12.2025 22:00:00,1,,,1.0,1.0,0.0,40.89635508232633,150.3225115427298,20000,205479.4520547945,1676789.580724476,14062.88810178869,12540038.28734183,173477.1380907378,7.889718793341769,0,279106.6920332584,55504.17171115935,0.0,6.999999999999999,148275.4301426685,21861.29998133373,21861.29998133373,119366.0857864476,288,0.0,0,32505032.21027334,28838404.25883621,17237350.05768161,1999119.308959896,902892.0395237076,1070089.073485635,5734707.685855009,1784745.079738677,19609649.09435197,0,2027794.529990417,687157.1178986352,0,699999.9999999999,1356799.381127965,20135734.502973,16669828.37990145,456926.7137915884,681169.5217856169,0,0,229443.9798911871,345981.8417792979,603169.5106371151,83832.3545775171,27080.5769936597,42793.79043647127,286669.9195931409,74842.64780223444,392103.4571209747,0,85034.83973497902,28815.68843838269,0,0,0,603934.1190994434,833301.1241505519,1210.398192424952,20430.42010889874,0,BO,0.0,809.0413938946598,optimal,47.84906181244571,6.286067238953437,0.20959112842480024
332.0,332.0,ok,optimal,lcom,779.956081205848,USD/ton,-23110513.7977737,-34749790.78553201,23917.12397755,7720270.278572057,154546447.2755485,3919006.70918625,0,0,0,46.80103707313538,01.01.2025 00:00:00,31.12.2025 22:00:00,1,,,1.0,1.0,0.0,37.66241911683313,136.5508705407621,20000,205479.4520547945,1729298.332044438,14503.26816060217,12540038.28734183,206402.6266168604,7.673223476506305,0,271447.9537048871,53981.12715722186,0.0,4.400619655815868,144206.7254057213,26010.51520141095,26010.51520141095,123104.040856451,288,0.0,0,30182266.46064885,26704692.7455974,17237350.05768161,1999119.308959896,925441.3676217915,1100201.290131393,5734707.685855009,2005132.534881297,19124694.7704882,0,1990342.805624659,674465.8818809357,0,440061.9655815868,1331740.394287777,22839436.25939156,21109159.5530061,466464.6721247604,681169.5217856169,0,0,213048.2226280904,320383.1494054001,603169.5106371151,83832.3545775171,27756.90238914949,43998.0041048893,286669.9195931409,84084.51705993539,382406.5846263252,0,83464.31504318204,28283.48598648587,0,0,0,685026.6532868193,1055217.005509287,1235.664230013557,20430.42010889874,0,BO,0.0,779.956081205848,optimal,18.763749123633943,2.4650470495815933,0.4325624516114106
333.0,333.0,ok,optimal,lcom,804.932938939643,USD/ton,-21903519.77249744,-33523272.0087198,23141.76351256,7760196.271614546,155345696.5448119,3859555.964607812,0,0,0,56.22604656219482,01.01.2025 00:00:00,31.12.2025 22:00:00,1,,,1.0,1.0,0.0,47.7000912485298,107.0031532815166,20000,205479.4520547945,1448071.387371883,12144.67582462802,12540038.28734183,203411.3629782853,7.283806642125283,0,257671.943771824,51241.57972735137,0.0,7.0,136888.2201287815,25633.56114022543,25633.56114022543,103084.2602058932,288,0.0,0,37333761.34670009,21971983.6831866,17237350.05768161,1999119.308959896,802943.4293795158,937778.3337464137,5734707.685855009,1985616.061887308,18248913.72225919,0,1922086.195238354,651335.8186635319,0,700000,1286069.826900227,22598981.83046732,20839713.00915933,414166.7129418172,681169.5217856169,0,0,263528.6355749962,263603.6069826688,603169.5106371151,83832.3545775171,24082.80326885548,37502.5691641603,286669.9195931409,83266.10073190447,364894.9619022587,0,80601.99845281238,27313.53504241208,0,0,0,677814.6673672355,1041747.754190737,1097.127013099114,20430.42010889874,0,BO,0.0,804.932938939643,optimal,43.74060685742893,5.746327835144908,0.19342843742905308
334.0,334.0,ok,optimal,lcom,789.4902652342365,USD/ton,-24544706.02474957,-37401450.21408182,25601.4384232,8623502.488913963,172627592.6417442,4233241.700418294,0,0,0,46.87950348854065,01.01.2025 00:00:00,31.12.2025 22:00:00,1,,,1.0,1.0,0.0,46.68460763226601,166.0826238691181,20000,205479.4520547945,1635309.321603478,13715.00173061995,12540038.28734183,227153.3147160135,8.974146612833572,0,317469.4105756005,63133.12142128419,0.0,6.999999999999999,168655.6243682878,28625.482351246,28625.482351246,116413.2190549274,288,0.0,0,36617677.87401088,31232831.98207906,17237350.05768161,1999119.308959896,884978.8680581707,1046234.749774934,5734707.685855009,2138049.074372465,22019542.67088201,0,2210538.806362378,749083.5253363856,0,699999.9999999999,1479073.762195225,24482072.39442306,22965840.18649535,449322.1734721282,681169.5217856169,0,0,258474.0015464783,374708.4143822581,603169.5106371151,83832.3545775171,26543.30454264883,41839.83533574837,286669.9195931409,89658.3246950772,440290.326661808,0,92698.15572875866,31412.55022785453,0,0,0,734294.4864053328,1148029.842199349,1190.25377630947,20430.42010889874,0,BO,0.0,789.4902652342365,optimal,28.297933152022438,3.7175799018645477,0.44257279451251896
335.0,335.0,ok,optimal,lcom,955.4689456208907,USD/ton,-21947578.03107504,-38864287.12165343,26530.1718957,11851675.33990142,238882832.92262,5065033.750676976,0,0,0,54.94790530204773,01.01.2025 00:00:00,31.12.2025 22:00:00,1,,,1.0,1.0,0.0,62.90732088993068,200.0,20000,205479.4520547945,2384701.589869298,20000.0,12540038.28734183,277737.3641256533,12.996349435325,0,459758.8576240573,91429.31827751138,9.999999999999998,0.0,244246.8931127804,35000.0,35000,169760.4146779283,288,5.0,0,47892281.76045622,36238983.18388478,17237350.05768161,1999119.308959896,1196741.092543711,1469196.403920849,5734707.685855009,2446351.58969062,30729372.51559859,0,2833042.24384549,960030.7695746416,23091836.73469387,0,1895591.4449464,28323813.11812014,27410675.70557325,578531.1095421627,681169.5217856169,8164038.675947065,0,338058.2939313684,434768.513321182,603169.5106371151,83832.3545775171,35894.03591951309,58754.4388380768,286669.9195931409,102586.8806174044,614447.1601990514,0,118802.6151589259,40258.54761123851,0,0,0,849520.394823617,1370220.878021748,1532.528057816362,20430.42010889874,106087.2592603631,BO,0.0,955.4689456208907,optimal,194.27661353867666,25.522670861284162,2.02798201509807
336.0,336.0,ok,optimal,lcom,1382.923375851293,USD/ton,-9772262.009220636,-29294729.02119575,19995.43358999999,14590359.4090559,293706547.3556144,4932107.602919208,0,0,0,50.6144802570343,01.01.2025 00:00:00,31.12.2025 22:00:00,1,,,1.0,1.0,0.0,150.0,200.0,20000,205479.4520547945,2384701.589869298,20000.0,12540038.28734183,158707.065214659,20.0,0,707520,140700,10.0,6.999999999999999,375870,20000.0,20000,169760.4146779283,288,5.0,0,104692746.0323931,39300154.27983114,17237350.05768161,1999119.308959896,1196741.092543711,1469196.403920849,5734707.685855009,1681447.769209365,45294080.38089943,0,3781662.987904636,1281489.125845887,23091836.73469388,699999.9999999999,2530314.549003043,18877702.38326287,15414259.25633507,578531.1095421627,681169.5217856169,8164038.675947065,0,738996.9700696861,471494.1797024125,603169.5106371151,83832.3545775171,35894.03591951309,58754.4388380768,286669.9195931409,70510.91196016375,905674.8246240296,0,158582.6874233123,53738.78902757388,0,0,0,566201.7721664937,770537.0009530957,1532.528057816362,20430.42010889874,106087.2592603631,BO,0.0,1382.923375851293,optimal,621.731043769079,81.67857420060396,1.8686658888418428
337.0,337.0,ok,optimal,lcom,952.7592571339916,USD/ton,-21970805.22191585,-38799549.87578237,26489.5305814,11756089.70333648,236969373.9362572,5072654.950530043,0,0,0,43.14602303504944,01.01.2025 00:00:00,31.12.2025 22:00:00,1,,,1.0,1.0,0.0,87.81890382564495,140.6448149050552,20000,205479.4520547945,1634898.722254894,13711.55811863655,12540038.28734183,243927.3810616393,18.14946598101793,0,642055.5085444902,127681.4931764611,3.322302125768926,0.0,341091.9889142604,30739.32225156021,30739.32225156021,116383.9896050128,288,5.0,0,64664164.22721191,27343303.79094054,17237350.05768161,1999119.308959896,884801.1006515912,1045998.323659611,5734707.685855009,2242582.646229628,41504187.5017698,0,3543492.404566142,1200780.449895425,7671805.827158245,0,2370954.369607509,25779871.4095061,24451800.05216801,449246.5826634787,681169.5217856169,8164038.675947065,0,456446.3465426009,328044.7323302155,603169.5106371151,83832.3545775171,26537.97273803642,41830.38045027805,286669.9195931409,94041.90271461193,829894.2692007862,0,148595.0890329215,50354.29951289788,0,0,0,773219.5678234738,1222310.872470817,1190.053536368596,20430.42010889874,106087.2592603631,BO,0.0,952.7592571339916,optimal,191.5669250517775,25.166691383733873,1.6831096267676775
338.0,338.0,ok,optimal,lcom,993.7497357064533,USD/ton,-21129485.19241632,-38837028.78577327,26512.9300994,12565668.75389109,251542937.4208936,5141874.83946586,0,0,0,45.75103521347046,01.01.2025 00:00:00,31.12.2025 22:00:00,1,,,1.0,1.0,0.0,138.3983074189761,200.0,20000,205479.4520547945,1739971.490683191,14592.781739023,12540038.28734183,277737.3641256533,9.515895198352545,0,336634.3085369196,66944.32272041016,0.0,7.0,178836.9764102386,35000.0,35000,123863.8339660523,288,0.0,0,97376051.2048194,39300154.27983114,17237350.05768161,1999119.308959896,930007.9833705949,1106310.766096464,5734707.685855009,2446351.58969062,23212351.35721328,0,2299079.514038513,779087.2444527037,0,700000,1538316.439696767,28323813.11812014,27410675.70557325,468391.6437085322,681169.5217856169,0,0,687350.4566920687,471494.1797024125,603169.5106371151,83832.3545775171,27893.86958342353,44242.32734919109,286669.9195931409,102586.8806174044,464141.0548081433,0,96411.07869797951,32670.74547829813,0,0,0,849520.394823617,1370220.878021748,1240.768774903255,20430.42010889874,0,BO,0.0,993.7497357064533,optimal,232.5574036242392,30.55172705012501,1.127339690760037
339.0,339.0,ok,optimal,lcom,1109.121698823245,USD/ton,-14108290.34309785,-29253647.07173409,19995.43358999999,11229362.17705547,224792392.8843759,3915994.551580776,0,0,0,76.06653070449829,01.01.2025 00:00:00,31.12.2025 22:00:00,1,,,1.0,1.0,0.0,107.5524743969305,200.0,20000,205479.4520547945,1247459.039719829,10462.18147393612,12540038.28734183,158707.065214659,6.694391447579948,0,236820.7918495883,47095.04383372494,10.0,7.0,125811.0456700938,20000.0,20000,88803.21327255675,288,0.0,0,77605557.63140523,39300154.27983114,17237350.05768161,1999119.308959896,712646.2534000147,819998.1726866846,5734707.685855009,1681447.769209365,16914316.14399008,0,1816432.088477902,615532.8956247712,23091836.73469388,700000,1215376.556676795,18877702.38326287,15414259.25633507,374786.1444999843,681169.5217856169,0,0,547796.0424539068,471494.1797024125,603169.5106371151,83832.3545775171,21374.50646327853,32792.43833968035,286669.9195931409,70510.91196016375,338209.1032320327,0,76171.4312021157,25812.15224567518,0,0,0,566201.7721664937,770537.0009530957,992.8079452487658,20430.42010889874,0,BO,0.0,1109.121698823245,optimal,347.9293667410309,45.708469735800236,1.217717052997466
340.0,340.0,ok,optimal,lcom,892.6388757950766,USD/ton,-18285797.31584859,-30126376.02093106,20849.6825646,7842046.817349251,156984202.7880419,3998531.887733226,0,0,0,43.02173614501953,01.01.2025 00:00:00,31.12.2025 22:00:00,1,,,1.0,1.0,0.0,45.58725820206955,61.65540451931162,20000,205479.4520547945,2384701.589869298,20000.0,12540038.28734183,199353.3709003211,12.22186948544823,0,432360.8549172166,85980.85183012829,0.0,7.0,229691.7041747713,25122.1797379576,25122.1797379576,169760.4146779283,288,0.0,0,35842111.26029084,12306170.53187808,17237350.05768161,1999119.308959896,1196741.092543711,1469196.403920849,5734707.685855009,1958987.602928533,29076245.55347525,0,2718785.505031479,921312.6794610913,0,700000,1819142.144871958,22271216.71628259,20473415.6135332,578531.1095421627,681169.5217856169,0,0,252999.4925728673,147640.3308468331,603169.5106371151,83832.3545775171,35894.03591951309,58754.4388380768,286669.9195931409,82149.4458112703,581392.1680475015,0,114011.2996040227,38634.91832387389,0,0,0,667983.9589082291,1023437.065886549,1532.528057816362,20430.42010889874,0,BO,0.0,892.6388757950766,optimal,131.44654371286254,17.268506023082928,0.627287746107937
341.0,341.0,ok,optimal,lcom,851.4545775052114,USD/ton,-22732723.23282202,-36430558.1159924,24990.681964,9232807.113805544,186457624.2677754,4465027.769364842,0,0,0,50.43278193473816,01.01.2025 00:00:00,31.12.2025 22:00:00,1,,,1.0,1.0,0.0,43.78097177659505,143.799137131455,20000,205479.4520547945,1689071.931010248,14165.89763839444,12540038.28734183,211733.0344214427,14.57378768823915,0,515562.3132591484,102526.5963867625,0.0,6.999999999999999,273892.4789189225,26682.24431408437,26682.24431408437,120240.4328689464,288,4.999999999999999,0,34561399.13093736,27832808.46696868,17237350.05768161,1999119.308959896,908179.0651882679,1077140.982322416,5734707.685855009,2039681.059712113,34066666.96985177,0,3059047.774899832,1036617.083943083,0,699999.9999999999,2046811.975493683,23265564.6106422,21588155.42756705,459166.4700197304,681169.5217856169,8164038.675947065,0,243959.3019293734,333917.4473338516,603169.5106371151,83832.3545775171,27239.15155109196,43075.80238894858,286669.9195931409,85533.29711561599,681177.8133916282,0,128280.0764244496,43470.16736456921,0,0,0,697807.5851370014,1079161.331247899,1216.331303377296,20430.42010889874,106087.2592603631,BO,0.0,851.4545775052114,optimal,90.26224542299735,11.8580077095743,1.109531904847061
342.0,342.0,ok,optimal,lcom,1340.73110832431,USD/ton,-13871163.03581782,-38920312.09560245,26565.9353313,18391754.4292586,368171087.7526396,6657394.630526027,0,0,0,51.46289038658142,01.01.2025 00:00:00,31.12.2025 22:00:00,1,,,1.0,1.0,70.0,150.0,97.71081173059723,20000,205479.4520547945,1875629.491975377,15730.51739423864,12540038.28734183,277737.3641256533,16.67527172983193,0,589904.4127145342,117310.5366193676,10.0,7.0,313386.7192545963,35000.0,35000,133520.9577972158,288,0.0,90222609.88614184,104692746.0323931,17786893.50197319,17237350.05768161,1999119.308959896,987576.1950502909,1183645.27051908,5734707.685855009,2446351.58969062,38457414.04625136,0,3347970.187413571,1134523.991838826,23091836.73469388,700000,2240130.25537606,28323813.11812014,27410675.70557325,492554.6633223401,681169.5217856169,0,1353368.508878641,738996.9700696861,213393.9908086044,603169.5106371151,83832.3545775171,29620.52163099468,47335.00127491381,286669.9195931409,102586.8806174044,768972.7096550171,0,140395.9346539642,47575.85859646199,0,0,0,849520.394823617,1370220.878021748,1304.776578302164,20430.42010889874,0,BO,0.0,1340.73110832431,optimal,579.538776242096,76.1356561037325,1.869405813404414
343.0,343.0,ok,optimal,lcom,996.0846503775264,USD/ton,-18376176.14269763,-33460454.77499891,23111.75201489,10482521.22785912,211474737.5899805,4601757.404442159,0,0,0,57.4162232875824,01.01.2025 00:00:00,31.12.2025 22:00:00,1,,,1.0,1.0,0.0,64.54725770252,44.02428755885374,20000,205479.4520547945,2384701.589869298,20000.0,12540038.28734183,248095.8297545675,14.07749803330725,0,498005.5704262774,99035.19866431653,10.0,7.0,264565.4592889599,31264.62321245823,31264.62321245823,169760.4146779283,288,5.0,0,49014488.45725142,9399394.486509252,17237350.05768161,1999119.308959896,1196741.092543711,1469196.403920849,5734707.685855009,2268187.369332551,33020783.83604849,0,2988854.642330515,1012830.792995333,23091836.73469388,700000,1999845.679145141,26098524.65474048,24819137.08069756,578531.1095421627,681169.5217856169,8164038.675947065,0,345979.6388206024,112766.9820723945,603169.5106371151,83832.3545775171,35894.03591951309,58754.4388380768,286669.9195931409,95115.62763758327,660264.9255303711,0,125336.5524676332,42472.69774488289,0,0,0,782776.982624031,1240673.53055222,1532.528057816362,20430.42010889874,106087.2592603631,BO,0.0,996.0846503775264,optimal,234.8923182953123,30.85847142637037,1.6766459891868613
344.0,344.0,ok,optimal,lcom,859.0467143262259,USD/ton,-20649143.19362668,-33270057.81917749,22851.1989267,8531627.440901382,170788413.2152123,4089287.184649421,0,0,0,36.798415184021,01.01.2025 00:00:00,31.12.2025 22:00:00,1,,,1.0,1.0,0.0,49.3447271332817,117.2729807172515,20000,205479.4520547945,1338081.686254004,11222.21490469458,12540038.28734183,194657.356367442,13.94996845600511,0,493494.0840996367,98138.02808799593,0.0,0.0,262168.732177932,24530.39580867538,24530.39580867538,95254.39279128898,288,0.0,0,38490285.6964191,23643424.4011246,17237350.05768161,1999119.308959896,753770.3879169194,873420.9074821213,5734707.685855009,1927948.091411002,32751436.51507765,0,2970686.256786255,1006674.086651163,0,0,1987689.193910583,21889618.42081798,18448296.59225196,392816.0910809053,681169.5217856169,0,0,271692.2192294903,283656.3163082866,603169.5106371151,83832.3545775171,22607.94882663144,34928.85985264124,286669.9195931409,80847.81497623802,654879.2087737487,0,124574.6677055677,42214.51846215533,0,0,0,656538.6237312461,922204.2326195346,1040.569247208929,20430.42010889874,0,BO,0.0,859.0467143262259,optimal,97.85438224401184,12.855408300860669,1.07875566871154
345.0,345.0,ok,optimal,lcom,913.327312444227,USD/ton,-20854699.32588274,-35231228.7936839,24231.483288,9713444.751820154,196079157.8024547,4663084.715981011,0,0,0,39.52020025253296,01.01.2025 00:00:00,31.12.2025 22:00:00,1,,,1.0,1.0,0.0,40.79295128333945,200.0,20000,205479.4520547945,1289418.895159823,10814.0901204372,12540038.28734183,229035.6206231554,13.92631392348684,0,492657.2813572705,97971.61845172993,0.0,0.0,261724.18072105,28862.68740630717,28862.68740630717,91790.22116049539,288,5.0,0,32431054.65864092,39300154.27983114,17237350.05768161,1999119.308959896,731759.2058219044,844780.434062079,5734707.685855009,2149903.255730928,32701450.23144273,0,2967310.319910775,1005530.085610006,0,0,1985430.351115796,24628986.64798757,23133226.83812427,383186.243947384,681169.5217856169,8164038.675947065,0,228921.7929338155,471494.1797024125,603169.5106371151,83832.3545775171,21947.76412530219,33783.50247267443,286669.9195931409,90155.42555864993,653879.7113055594,0,124433.0989978332,42166.5451868788,0,0,0,738700.9077502573,1156397.26397427,1015.059796323422,20430.42010889874,106087.2592603631,BO,0.0,913.327312444227,optimal,152.13498036201293,19.98640474291868,1.5657632642057748
346.0,346.0,ok,optimal,lcom,959.7004007395619,USD/ton,-20679402.86489538,-36601665.30925034,25098.88225585,11057334.47697506,222981503.8419796,4864927.967379892,0,0,0,62.78736209869385,01.01.2025 00:00:00,31.12.2025 22:00:00,1,,,1.0,1.0,0.0,60.91792317113797,70.50483840278737,20000,205479.4520547945,1310628.317721186,10991.96916955148,12540038.28734183,259570.5972336844,17.89464825748259,0,633041.0767567042,125888.8504913901,10.0,7.0,336303.0720269991,32710.65429665688,32710.65429665688,93300.06221750316,288,5.0,0,46526998.64658993,13700018.2290799,17237350.05768161,1999119.308959896,741372.7319437622,857276.2891383468,5734707.685855009,2337949.193583466,40979372.12258475,0,3510081.878908738,1189458.651666524,23091836.73469388,700000,2348599.352930677,26968207.47567933,25826549.43474414,387397.8502069594,681169.5217856169,8164038.675947065,0,328421.1402347569,164362.6844524408,603169.5106371151,83832.3545775171,22236.10406288859,34283.22255832719,286669.9195931409,98041.06483403547,819400.3575790843,0,147194.0305663361,49879.52394581373,0,0,0,808861.5105205462,1291032.648113521,1026.216335107278,20430.42010889874,106087.2592603631,BO,0.0,959.7004007395619,optimal,198.50806865734785,26.0785691461626,1.6795501077238169
347.0,347.0,ok,optimal,lcom,787.7828744110511,USD/ton,-22782628.73067728,-34437905.71654043,23730.0272037,7800010.458325922,157311104.2364182,3855266.527537218,0,0,0,50.57831072807312,01.01.2025 00:00:00,31.12.2025 22:00:00,1,,,1.0,1.0,0.0,39.69709316127162,117.9821525583145,20000,205479.4520547945,1705361.72970576,14302.51681762185,12540038.28734183,196046.8050631632,8.303034061373307,0,293728.1329551421,58411.84462176122,0.0,7.0,156043.0706324193,24705.49181890553,24705.49181890553,121400.0592948765,288,3.099806765834392,0,31645888.52838352,23757736.3981833,17237350.05768161,1999119.308959896,915179.2839019175,1086485.865936888,5734707.685855009,1937157.498121276,20531826.60690266,0,2098366.745437149,711071.8683592388,0,700000,1404019.322215097,22002786.18283667,18564127.66949777,462128.7345793074,681169.5217856169,5841982.957781245,0,223379.523643429,285027.7470894374,603169.5106371151,83832.3545775171,27449.11016579793,43449.51239212456,286669.9195931409,81234.00815906808,410542.7973157206,0,87994.26039693516,29818.54496188316,0,0,0,659932.881470149,927994.4642092537,1224.178337836376,20430.42010889874,83117.29447891108,BO,0.0,787.7828744110511,optimal,26.590542328837046,3.493275116960201,0.6366398485428797
348.0,348.0,ok,optimal,lcom,774.2246019014431,USD/ton,-23373022.64735914,-35014761.75309699,24075.6930489,7781362.078540529,156545660.4864909,3860377.027197324,0,0,0,38.2668354511261,01.01.2025 00:00:00,31.12.2025 22:00:00,1,,,1.0,1.0,0.0,37.50366599938285,145.1387638691454,20000,205479.4520547945,1698318.438607887,14243.44618901328,12540038.28734183,196969.5022223513,7.930503264030896,0,280549.483468357,55791.09046245736,0.0,0.0,149041.9130925646,24821.7685779698,24821.7685779698,120898.6665744826,288,1.728404609635024,0,30067741.52093996,28040047.36334871,17237350.05768161,1999119.308959896,912154.2174421148,1082446.478352292,5734707.685855009,1943261.32852505,19700857.23137041,0,2034811.705174673,689535.0224664249,0,0,1361494.580176219,22077816.10875462,18640993.6532831,460849.0783960254,681169.5217856169,3881305.623979167,0,212239.822938048,336403.7463126137,603169.5106371151,83832.3545775171,27358.37889163713,43287.97377812507,286669.9195931409,81489.97010811076,393927.2034649517,0,85329.10247134627,28915.40501757084,0,0,0,662183.2653440852,931836.885932952,1220.788530489991,20430.42010889874,62082.27949072157,BO,0.0,774.2246019014431,optimal,13.032269819228986,1.7120863243038305,1.0746161397546028
349.0,349.0,ok,optimal,lcom,783.4314080413279,USD/ton,-22144390.97330332,-33256768.27221509,22982.7481965,7383721.280703655,148459597.3269739,3728656.018208107,0,0,0,46.2323317527771,01.01.2025 00:00:00,31.12.2025 22:00:00,1,,,1.0,1.0,0.0,40.81408845668145,92.64632048209097,20000,205479.4520547945,1529889.308056488,12830.86583709905,12540038.28734183,191754.4905037273,8.536465440901267,0,301986.0014373232,60054.03437674042,0.0,7.0,160430.063263578,24164.58148783358,24164.58148783358,108908.6552591399,288,1.342073010687015,0,32446178.22144601,17045453.03175858,17237350.05768161,1999119.308959896,839036.7399936345,985333.4537746836,5734707.685855009,1908637.27183002,21050612.08187154,0,2137711.255321051,724404.5110984832,0,700000,1430344.773769359,21652465.96145332,18205978.5861721,429702.7331955546,681169.5217856169,3251392.131007439,0,229028.5459564764,204498.7365097831,603169.5106371151,83832.3545775171,25165.35537282278,39404.33967195752,286669.9195931409,80038.02265066763,420916.1383816774,0,89644.15837375075,30377.64457567921,0,0,0,649425.6742822198,910091.0985028257,1138.281907888607,20430.42010889874,54825.81710568647,BO,0.0,783.4314080413279,optimal,22.239075959113848,2.9216106129550283,0.3177830775935215
350.0,350.0,ok,optimal,lcom,782.2764202626043,USD/ton,-23298376.10877486,-35127211.97939494,24157.4870036,7889129.245936212,157926711.5091957,3939706.624683872,0,0,0,48.55304098129272,01.01.2025 00:00:00,31.12.2025 22:00:00,1,,,1.0,1.0,0.0,42.03114459338047,124.9533616208085,20000,205479.4520547945,1600315.169176323,13421.51299747348,12540038.28734183,201710.3000969249,8.763779793508157,0,310027.4739751446,61653.19084732988,0.0,7.0,164702.0955492955,25419.19602937676,25419.19602937676,113922.0806028152,288,0.0,0,33315670.12772872,24874271.05318034,17237350.05768161,1999119.308959896,869795.9640857845,1026063.382930643,5734707.685855009,1974475.263577184,21554440.85505718,0,2175684.921169594,737272.6170108975,0,700000,1455752.992186196,22461807.47973243,20686273.1806952,442857.097559459,681169.5217856169,0,0,235166.0474414811,298423.1039503471,603169.5106371151,83832.3545775171,26087.92141597021,41033.16487537255,286669.9195931409,82798.91533180105,430990.413694437,0,91236.57049530616,30917.26400347204,0,0,0,673700.3763955362,1034077.514363746,1173.127799730753,20430.42010889874,0,BO,0.0,782.2764202626043,optimal,21.084088180390268,2.76987658594977,0.17600109895515081
351.0,351.0,ok,optimal,lcom,813.834872217135,USD/ton,-20356498.66033617,-31180083.44722801,21668.6945364,7222959.251581858,146223949.0902169,3600625.535309982,0,0,0,47.1264796257019,01.01.2025 00:00:00,31.12.2025 22:00:00,1,,,1.0,1.0,0.0,40.4390768344094,81.45476667086658,20000,205479.4520547945,1450843.126723149,12167.92183044309,12540038.28734183,177629.5053850166,7.50192005645046,0,265387.9239169915,52776.00759712899,0.0,6.999999999999999,140987.3345809017,22384.57439116073,22384.57439116073,103281.5727852318,288,5.0,0,32177742.17406273,15377268.97462131,17237350.05768161,1999119.308959896,804172.7191810686,939393.6723895521,5734707.685855009,1813255.518941465,18740002.26373846,0,1960461.216983257,664339.9317289961,0,699999.9999999999,1311746.592955268,20484025.03991603,17020458.04597592,414697.6894936762,681169.5217856169,8164038.675947065,0,227133.7305734473,184485.0981914157,603169.5106371151,83832.3545775171,24119.6735431089,37567.16795793476,286669.9195931409,76038.2228925738,374714.4907444132,0,82211.241290606,27858.85788161637,0,0,0,614380.4496561117,850828.6048325168,1098.533569203609,20430.42010889874,106087.2592603631,BO,0.0,813.834872217135,optimal,52.642540134920864,6.915800109404557,1.0227316891467297
352.0,352.0,ok,optimal,lcom,775.8466786937074,USD/ton,-21965998.79555413,-32852079.74074289,22656.3507049,7235797.427986737,145448366.2757921,3650283.517202019,0,0,0,38.01307058334351,01.01.2025 00:00:00,31.12.2025 22:00:00,1,,,1.0,1.0,0.0,33.20839619432108,132.7763021958559,20000,205479.4520547945,1591109.115476343,13344.30372534409,12540038.28734183,183437.2850892769,6.889409497457962,0,243719.7503820729,48466.99581461676,0.0,0.0,129476.1173904762,23116.46111547322,23116.46111547322,113266.7267001319,288,1.196974284377682,0,26949925.54555753,26112500.57079041,17237350.05768161,1999119.308959896,865790.7503571402,1020749.52616197,5734707.685855009,1852766.066899895,17357143.3338828,0,1851717.221011303,627489.9403932261,0,0,1238985.874719765,20967437.93135955,17509230.10111203,441148.5798718868,681169.5217856169,3001134.259392438,0,190232.0273040546,313278.4657520307,603169.5106371151,83832.3545775171,25967.79243708163,40820.65913299796,286669.9195931409,77695.08361677262,347063.6253720599,0,77651.10063885072,26313.56664962583,0,0,0,628879.5253522154,875261.6279996517,1168.601938890612,20430.42010889874,51849.23609111558,BO,0.0,775.8466786937074,optimal,14.654346611493338,1.9251831625007183,1.0309356575150734
353.0,353.0,ok,optimal,lcom,795.3503386755975,USD/ton,-21825011.4422958,-33086945.74197616,22875.391505,7519785.399431391,151511011.4036393,3742148.900248967,0,0,0,47.90881705284119,01.01.2025 00:00:00,31.12.2025 22:00:00,1,,,1.0,1.0,0.0,44.66386070147261,90.34117167233285,20000,205479.4520547945,1694085.084050325,14207.94191815988,12540038.28734183,191401.6488091615,8.098193595155637,0,286481.6966222259,56970.79194191991,0.0,7.0,152193.4013305575,24120.11696521279,24120.11696521279,120597.3055873371,288,2.4039612456476,0,35188041.25144171,16705311.67751891,17237350.05768161,1999119.308959896,910334.8009529305,1080017.807649004,5734707.685855009,1906283.499225797,20075380.69542243,0,2063539.514900255,699269.9924757701,0,700000,1380716.386863416,21623573.15821464,18176495.08640561,460079.1012635403,681169.5217856169,4889621.857023187,0,248382.59433425,200417.9721530282,603169.5106371151,83832.3545775171,27303.80885871837,43190.84912963466,286669.9195931409,79939.31803675705,401415.962918073,0,86533.79291696225,29323.63750973236,0,0,0,648559.0880809717,908617.2600841328,1218.748862199129,20430.42010889874,73143.66244783619,BO,0.0,795.3503386755975,optimal,34.15800659338345,4.487434404383115,0.5184106276038003
354.0,354.0,ok,optimal,lcom,779.1904512398055,USD/ton,-23475610.47401601,-35319020.80744594,24279.7267975,7896560.707670256,158075476.5093342,3946849.625759671,0,0,0,48.17038750648499,01.01.2025 00:00:00,31.12.2025 22:00:00,1,,,1.0,1.0,0.0,40.44665225031548,139.2738408660249,20000,205479.4520547945,2384701.589869298,20000.0,12540038.28734183,201641.9055230295,8.034629914846223,0,284233.0678676,56523.62145094318,0.0,6.999999999999999,150998.8173046625,25410.57705909929,25410.57705909929,169760.4146779283,288,0.0,0,32183167.16801324,27129866.02228979,17237350.05768161,1999119.308959896,1196741.092543711,1469196.403920849,5734707.685855009,1974026.678963742,19933508.24189758,0,2052673.444141363,695587.8157289979,0,699999.9999999999,1373445.88787404,22456285.47810598,20680100.59203064,578531.1095421627,681169.5217856169,0,0,227172.0240965806,325484.0638674163,603169.5106371151,83832.3545775171,35894.03591951309,58754.4388380768,286669.9195931409,82780.10409617166,398579.1615439294,0,86078.12811864777,29169.22674231644,0,0,0,673534.7541686719,1033768.955393859,1532.528057816362,20430.42010889874,0,BO,0.0,779.1904512398055,optimal,17.998119157591418,2.3644640649963216,0.49906098829511697
355.0,355.0,ok,optimal,lcom,764.8833385802666,USD/ton,-22611477.21019381,-33485467.18539787,23115.09985587,7208217.092400769,144296028.8467347,3665772.882803287,0,0,0,50.35295939445496,01.01.2025 00:00:00,31.12.2025 22:00:00,1,,,1.0,1.0,0.0,33.98431058088326,119.4500882098754,20000,205479.4520547945,1601107.379341426,13428.15710060545,12540038.28734183,193059.8559568668,7.281563426944999,0,257592.5877916063,51225.79870855808,0.0,7.0,136846.0622642908,24329.08146789105,24329.08146789105,113978.4758879575,288,0.0,0,27515985.74442976,23993918.91003731,17237350.05768161,1999119.308959896,870140.4097867196,1026520.514105506,5734707.685855009,1917332.843804511,18243855.4902855,0,1921689.568251666,651201.4139923375,0,700000,1285804.44338029,21759230.34897355,18314998.61624334,443003.9691620836,681169.5217856169,0,0,194227.68877724,287861.2901563105,603169.5106371151,83832.3545775171,26098.25242778113,41051.44594765316,286669.9195931409,80402.66835728085,364793.8203553466,0,80585.36604171315,27307.8988305052,0,0,0,652627.8746448981,915540.8554854962,1173.516862389971,20430.42010889874,0,BO,0.0,764.8833385802666,optimal,3.691006498052502,0.4848980136144944,0.06902553439426078
356.0,356.0,ok,optimal,lcom,766.737235974845,USD/ton,-22766153.23573439,-33790443.24124636,23308.20633925001,7311305.066811113,146359671.6502996,3712984.938700853,0,0,0,49.42889308929443,01.01.2025 00:00:00,31.12.2025 22:00:00,1,,,1.0,1.0,0.0,34.18877648891116,120.1066854160435,20000,205479.4520547945,1705902.009817291,14307.04803539624,12540038.28734183,194761.9762647104,7.817500973898698,0,276551.9144526403,54996.11935137734,0.0,7.0,146918.2045529652,24543.57983386378,24543.57983386378,121438.5203652952,288,0.0,0,27664935.44970832,24099373.49407549,17237350.05768161,1999119.308959896,915411.2288290494,1086795.652217072,5734707.685855009,1928642.276213697,19448029.29368167,0,2015339.645784142,682936.5412039217,0,700000,1348465.805446028,21898147.21388954,18457021.65201323,462226.8229553414,681169.5217856169,0,0,195279.0833109126,289126.4562481002,603169.5106371151,83832.3545775171,27456.066924948,43461.90101423347,286669.9195931409,80876.92536812962,388871.7989573271,0,84512.54861192165,28638.70006134735,0,0,0,656794.4291070017,922640.3860064591,1224.438173800144,20430.42010889874,0,BO,0.0,766.737235974845,optimal,5.544903892630941,0.7284497831793783,0.12263960572172423
357.0,357.0,ok,optimal,lcom,764.6393510792892,USD/ton,-22686171.89477107,-33597911.0361954,23186.87782213001,7236685.315408976,144865913.3931836,3675053.826015357,0,0,0,48.52962017059326,01.01.2025 00:00:00,31.12.2025 22:00:00,1,,,1.0,1.0,0.0,33.57655705880291,128.7388927079256,20000,205479.4520547945,1665698.828199393,13969.87224964016,12540038.28734183,194837.0661752302,6.901127579331641,0,244134.2892464361,48549.43252059809,0.0,6.999999999999999,129696.3411621692,24553.04253931022,24553.04253931022,118576.5653048298,288,0.0,0,27218676.47045653,25475330.23630358,17237350.05768161,1999119.308959896,898111.2879044998,1063716.881677428,5734707.685855009,1929140.444727802,17383711.3040657,0,1853826.831075891,628204.8222761945,0,699999.9999999999,1240397.416958252,21904267.89526138,18463283.63182008,454899.5963740689,681169.5217856169,0,0,192129.0653198722,305634.1674103379,603169.5106371151,83832.3545775171,26937.18718995757,42538.96095767548,286669.9195931409,80897.8158869329,347594.8634838323,0,77739.56638382263,26343.54496619025,0,0,0,656978.007625682,922953.4135130137,1205.028361369029,20430.42010889874,0,BO,0.0,764.6393510792892,optimal,3.4470189970751335,0.45284468219036544,0.1100923840073019
358.0,358.0,ok,optimal,lcom,765.7185379084364,USD/ton,-22818155.35829365,-33842936.34570114,23342.16554727,7317378.67991368,146481254.8712567,3707402.307493812,0,0,0,48.74631881713867,01.01.2025 00:00:00,31.12.2025 22:00:00,1,,,1.0,1.0,0.0,34.6318947626803,125.6806572381444,20000,205479.4520547945,1647063.605619647,13813.58248442246,12540038.28734183,196326.2872209619,7.320811675562058,0,258981.0338346834,51501.91013757909,0.0,7.0,137583.6742246756,24740.71169489791,24740.71169489791,117249.9745371663,288,0.0,0,27987434.22302996,24990029.07759417,17237350.05768161,1999119.308959896,890064.0649802273,1053000.441705883,5734707.685855009,1939007.328681709,18332334.03051382,0,1928623.318325358,653551.0483593316,0,700000,1290443.822602271,22025522.75119557,18587414.7158624,451483.4741238973,681169.5217856169,0,0,197555.5124367868,299811.8830980408,603169.5106371151,83832.3545775171,26695.82562019462,42110.40122584537,286669.9195931409,81311.5801432691,366562.9872250655,0,80876.13037584993,27406.42990891484,0,0,0,660614.8227909958,929158.5506936226,1195.979058555457,20430.42010889874,0,BO,0.0,765.7185379084364,optimal,4.526205826222281,0.5946205230209044,0.10980328087144639
359.0,359.0,ok,optimal,lcom,764.5512444791779,USD/ton,-22857283.32888716,-33871217.66819032,23360.09979724,7310960.854925306,146352781.1241727,3702973.484377855,0,0,0,49.20278859138489,01.01.2025 00:00:00,31.12.2025 22:00:00,1,,,1.0,1.0,0.0,34.27438530473069,127.5579251090911,20000,205479.4520547945,1743836.525762771,14625.19699044062,12540038.28734183,195178.571332483,7.288412830105675,0,257834.8922778184,51273.98425979343,0.0,7.0,136974.786522591,24596.07845038209,24596.07845038209,124138.9752921795,288,0.0,0,27727273.43671298,25288202.69924326,17237350.05768161,1999119.308959896,931660.2935382251,1108522.244776805,5734707.685855009,1931405.291431876,18259299.7396999,0,1922900.497434237,651611.7606003239,0,700000,1286614.677327174,21932096.26927815,18491759.15112116,469088.4887264803,681169.5217856169,0,0,195719.1098195537,303389.1496437979,603169.5106371151,83832.3545775171,27943.42757125951,44330.76630025239,286669.9195931409,80992.7914249654,365102.634835345,0,80636.1459247079,27325.10656902596,0,0,0,657812.6682408835,924376.8644150622,1242.614716330329,20430.42010889874,0,BO,0.0,764.5512444791779,optimal,3.358912396963774,0.4412698677317979,0.1403742682122683
360.0,360.0,ok,optimal,lcom,761.2356264152778,USD/ton,-22495760.37401258,-33191158.12428137,22929.08841395,7095606.309980861,142041755.9106924,3599791.440287929,0,0,0,50.81025075912476,01.01.2025 00:00:00,31.12.2025 22:00:00,1,,,1.0,1.0,0.0,34.08462533665769,120.4057341534662,20000,205479.4520547945,1575503.901057519,13213.42601313794,12540038.28734183,188272.2290256463,6.662424364430272,0,235689.9243160854,46870.15540376697,0.0,7.0,125210.2722929203,23725.7526967686,23725.7526967686,112155.8339653211,288,0.0,0,27589074.38907462,24147364.79156147,17237350.05768161,1999119.308959896,858990.8880204131,1011734.953099642,5734707.685855009,1885344.349949376,16841606.38217627,0,1810616.031525596,613562.0130359422,0,700000,1211485.027058392,21366672.21325656,17914713.30432557,438244.9933264822,681169.5217856169,0,0,194743.6011874689,289702.2203349251,603169.5106371151,83832.3545775171,25763.84314137938,40460.15853537295,286669.9195931409,79061.24228668798,336755.2399407285,0,75927.53693003127,25729.50398787644,0,0,0,640853.8193277429,895531.1593566389,1160.910342404726,20430.42010889874,0,BO,0.0,761.2356264152778,optimal,0.04329433306372721,0.0056876995785410936,0.030159860494459838
361.0,361.0,ok,optimal,lcom,771.1977777528188,USD/ton,-22005298.73077551,-32689257.33022828,22611.01712821,7073390.905470775,141597041.9670172,3610567.693982,0,0,0,47.84629321098328,01.01.2025 00:00:00,31.12.2025 22:00:00,1,,,1.0,1.0,0.0,32.38401730989487,128.6397334224611,20000,205479.4520547945,1575904.479549177,13216.78558226272,12540038.28734183,192738.8821403292,6.178156409259103,0,218558.46113395,43463.33033913779,0.0,7.0,116109.182477411,24288.63288217704,24288.63288217704,112184.3500577092,288,0.0,0,26347056.86438161,25459631.42069027,17237350.05768161,1999119.308959896,859165.6052146836,1011966.464236194,5734707.685855009,1915196.509810287,15735750.4435928,0,1721346.053612673,583311.1666951108,0,700000,1151754.394100164,21732996.71200772,18288200.11302497,438319.6453685621,681169.5217856169,0,0,185976.5449939328,305445.8246334321,603169.5106371151,83832.3545775171,25769.08346051438,40469.41686657811,286669.9195931409,80313.08195385955,314643.1697802671,0,72184.03227376495,24460.94554549213,0,0,0,651841.0452183683,914201.2362435643,1161.108095554338,20430.42010889874,0,BO,0.0,771.1977777528188,optimal,10.005445670604672,1.314443833562424,0.08788797381373546
362.0,362.0,ok,optimal,lcom,763.9984769012474,USD/ton,-22225097.28078264,-32837144.8654413,22703.84865367,7036621.572210237,140860983.5624456,3575426.012448431,0,0,0,49.16941356658936,01.01.2025 00:00:00,31.12.2025 22:00:00,1,,,1.0,1.0,0.0,34.7507264803483,109.840317253615,20000,205479.4520547945,1569724.827080926,13164.95811257424,12540038.28734183,185798.9737982155,6.844402284552348,0,242127.5752183239,48150.37007182577,0.0,7.0,128630.2743347345,23414.07719270889,23414.07719270889,111744.437420408,288,0.0,0,28073848.85702937,22436826.50992639,17237350.05768161,1999119.308959896,856469.2843817638,1008394.327646003,5734707.685855009,1868714.282861351,17255058.07002404,0,1843603.523210245,624740.4580793045,0,700000,1233556.99127407,21162805.78205597,17707451.59805544,437167.3036195393,681169.5217856169,0,0,198165.4892987509,269180.4473615553,603169.5106371151,83832.3545775171,25688.2123034777,40326.56402522242,286669.9195931409,78363.86635993724,345022.3861490869,0,77310.85561798351,26198.26809029912,0,0,0,634739.2227371443,885170.4400443456,1158.055543956952,20430.42010889874,0,BO,0.0,763.9984769012474,optimal,2.8061448190333067,0.3686512200349154,0.0483188951021764
363.0,363.0,ok,optimal,lcom,762.2648194191478,USD/ton,-22433321.12344692,-33146342.06847649,22884.45933572,7120851.523618253,142547121.3885307,3592169.421411321,0,0,0,50.0097861289978,01.01.2025 00:00:00,31.12.2025 22:00:00,1,,,1.0,1.0,0.0,34.92680289180667,119.7467609314866,20000,205479.4520547945,1635500.124106314,13716.60195182705,12540038.28734183,184836.4845139873,6.860152738588714,0,242684.7632803144,48261.17451597161,0.0,7.0,128926.280492667,23292.78589632881,23292.78589632881,116426.8017657121,288,0.0,0,28201837.64373527,24041581.16051162,17237350.05768161,1999119.308959896,885061.4722288611,1046344.6132347,5734707.685855009,1862222.825533516,17290790.8293038,0,1846444.941142585,625703.327111771,0,700000,1235458.186900702,21083267.94806803,17626704.56864333,449357.297834421,681169.5217856169,0,0,199068.9265392764,288433.1065804941,603169.5106371151,83832.3545775171,26545.78210198755,41844.22887081972,286669.9195931409,78091.64941420876,345736.8782023946,0,77430.0094646495,26238.64565945152,0,0,0,632353.6324971911,881134.0103434821,1190.346820693495,20430.42010889874,0,BO,0.0,762.2648194191478,optimal,1.0724873369337047,0.14089570949827546,0.04756435007446178
364.0,364.0,ok,optimal,lcom,761.1923320822141,USD/ton,-22493122.46906148,-33201031.36438651,22925.5984552,7110562.583847377,142341154.6243573,3597346.31147765,0,0,0,46.04394888877869,01.01.2025 00:00:00,31.12.2025 22:00:00,1,,,1.0,1.0,0.0,34.277878121847,119.1990959806018,20000,205479.4520547945,1552722.182175525,13022.36043932547,12540038.28734183,185756.8411578523,6.971943555612463,0,246639.4752233465,49047.62291373368,0.0,7.0,131027.2212124028,23408.76770755065,23408.76770755065,110534.0654132671,288,0.0,0,27729816.47930422,23953577.0147873,17237350.05768161,1999119.308959896,849039.6585697399,998558.703107422,5734707.685855009,1868430.354141743,17544174.02505304,0,1866550.79823271,632516.5828961218,0,700000,1248911.036315903,21159326.41569249,17703917.97670544,433989.0052691219,681169.5217856169,0,0,195737.0604497636,287377.2979390509,603169.5106371151,83832.3545775171,25465.37441696501,39933.22886673432,286669.9195931409,78351.95991043709,350803.3853362859,0,78273.14140435412,26524.35710857868,0,0,0,634634.8655775163,884993.7993149888,1149.63623630385,20430.42010889874,0,BO,0.0,761.1923320822141,optimal,0.0,0.0,0.0
365.0,365.0,ok,optimal,lcom,906.1171690953558,USD/ton,-22478228.82763559,-37940516.75148594,25945.7423165,10966125.10986057,221155650.1947412,4496162.813989778,0,0,0,56.70641708374023,01.01.2025 00:00:00,31.12.2025 22:00:00,1,,,1.0,1.0,0.0,61.80703814239994,200.0,20000,205479.4520547945,1449301.338601477,12154.99117171227,12540038.28734183,227406.1361048964,8.803128638150662,0,311419.4787032178,61930.00996938991,10.0,0.0,165441.5980610845,28657.34248154845,28657.34248154845,103171.8170858217,288,5.0,0,47137722.68974735,39300154.27983114,17237350.05768161,1999119.308959896,803488.9811598901,938495.1736689527,5734707.685855009,2139643.144716525,21641521.66318752,0,2182225.107331215,739488.8846883536,23091836.73469388,0,1460129.037394579,24501824.5492736,22988332.32522974,414402.373589212,681169.5217856169,8164038.675947065,0,332732.0713598455,471494.1797024125,603169.5106371151,83832.3545775171,24099.16608561068,37531.23621457854,286669.9195931409,89725.17146590565,432731.6323033223,0,91510.8308672843,31010.20239736504,0,0,0,734886.9157621169,1149154.192376494,1097.751277807268,20430.42010889874,106087.2592603631,BO,0.0,906.1171690953558,optimal,144.92483701314177,19.039187719706153,1.8253425386230502
366.0,366.0,ok,optimal,lcom,765.0464973554733,USD/ton,-22529068.51628425,-33356041.14605056,23033.89845873,7187308.6152641,143877477.3267986,3639664.014502213,0,0,0,46.89261937141418,01.01.2025 00:00:00,31.12.2025 22:00:00,1,,,1.0,1.0,0.0,35.3108499665917,118.6816784803118,20000,205479.4520547945,1597248.596294897,13395.79428369853,12540038.28734183,191587.8818203335,6.898998233130913,0,244058.9614952392,48534.45257007598,0.0,7.0,129656.3232943458,24143.58573907237,24143.58573907237,113703.7796270442,288,0.0,0,28480775.63409233,23870359.00598593,17237350.05768161,1999119.308959896,868462.3246756522,1024293.656629633,5734707.685855009,1907526.01978373,17378883.85242234,0,1853443.5721307,628074.9476225788,0,700000,1240140.978008468,21638824.86243976,18192057.55402176,442288.3447035564,681169.5217856169,0,0,201037.8722162521,286378.9098279791,603169.5106371151,83832.3545775171,26047.92136818275,40962.39198521619,286669.9195931409,79991.42269280013,347498.3364899356,0,77723.49455677147,26338.09871895341,0,0,0,649016.5347439977,909395.2058112009,1171.621174252439,20430.42010889874,0,BO,0.0,765.0464973554733,optimal,3.854165273259241,0.5063326456161626,0.05557257379765228
367.0,367.0,ok,optimal,lcom,764.9541018751167,USD/ton,-22012038.28006,-32607726.11102482,22503.59899056,7030134.09218978,140731115.4421914,3565553.738775042,0,0,0,47.86033010482788,01.01.2025 00:00:00,31.12.2025 22:00:00,1,,,1.0,1.0,0.0,32.53368419928758,121.4739634748508,20000,205479.4520547945,1631773.906117053,13685.35093069224,12540038.28734183,181738.9030188936,6.93417189182304,0,245303.2648451319,48781.89925897509,0.0,7.0,130317.3594489763,22902.43383595846,22902.43383595846,116161.5424503644,288,0.0,0,26456621.25523965,24318599.95122412,17237350.05768161,1999119.308959896,883447.9307825632,1044198.836950574,5734707.685855009,1841255.177988968,17458607.17388514,0,1859769.453026477,630218.5938452226,0,700000,1244373.631345648,20826513.63580555,17366492.12518036,448671.1026349947,681169.5217856169,0,0,186749.929549598,291756.5731134532,603169.5106371151,83832.3545775171,26497.38691025236,41758.41741558515,286669.9195931409,77212.3785994391,349092.4389549172,0,77988.76811392888,26427.99175806318,0,0,0,624652.7617204963,868126.3586320167,1188.529090620013,20430.42010889874,0,BO,0.0,764.9541018751167,optimal,3.761769792902669,0.4941943887706388,0.05797863030594152
368.0,368.0,ok,optimal,lcom,896.1407231931776,USD/ton,-21460951.92324414,-35730003.00670558,24547.6593698,9793339.462959914,197678511.6226217,4475711.620501528,0,0,0,63.35670900344849,01.01.2025 00:00:00,31.12.2025 22:00:00,1,,,1.0,1.0,0.0,37.04651507845637,97.86671660399576,20000,205479.4520547945,2384701.589869298,20000.0,12540038.28734183,239378.4122897912,13.47885528584234,0,476827.9845919585,94823.74693590084,10.0,7.0,253314.866814478,30166.068784149,30166.068784149,169760.4146779283,288,5.0,0,29737679.92503067,17809594.13171692,17237350.05768161,1999119.308959896,1196741.092543711,1469196.403920849,5734707.685855009,2214475.218836443,31754271.9540191,0,2903088.283544603,983767.2152785776,23091836.73469388,700000,1942459.321305979,25430415.60803878,24050069.37392082,578531.1095421627,681169.5217856169,8164038.675947065,0,209910.0099514074,213666.336172023,603169.5106371151,83832.3545775171,35894.03591951309,58754.4388380768,286669.9195931409,92863.22778064154,634940.4699504112,0,121739.9708287394,41253.92698841918,0,0,0,762738.2873123412,1202228.924525104,1532.528057816362,20430.42010889874,106087.2592603631,BO,0.0,896.1407231931776,optimal,134.94839111096348,17.728553668140222,1.5959824038647399
369.0,369.0,ok,optimal,lcom,864.0067050456565,USD/ton,-21678344.32140198,-35272325.25866949,24094.9017851,9303692.511635588,186243819.4953131,4290288.425631925,0,0,0,37.22557282447815,01.01.2025 00:00:00,31.12.2025 22:00:00,1,,,1.0,1.0,0.0,60.63762372510246,200.0,20000,205479.4520547945,1308770.797909784,10976.39053431013,12540038.28734183,217904.6531235754,8.401518037405673,0,297212.1020912631,59104.67939314892,0.0,0.0,157893.9292359835,27459.98142286215,27459.98142286215,93167.83043856877,288,0.0,0,46334279.54130806,39300154.27983114,17237350.05768161,1999119.308959896,740532.0299358894,856182.715533385,5734707.685855009,2079325.331775256,20750876.13725639,0,2115010.013554038,716711.7593750557,0,0,1415155.349828826,23755274.94947772,22140940.91186449,387029.9012906636,681169.5217856169,0,0,327060.7896825441,471494.1797024125,603169.5106371151,83832.3545775171,22210.88876088534,34239.48960110228,286669.9195931409,87195.76551240924,414922.7878866462,0,88692.18990411883,30055.05177830849,0,0,0,712495.5411216641,1106794.295126193,1025.24163896948,20430.42010889874,0,BO,0.0,864.0067050456565,optimal,102.81437296344245,13.50701637813369,1.1363336170783327
370.0,370.0,ok,optimal,lcom,1032.96066544896,USD/ton,-14983435.00467559,-27859651.04772915,19563.297857,9131508.990370054,184429811.182515,3744707.052683503,0,0,0,42.90199637413025,01.01.2025 00:00:00,31.12.2025 22:00:00,1,,,1.0,1.0,0.0,110.0934688790023,45.66045887732929,20000,205479.4520547945,2384701.589869298,20000.0,12540038.28734183,158707.065214659,7.151985339671863,0,253008.6333762319,50314.21686459156,0.0,7.0,134410.8364811232,20000.0,20000,169760.4146779283,288,5.0,0,79253756.89854003,9677835.26211199,17237350.05768161,1999119.308959896,1196741.092543711,1469196.403920849,5734707.685855009,1681447.769209365,17951403.31658645,0,1898709.653048983,643414.2284236373,0,700000,1270428.558760698,18877702.38326287,15414259.25633507,578531.1095421627,681169.5217856169,8164038.675947065,0,559430.2225728123,116107.5085281874,603169.5106371151,83832.3545775171,35894.03591951309,58754.4388380768,286669.9195931409,70510.91196016375,358946.112025728,0,79621.711501037,26981.34598354388,0,0,0,566201.7721664937,770537.0009530957,1532.528057816362,20430.42010889874,106087.2592603631,BO,0.0,1032.96066544896,optimal,271.768333366746,35.702978329187,1.2879385831566015
371.0,371.0,ok,optimal,lcom,908.5733391966066,USD/ton,-17278754.19468518,-28655834.73609101,19989.07449779,7966850.478137636,159482556.043285,3410230.063268205,0,0,0,40.18074226379395,01.01.2025 00:00:00,31.12.2025 22:00:00,1,,,1.0,1.0,0.0,88.46451540079973,89.8471148499303,20000,205479.4520547945,1541462.211662744,12927.92539084297,12540038.28734183,158707.065214659,3.979150089560794,0,140766.4135683027,27993.32088006019,0.0,7.0,74782.15720816079,20000.0,20000,109732.498763741,288,0.0,0,65091855.34951684,16632185.35824765,17237350.05768161,1999119.308959896,844110.4499213664,992039.1553939983,5734707.685855009,1681447.769209365,10590726.16277039,0,1281894.37174316,434394.5251404115,0,700000,857716.8270893598,18877702.38326287,15414259.25633507,431877.8603724105,681169.5217856169,0,0,459465.299196792,199540.6566678533,603169.5106371151,83832.3545775171,25317.53191921688,39672.5064974459,286669.9195931409,70510.91196016375,211766.1729622631,0,53755.78286961171,18216.17934201735,0,0,0,566201.7721664937,770537.0009530957,1144.043816579202,20430.42010889874,0,BO,0.0,908.5733391966066,optimal,147.38100711439256,19.36186176642599,0.4777889657752439
372.0,372.0,ok,optimal,lcom,779.4614585703009,USD/ton,-23881166.2573602,-35991133.49821287,24704.6583743,8060302.353927641,161353300.8324497,4049664.886925023,0,0,0,45.70383214950562,01.01.2025 00:00:00,31.12.2025 22:00:00,1,,,1.0,1.0,0.0,37.148622902994,151.8671987555146,20000,205479.4520547945,2138261.703293475,17933.15953977009,12540038.28734183,207709.3073052013,9.173362344115992,0,324516.8662854474,64534.60409085602,0.0,7.0,172399.5852141439,26175.18092521771,26175.18092521771,152217.0299978409,288,0.0,0,29811436.62223071,29075232.26783058,17237350.05768161,1999119.308959896,1096734.882728512,1331815.274566529,5734707.685855009,2013628.633025218,22458985.9704475,0,2243297.401547879,760184.4044053234,0,700000,1500992.571530666,22944173.33563721,21226715.13630605,537757.7579113408,681169.5217856169,0,0,210430.6379587797,348823.1290433703,603169.5106371151,83832.3545775171,32894.53459909694,53260.44828608986,286669.9195931409,84440.79790267165,449077.1864439091,0,94071.87572373041,31878.06162882915,0,0,0,688168.0481969543,1061093.442715571,1424.519509347987,20430.42010889874,0,BO,0.0,779.4614585703009,optimal,18.26912648808684,2.4000670682155065,0.4260663468884092
373.0,373.0,ok,optimal,lcom,1506.033454295494,USD/ton,-7822643.606170397,-29156107.69217896,19995.43358999999,15791437.87947743,317750059.2800607,5542026.206531137,0,0,0,46.03418803215027,01.01.2025 00:00:00,31.12.2025 22:00:00,1,,,1.0,1.0,70.0,107.2028342360375,39.39656482119809,20000,205479.4520547945,1362396.22196069,11426.13589682188,12540038.28734183,158707.065214659,16.98985241269078,0,601033.0189513491,119523.6117232796,10.0,6.999999999999999,319298.7913179042,20000.0,20000,96985.27840054227,288,4.999999999999999,90222609.88614184,77378462.97838193,8600282.003012424,17237350.05768161,1999119.308959896,764708.1436523121,887692.0023178147,5734707.685855009,1681447.769209365,39109755.05885224,0,3390156.617834997,1148819.673927955,23091836.73469388,699999.9999999999,2268357.238850593,18877702.38326287,15414259.25633507,397584.2833582255,681169.5217856169,8164038.675947065,1353368.508878641,546193.0444730216,103179.8216197025,603169.5106371151,83832.3545775171,22936.00658255805,35499.57331643578,286669.9195931409,70510.91196016375,782016.5517468308,0,142165.0075540148,48175.34292161058,0,0,0,566201.7721664937,770537.0009530957,1053.200181534725,20430.42010889874,106087.2592603631,BO,0.0,1506.033454295494,optimal,744.84112221328,97.8518950888265,1.932295285590058
374.0,374.0,ok,optimal,lcom,775.6496991789423,USD/ton,-21494442.43508305,-32007637.01539607,22166.40735975999,6987771.432738051,139883088.3292572,3525423.14757497,0,0,0,50.0946831703186,01.01.2025 00:00:00,31.12.2025 22:00:00,1,,,1.0,1.0,0.0,38.00606985527543,107.5371835029835,20000,205479.4520547945,1441065.203184599,12085.91640401918,12540038.28734183,186338.4325406833,5.756505304817193,0,203642.131663213,40497.01481938895,0.0,7.0,108184.8824460819,23482.05888485827,23482.05888485827,102585.5090254536,288,0.0,0,30430012.03586265,22059666.02574827,17237350.05768161,1999119.308959896,799834.0265140986,933693.8279348288,5734707.685855009,1872347.779749648,14765816.55715512,0,1641720.401305453,556328.485293713,0,700000,1098476.789207494,21207335.81079795,17752686.96090154,412823.054504341,681169.5217856169,0,0,214796.9897238979,264655.5548678128,603169.5106371151,83832.3545775171,23989.54248017286,37339.22623311984,286669.9195931409,78516.2357548657,295248.9201319888,0,68844.95896895153,23329.43643317654,0,0,0,636074.818599207,887431.6918012298,1093.567663875555,20430.42010889874,0,BO,0.0,775.6496991789423,optimal,14.457367096728262,1.8993054038235855,0.10950110603775243
375.0,375.0,ok,optimal,lcom,1236.256034927153,USD/ton,-15024047.46154799,-36188934.7639489,24837.8484982,15154906.39107118,303374992.9758621,6009980.911329731,0,0,0,35.25334692001343,01.01.2025 00:00:00,31.12.2025 22:00:00,1,,,1.0,1.0,46.24258256603795,146.1313250712431,94.04633686642985,20000,205479.4520547945,2384701.589869298,20000.0,12540038.28734183,277737.3641256533,12.27367480876889,0,434193.5200350081,86345.30227968912,0.0,0.0,230665.3075185981,35000.0,35000,169760.4146779283,288,0.0,62124802.69467578,102259448.9797369,17251208.14732289,17237350.05768161,1999119.308959896,1196741.092543711,1469196.403920849,5734707.685855009,2446351.58969062,29187144.05402002,0,2726501.345093638,923927.3400397969,0,0,1824304.821300161,28323813.11812014,27410675.70557325,578531.1095421627,681169.5217856169,0,931892.2573108525,721821.0030868732,206967.2341839094,603169.5106371151,83832.3545775171,35894.03591951309,58754.4388380768,286669.9195931409,102586.8806174044,583609.6317687499,0,114334.860602636,38744.56318186285,0,0,0,849520.394823617,1370220.878021748,1532.528057816362,20430.42010889874,0,BO,0.0,1236.256034927153,optimal,475.0637028449389,62.4104687898549,1.7026122119607656
376.0,376.0,ok,optimal,lcom,1245.506940343649,USD/ton,-13621538.90771759,-32960868.45584825,22795.32269005,13740285.06436912,276689530.4441634,5599044.483761541,0,0,0,52.61119222640991,01.01.2025 00:00:00,31.12.2025 22:00:00,1,,,1.0,1.0,30.9536862757103,90.63060063414481,23.77311270501971,20000,205479.4520547945,2384701.589869298,20000.0,12540038.28734183,277737.3641256533,15.36977122765818,0,543721.0269496359,108126.3405865753,10.0,7.0,288851.7955669941,35000.0,35000,169760.4146779283,288,5.0,43288076.53473783,66524532.38393071,5741360.898847268,17237350.05768161,1999119.308959896,1196741.092543711,1469196.403920849,5734707.685855009,2446351.58969062,35736754.87990795,0,3170004.553960476,1074216.919322355,23091836.73469388,700000,2121053.269142969,28323813.11812014,27410675.70557325,578531.1095421627,681169.5217856169,8164038.675947065,649335.2349923678,469578.1678304286,68880.60103027996,603169.5106371151,83832.3545775171,35894.03591951309,58754.4388380768,286669.9195931409,102586.8806174044,714571.9470692974,0,132933.0093451118,45046.90303884538,0,0,0,849520.394823617,1370220.878021748,1532.528057816362,20430.42010889874,106087.2592603631,BO,0.0,1245.506940343649,optimal,484.31460826143484,63.62578652580614,1.8897793819293307
377.0,377.0,ok,optimal,lcom,885.7598618370599,USD/ton,-21570462.62946383,-35564811.74566697,24443.05467030001,9286736.448767971,185904388.4674584,4707612.667435173,0,0,0,45.95072340965271,01.01.2025 00:00:00,31.12.2025 22:00:00,1,,,1.0,1.0,11.09724932465284,36.95015439331899,145.4895207451764,20000,205479.4520547945,1975329.866112659,16566.68385264023,12540038.28734183,277737.3641256533,7.871265173817279,0,278453.8767889601,55374.35049780457,0.0,7.0,147928.6220441351,35000.0,35000,140618.3560331172,288,0.0,17195743.5273953,29668055.97760842,28094245.78459446,17237350.05768161,1999119.308959896,1029353.806297585,1240123.355303217,5734707.685855009,2446351.58969062,19568364.95838699,0,2024615.559219043,686079.8626043565,0,700000,1354672.328553637,28323813.11812014,27410675.70557325,509946.3198292608,681169.5217856169,0,257941.7488155053,209418.5538750388,337053.9788787374,603169.5106371151,83832.3545775171,30873.56382039128,49593.60888468307,286669.9195931409,102586.8806174044,391277.9628778992,0,84901.53073050744,28770.51412217469,0,0,0,849520.394823617,1370220.878021748,1350.847050795603,20430.42010889874,0,BO,0.0,885.7598618370599,optimal,124.56752975484585,16.364790409027886,0.8354162954492436
378.0,378.0,ok,optimal,lcom,1036.238229015691,USD/ton,-18946415.08948224,-36163464.57587922,24821.737067,11809171.64282689,236399174.7454224,5407877.843570087,0,0,0,36.09344220161438,01.01.2025 00:00:00,31.12.2025 22:00:00,1,,,1.0,1.0,52.57242615139663,28.41184835441383,183.5534627068572,20000,205479.4520547945,2384701.589869298,20000.0,12540038.28734183,247807.7393717555,9.339119742445543,0,330380.7000087536,65700.7073881044,0.0,0.0,175514.7468796503,31228.3185422884,31228.3185422884,169760.4146779283,288,0.0,69728346.62939863,23419843.96783229,33834679.92200791,17237350.05768161,1999119.308959896,1196741.092543711,1469196.403920849,5734707.685855009,2266422.362983079,22823897.05371339,0,2270375.587159256,769360.3676044774,0,0,1519110.613046321,26076549.46512614,24793773.59626207,578531.1095421627,681169.5217856169,0,1045947.890706021,165314.1634701018,405923.4613108839,603169.5106371151,83832.3545775171,35894.03591951309,58754.4388380768,286669.9195931409,95041.61272638844,456373.7421651192,0,95207.38977099844,32262.85236995903,0,0,0,782117.8774505984,1239405.645867939,1532.528057816362,20430.42010889874,0,BO,0.0,1036.238229015691,optimal,275.045896933477,36.13356116989499,1.473985364287849
379.0,379.0,ok,optimal,lcom,1079.794734863922,USD/ton,-19352863.06251681,-38902475.00748099,26554.3287846,14010990.93382842,280475785.6267182,5538621.011135756,0,0,0,43.39345455169678,01.01.2025 00:00:00,31.12.2025 22:00:00,1,,,1.0,1.0,15.79553081128779,150.0,200.0,20000,205479.4520547945,2212728.133371677,18557.69411797099,12540038.28734183,277737.3641256533,9.716196524276203,0,343720.1682427949,68353.44254828308,0.0,7.0,182601.3393789848,35000.0,35000,157518.0924466453,288,0.0,23626965.78425169,104692746.0323931,36238983.18388478,17237350.05768161,1999119.308959896,1127185.560687295,1373486.741448489,5734707.685855009,2446351.58969062,23651631.9280781,0,2331391.67066873,790036.8392438553,0,700000,1559936.536541093,28323813.11812014,27410675.70557325,550234.3618549574,681169.5217856169,0,354412.1755412762,738996.9700696861,434768.513321182,603169.5106371151,83832.3545775171,33807.84637157305,54926.9264000269,286669.9195931409,102586.8806174044,472924.6607591434,0,97766.07745150459,33129.91282708909,0,0,0,849520.394823617,1370220.878021748,1457.570014834177,20430.42010889874,0,BO,0.0,1079.794734863922,optimal,318.60240278170795,41.85570313224026,1.2503166871209692
380.0,380.0,ok,optimal,lcom,1084.367421405369,USD/ton,-14500308.57115848,-29284169.83206923,19995.43358999999,10437591.48383812,208942514.1523749,4346269.777072631,0,0,0,41.47903418540955,01.01.2025 00:00:00,31.12.2025 22:00:00,1,,,1.0,1.0,29.41110521382956,73.05095891217915,96.8892670386124,20000,205479.4520547945,2384701.589869298,20000.0,12540038.28734183,158707.065214659,10.21149774838758,0,361241.9443469589,71837.88665990661,0.0,7.0,191909.7829343219,20000.0,20000,169760.4146779283,288,0.0,41341607.56741941,54789556.76678405,17667151.94656401,17237350.05768161,1999119.308959896,1196741.092543711,1469196.403920849,5734707.685855009,1681447.769209365,24734033.90101144,0,2410364.124267146,816798.171718861,0,700000,1612777.085513771,18877702.38326287,15414259.25633507,578531.1095421627,681169.5217856169,0,620137.5670552214,386744.2394680015,211957.4202027501,603169.5106371151,83832.3545775171,35894.03591951309,58754.4388380768,286669.9195931409,70510.91196016375,494567.7586819902,0,101077.7591016426,34252.13975119336,0,0,0,566201.7721664937,770537.0009530957,1532.528057816362,20430.42010889874,0,BO,0.0,1084.367421405369,optimal,323.1750893231549,42.45642995892,0.7433742156451134
381.0,381.0,ok,optimal,lcom,1274.527254072777,USD/ton,-11487129.77984675,-29171471.21868661,19992.4143583,12630718.00688531,254477918.6014983,5053623.431954546,0,0,0,38.97015142440796,01.01.2025 00:00:00,31.12.2025 22:00:00,1,,,1.0,1.0,39.67712863884501,77.28775825471541,125.4946485529686,20000,205479.4520547945,1044118.523936597,8756.806540258342,12540038.28734183,158707.065214659,17.15785479410352,0,606976.2711962061,120705.5084765183,0.0,0.0,322456.1440729845,20000.0,20000,74327.95547643256,288,5.0,54126925.83402736,57641343.89366296,24960436.29268359,17237350.05768161,1999119.308959896,618091.5570131348,698657.0410507774,5734707.685855009,1681447.769209365,39457643.04806591,0,3412580.681761699,1156418.498617318,0,0,2283361.202816442,18877702.38326287,15414259.25633507,332665.8927625737,681169.5217856169,8164038.675947065,811921.5017014727,406874.2114662064,299456.8507552368,603169.5106371151,83832.3545775171,18538.51320657889,27939.90121243251,286669.9195931409,70510.91196016375,788972.7233032527,0,143105.3526698599,48493.99692233779,0,0,0,566201.7721664937,770537.0009530957,881.2314603801234,20430.42010889874,106087.2592603631,BO,0.0,1274.527254072777,optimal,513.3349219905629,67.43826761711507,1.6797422833546023
382.0,382.0,ok,optimal,lcom,1097.034377444514,USD/ton,-15847060.55253056,-31954176.11298772,22159.110313,10998140.95974729,220163744.3552061,5108974.600709873,0,0,0,47.25282382965088,01.01.2025 00:00:00,31.12.2025 22:00:00,1,,,1.0,1.0,39.03091425287663,60.20058674788437,75.42357896794722,20000,205479.4520547945,2384701.589869298,20000.0,12540038.28734183,277737.3641256533,5.94179970394779,0,210197.1063268571,41800.56091727271,0.0,7.0,111667.2127361428,35000.0,35000,169760.4146779283,288,0.0,53332875.73137482,46033618.03671662,14459448.10831855,17237350.05768161,1999119.308959896,1196741.092543711,1469196.403920849,5734707.685855009,2446351.58969062,15192899.23313602,0,1676941.031306414,568263.6721403555,0,700000,1122042.948540445,28323813.11812014,27410675.70557325,578531.1095421627,681169.5217856169,0,800010.4917588655,324938.5037617896,173473.7623734984,603169.5106371151,83832.3545775171,35894.03591951309,58754.4388380768,286669.9195931409,102586.8806174044,303788.6238728794,0,70321.92351501476,23829.9342329788,0,0,0,849520.394823617,1370220.878021748,1532.528057816362,20430.42010889874,0,BO,0.0,1097.034377444514,optimal,335.8420453622998,44.12052397370006,1.097776684651445
383.0,383.0,ok,optimal,lcom,1626.252069428723,USD/ton,-6149346.286755792,-29767973.16581602,20774.2317336,17373011.04854038,349410416.439243,6245615.830519841,0,0,0,53.40885162353516,01.01.2025 00:00:00,31.12.2025 22:00:00,1,,,1.0,1.0,54.29457474277349,150.0,116.9445096668874,20000,205479.4520547945,881712.5185862465,7394.740896151891,12540038.28734183,277737.3641256533,11.23751402910305,0,397538.2962935496,79055.91119474,10.0,7.0,211192.2199059483,35000.0,35000,62766.71404832902,288,5.0,71780741.80583686,104692746.0323931,23590431.06487475,17237350.05768161,1999119.308959896,539901.5524371888,600044.5918212587,5734707.685855009,2446351.58969062,26959862.48232548,0,2570051.294861089,870911.2360791047,23091836.73469388,700000,1719623.933669024,28323813.11812014,27410675.70557325,297040.0466381301,681169.5217856169,8164038.675947065,1076734.486250876,738996.9700696861,283020.541460511,603169.5106371151,83832.3545775171,16193.34861727706,23996.30381356435,286669.9195931409,102586.8806174044,539074.1686382643,0,107774.1835955247,36521.35178790976,0,0,0,849520.394823617,1370220.878021748,786.8586464231254,20430.42010889874,106087.2592603631,BO,0.0,1626.252069428723,optimal,865.0597373465089,113.6453562242501,1.9961758849840996
384.0,384.0,ok,optimal,lcom,904.0782042584644,USD/ton,-21091646.87211407,-35429781.66203064,24299.9704598,9875419.1684112,199321605.2467048,4462715.621505369,0,0,0,39.20120978355408,01.01.2025 00:00:00,31.12.2025 22:00:00,1,,,1.0,1.0,19.36405536642032,35.20330589763206,200.0,20000,205479.4520547945,1961795.718686222,16453.17575180336,12540038.28734183,195566.2093701639,8.104882301730926,0,286718.3163060333,57017.84699267708,0.0,0.0,152319.1055375802,24644.92795020198,24644.92795020198,139654.8969197487,288,5.0,28380747.77159747,28402695.81136985,39300154.27983114,17237350.05768161,1999119.308959896,1023707.762907446,1232473.595501469,5734707.685855009,1933974.505280402,20090303.22191402,0,2064681.29485233,699656.9065390731,0,0,1381480.352989888,21963667.67261305,18524074.09715746,507602.7239220183,681169.5217856169,8164038.675947065,425720.4523453649,200486.7284684548,471494.1797024125,603169.5106371151,83832.3545775171,30704.22119021716,49287.68835343327,286669.9195931409,81100.5304905478,401714.3453214592,0,86581.67305166097,29339.86261285675,0,0,0,658759.5940984421,925992.242824799,1344.638868686131,20430.42010889874,106087.2592603631,BO,0.0,904.0782042584644,optimal,142.88587217625036,18.77132311427668,1.5173682572509113
385.0,385.0,ok,optimal,lcom,1247.421952273681,USD/ton,-14848237.32111277,-36305210.37658991,24911.4021489,15328241.26220315,306844857.0552017,6128731.793273993,0,0,0,44.27653408050537,01.01.2025 00:00:00,31.12.2025 22:00:00,1,,,1.0,1.0,28.70158796718491,150.0,101.3841605993322,20000,205479.4520547945,2384701.589869298,20000.0,12540038.28734183,277737.3641256533,20.0,0,707520,140700,0.0,7.0,375870,35000.0,35000,169760.4146779283,288,0.0,40442917.99600218,104692746.0323931,21043990.38948053,17237350.05768161,1999119.308959896,1196741.092543711,1469196.403920849,5734707.685855009,2446351.58969062,45294080.38089943,0,3781662.987904636,1281489.125845887,0,700000,2530314.549003043,28323813.11812014,27410675.70557325,578531.1095421627,681169.5217856169,0,606656.9310289681,738996.9700696861,252470.2299055761,603169.5106371151,83832.3545775171,35894.03591951309,58754.4388380768,286669.9195931409,102586.8806174044,905674.8246240296,0,158582.6874233123,53738.78902757388,0,0,0,849520.394823617,1370220.878021748,1532.528057816362,20430.42010889874,0,BO,0.0,1247.421952273681,optimal,486.2296201914669,63.87736708558314,1.4318669949885083
386.0,386.0,ok,optimal,lcom,1337.32661498509,USD/ton,-9943604.711206052,-26929722.15530572,18946.0701719,12193184.88162049,245719262.7986404,4792932.562479188,0,0,0,43.31862211227417,01.01.2025 00:00:00,31.12.2025 22:00:00,1,,,1.0,1.0,35.98072849956071,60.78977859759748,0.0,20000,205479.4520547945,2384701.589869298,20000.0,12540038.28734183,158707.065214659,20.0,0,707520,140700,10.0,7.0,375870,20000.0,20000,169760.4146779283,288,5.0,49566711.52649053,46438904.22875977,0,17237350.05768161,1999119.308959896,1196741.092543711,1469196.403920849,5734707.685855009,1681447.769209365,45294080.38089943,0,3781662.987904636,1281489.125845887,23091836.73469388,700000,2530314.549003043,18877702.38326287,15414259.25633507,578531.1095421627,681169.5217856169,8164038.675947065,743516.8030860525,327799.3062460257,0,603169.5106371151,83832.3545775171,35894.03591951309,58754.4388380768,286669.9195931409,70510.91196016375,905674.8246240296,0,158582.6874233123,53738.78902757388,0,0,0,566201.7721664937,770537.0009530957,1532.528057816362,20430.42010889874,106087.2592603631,BO,0.0,1337.32661498509,optimal,576.1342829028758,75.6883981380739,1.8396103848698164
387.0,387.0,ok,optimal,lcom,1275.77481917008,USD/ton,-11591069.42840951,-29605571.04535006,20208.0638172,13056429.24530671,261367112.9581152,4958072.371633843,0,0,0,34.98983240127563,01.01.2025 00:00:00,31.12.2025 22:00:00,1,,,1.0,1.0,48.47939714847026,91.01136971294677,200.0,20000,205479.4520547945,1787913.271912766,14994.85956237199,12540038.28734183,160394.7426446295,8.785963320049504,0,310812.2384100712,61809.25195654826,0.0,0.0,165119.0016553504,20212.67829856066,20212.67829856066,127276.6788672784,288,0.0,64822927.33669449,66776021.99832097,39300154.27983114,17237350.05768161,1999119.308959896,950451.8694727921,1133707.508463286,5734707.685855009,1693406.69749677,21603538.81908055,0,2179373.24218823,738522.4754179337,0,0,1458220.851528686,19023029.85083978,15558411.83781103,476999.6166873923,681169.5217856169,0,972365.0049751656,471353.3630572392,471494.1797024125,603169.5106371151,83832.3545775171,28507.04613987231,45337.94684530355,286669.9195931409,71012.40534880919,431972.1488258785,0,91391.23892056932,30969.67636959784,0,0,0,570560.6008001874,777742.9844494795,1263.571282656845,20430.42010889874,0,BO,0.0,1275.77481917008,optimal,514.582487087866,67.60216378957,1.3629499081304675
388.0,388.0,ok,optimal,lcom,845.0033912099668,USD/ton,-22365420.90673115,-35597497.94404933,24449.5677274,8911822.54789436,178399261.1437359,4320254.489423814,0,0,0,37.44574880599976,01.01.2025 00:00:00,31.12.2025 22:00:00,1,,,1.0,1.0,14.46277602317727,33.09073008776109,151.5300306548999,20000,205479.4520547945,2320111.811092648,19458.29885759258,12540038.28734183,203468.5907531286,8.962195989915202,0,317046.6453392401,63049.04878905344,0.0,0.0,168431.0303364713,25640.77288908688,25640.77288908688,165162.4441495988,288,0.0,21824969.44532044,26863968.67512732,29023579.66965725,17237350.05768161,1999119.308959896,1170739.045035685,1433333.472478668,5734707.685855009,1985990.328917859,21993150.37830479,0,2208566.084759271,748415.0307373725,0,0,1477753.812165453,22603591.20216469,20844872.40353129,567985.0212536571,681169.5217856169,0,327381.6440447722,189625.2816677815,348203.4393792578,603169.5106371151,83832.3545775171,35114.15259048813,57320.24909574521,286669.9195931409,83281.79548622516,439762.6013001209,0,92615.43035255266,31384.51714548349,0,0,0,677952.9169471177,1042005.665012139,1504.591485459632,20430.42010889874,0,BO,0.0,845.0033912099668,optimal,83.81105912775274,11.010497031478316,1.1340116397658095
389.0,389.0,ok,optimal,lcom,1172.58599775643,USD/ton,-17387293.09793673,-38868525.81238495,26532.8515615,15106108.5112956,304030951.6265282,6375124.203152616,0,0,0,36.81449580192566,01.01.2025 00:00:00,31.12.2025 22:00:00,1,,,1.0,1.0,41.11785835778223,81.8712027549438,200.0,20000,205479.4520547945,2384701.589869298,20000.0,12540038.28734183,277737.3641256533,20.0,0,707520,140700,0.0,0.0,375870,35000.0,35000,169760.4146779283,288,5.0,55892635.37647867,60708920.65694541,39300154.27983114,17237350.05768161,1999119.308959896,1196741.092543711,1469196.403920849,5734707.685855009,2446351.58969062,45294080.38089943,0,3781662.987904636,1281489.125845887,0,0,2530314.549003043,28323813.11812014,27410675.70557325,578531.1095421627,681169.5217856169,8164038.675947065,838407.7194421897,428527.3824778875,471494.1797024125,603169.5106371151,83832.3545775171,35894.03591951309,58754.4388380768,286669.9195931409,102586.8806174044,905674.8246240296,0,158582.6874233123,53738.78902757388,0,0,0,849520.394823617,1370220.878021748,1532.528057816362,20430.42010889874,106087.2592603631,BO,0.0,1172.58599775643,optimal,411.393665674216,54.045955054337384,1.9717849233816183
390.0,390.0,ok,optimal,lcom,1132.14725540222,USD/ton,-18255445.67736575,-38910615.23408759,26559.580864,14774410.42418975,297390930.0883462,5880759.132532087,0,0,0,54.06821012496948,01.01.2025 00:00:00,31.12.2025 22:00:00,1,,,1.0,1.0,65.39954676683402,46.52679474482958,136.144259133151,20000,205479.4520547945,2384701.589869298,20000.0,12540038.28734183,233331.3052146324,13.88825489971142,0,491310.9053321913,97703.87321946985,9.999999999999998,0.0,261008.9184577266,29404.02242320347,29404.02242320347,169760.4146779283,288,5.0,84868087.32328306,36506254.69330696,26641058.32207164,17237350.05768161,1999119.308959896,1196741.092543711,1469196.403920849,5734707.685855009,2176836.463737438,32621006.83749584,0,2961874.622642597,1003688.095204504,23091836.73469387,0,1981793.320548651,24963028.83529764,23514610.98382806,578531.1095421627,681169.5217856169,8164038.675947065,1273048.927946564,257687.4963103825,319619.7106639773,603169.5106371151,83832.3545775171,35894.03591951309,58754.4388380768,286669.9195931409,91284.86002181188,652271.2106782736,0,124205.1549733221,42089.30197677607,0,0,0,748719.8854093722,1175462.117559166,1532.528057816362,20430.42010889874,106087.2592603631,BO,0.0,1132.14725540222,optimal,370.95492332000595,48.733402542990966,2.0961981321944454
391.0,391.0,ok,optimal,lcom,1151.026024281982,USD/ton,-16445742.96506835,-35589594.68604347,24458.7320342,13575963.30803693,271767285.5863251,5567888.412938187,0,0,0,45.58740425109863,01.01.2025 00:00:00,31.12.2025 22:00:00,1,,,1.0,1.0,38.95252021644115,119.8326822710764,107.7077101745286,20000,205479.4520547945,1814988.199517844,15221.93139156938,12540038.28734183,277737.3641256533,7.928072924882264,0,280463.507790635,55773.99302654673,0.0,7.0,148996.2385137748,35000.0,35000,129204.0692615896,288,0.0,53236458.32217216,85536644.71694857,22087646.41473325,17237350.05768161,1999119.308959896,961948.9285971612,1149147.15108836,5734707.685855009,2446351.58969062,19695423.47173937,0,2034393.887192877,689393.4368195898,0,700000,1361215.017739916,28323813.11812014,27410675.70557325,481827.2516276924,681169.5217856169,0,798564.1992443039,603779.3798645225,264991.2428770326,603169.5106371151,83832.3545775171,28851.87916662308,45955.39154900399,286669.9195931409,102586.8806174044,393818.5530793051,0,85311.58142343191,28909.46767401392,0,0,0,849520.394823617,1370220.878021748,1276.359680509399,20430.42010889874,0,BO,0.0,1151.026024281982,optimal,389.83369219976794,51.21356006482514,1.1222394288961157
392.0,392.0,ok,optimal,lcom,996.6442292251337,USD/ton,-18889158.65911939,-34538596.54754182,23770.1805248,11117930.97445504,224194540.8296697,4531506.913967382,0,0,0,73.67298030853271,01.01.2025 00:00:00,31.12.2025 22:00:00,1,,,1.0,1.0,22.73528945954023,52.52507397859853,47.53771594643762,20000,205479.4520547945,1581014.729102067,13259.64419043911,12540038.28734183,190951.1809748145,14.12658201355894,0,499741.9653116611,99380.50446538716,10.0,7.0,265487.91907182,24063.34975907264,24063.34975907264,112548.1348125363,288,5.0,32791221.05875483,40715939.80141099,9994858.65528145,17237350.05768161,1999119.308959896,861393.724397587,1014919.37628277,5734707.685855009,1903276.390050685,33124385.93694418,0,2995832.857497294,1015195.495213019,23091836.73469388,700000,2004514.8100061,21586664.84162907,18138844.45156296,439271.4457156483,681169.5217856169,8164038.675947065,491878.9869257978,287402.4924083337,119910.9206889794,603169.5106371151,83832.3545775171,25835.91177491119,40587.50638120785,286669.9195931409,79813.21598697368,662336.4945692018,0,125629.1814295754,42571.86068823239,0,0,0,647452.0913800936,906735.158143768,1163.62941327311,20430.42010889874,106087.2592603631,BO,0.0,996.6442292251337,optimal,235.45189714291962,30.93198488992256,1.5463532512861187
393.0,393.0,ok,optimal,lcom,1179.459910664844,USD/ton,-16656694.80262432,-37550443.23335385,25630.8991842,15252971.01440118,305338076.9861629,5640777.416328355,0,0,0,42.26979827880859,01.01.2025 00:00:00,31.12.2025 22:00:00,1,,,1.0,1.0,41.90365922375317,110.3618784706321,99.7421350771622,20000,205479.4520547945,2358148.564499524,19777.30525712251,12540038.28734183,203436.6879826309,20.0,0,707520,140700,10.0,7.0,375870,25636.7525550892,25636.7525550892,167870.1770830545,288,0.0,56853067.78974953,79427635.42315143,18082102.89283061,17237350.05768161,1999119.308959896,1186068.851370285,1454464.969114086,5734707.685855009,1985781.69054318,45294080.38089943,0,3781662.987904636,1281489.125845887,23091836.73469388,700000,2530314.549003043,22601021.65947727,20841996.21717591,574207.1401215675,681169.5217856169,0,852814.518188839,560657.5827072792,216935.6947060417,603169.5106371151,83832.3545775171,35573.94178185261,58165.31597945748,286669.9195931409,83273.0463104625,905674.8246240296,0,158582.6874233123,53738.78902757388,0,0,0,677875.8482661023,1041861.888527548,1521.073869184317,20430.42010889874,0,BO,0.0,1179.459910664844,optimal,418.26757858263,54.94900052900877,1.5216538169793075
394.0,394.0,ok,optimal,lcom,1134.455318084114,USD/ton,-16492880.38674856,-34958040.94474515,24059.2361755,12751042.21471303,256886600.9623519,5714118.34328356,0,0,0,46.18634629249573,01.01.2025 00:00:00,31.12.2025 22:00:00,1,,,1.0,1.0,30.86692705139292,69.65231417105208,83.42500343423423,20000,205479.4520547945,1919974.005560182,16102.42567637499,12540038.28734183,261298.3773007861,20.0,0,707520,140700,0.0,7.0,375870,32928.38626274985,32928.38626274985,136677.723007097,288,5.0,43178863.36698856,52489985.56615561,15674113.75607606,17237350.05768161,1999119.308959896,1006211.437865047,1208801.620439396,5734707.685855009,2348364.378745621,45294080.38089943,0,3781662.987904636,1281489.125845887,0,700000,2530314.549003043,27098232.36872719,25977769.34238566,500326.8310865154,681169.5217856169,8164038.675947065,647697.0019355624,370512.2060738433,188046.4222954988,603169.5106371151,83832.3545775171,30179.45127678794,48341.02553337099,286669.9195931409,98477.82190580749,905674.8246240296,0,158582.6874233123,53738.78902757388,0,0,0,812761.3667305228,1298591.917240944,1325.365039272017,20430.42010889874,106087.2592603631,BO,0.0,1134.455318084114,optimal,373.2629860018999,49.0366192971036,1.480697032343982
395.0,395.0,ok,optimal,lcom,766.6916768419005,USD/ton,-22088247.61537174,-32694957.64136744,22613.32467387,7021645.802898426,140561194.5837123,3585064.223097277,0,0,0,48.73431992530823,01.01.2025 00:00:00,31.12.2025 22:00:00,1,,,1.0,1.0,0.0,34.4165974097372,108.8065757821034,20000,205479.4520547945,1474354.508204543,12365.10693386463,12540038.28734183,189472.7939637109,6.68978468321244,0,236657.8229533233,47062.63524639952,0.0,7.0,125724.468443953,23877.04589048254,23877.04589048254,104955.2840314893,288,0.0,0,27830793.99205455,22267738.9492459,17237350.05768161,1999119.308959896,814581.4357909356,953083.4965455953,5734707.685855009,1893390.886286141,16903840.11250503,0,1815594.5048345,615249.064322395,0,700000,1214816.12860965,21465367.03270888,18015204.06306813,419188.3434583993,681169.5217856169,0,0,196449.8326216252,267151.8598869803,603169.5106371151,83832.3545775171,24431.86374882539,38114.63590295132,286669.9195931409,79398.6709155253,337999.6304290046,0,76136.30743102948,25800.24988133186,0,0,0,643813.9879193985,900554.5501389864,1110.429304947758,20430.42010889874,0,BO,0.0,766.6916768419005,optimal,5.499344759686437,0.7224645504038616,0.07624842647063197
396.0,396.0,ok,optimal,lcom,824.1351220222141,USD/ton,-22101352.94535378,-34424011.51355351,23732.1049306,8145010.998214494,163049021.261357,4177647.569985235,0,0,0,37.81644320487976,01.01.2025 00:00:00,31.12.2025 22:00:00,1,,,1.0,1.0,0.0,36.07237024559551,116.838501564064,20000,205479.4520547945,2384701.589869298,20000.0,12540038.28734183,211912.0000658722,12.25693001820463,0,433601.156324007,86227.50267806956,0.0,0.0,230350.6142971287,26704.79726649232,26704.79726649232,169760.4146779283,288,0.0,0,29032983.68308984,23573322.07106375,17237350.05768161,1999119.308959896,1196741.092543711,1469196.403920849,5734707.685855009,2040835.994764489,29151303.9833429,0,2724008.568045079,923082.6146660383,0,0,1822636.901643236,23279820.10200235,21604212.16245051,578531.1095421627,681169.5217856169,0,0,204935.7552169616,282815.2804087346,603169.5106371151,83832.3545775171,35894.03591951309,58754.4388380768,286669.9195931409,85581.72890474975,582892.9939774082,0,114230.3268869739,38709.13992486354,0,0,0,698235.1522374538,1079963.984696012,1532.528057816362,20430.42010889874,0,BO,0.0,824.1351220222141,optimal,62.94278994000001,8.268973199956218,1.1582549554161585
397.0,397.0,ok,optimal,lcom,764.3563607056092,USD/ton,-22213845.05118925,-32859889.73349534,22698.92650567,7084837.072752231,141826174.4228044,3561207.609553851,0,0,0,52.20159673690796,01.01.2025 00:00:00,31.12.2025 22:00:00,1,,,1.0,1.0,0.0,36.23483672220216,116.8139223769395,20000,205479.4520547945,1533865.812070868,12864.21595546416,12540038.28734183,183148.7023258699,6.563446148281265,0,232188.4709415981,46173.84365315871,0.0,7.0,123350.125187724,23080.09439632098,23080.09439632098,109191.7317553009,288,0.0,0,29150642.80712248,23569354.71251909,17237350.05768161,1999119.308959896,840780.9533238321,987638.1344600758,5734707.685855009,1850812.667897811,16616256.36211572,0,1792549.332031921,607439.7649627742,0,700000,1199396.580063637,20943517.98820677,17484987.81838315,430450.7274350013,681169.5217856169,0,0,205766.2782422557,282767.6829756743,603169.5106371151,83832.3545775171,25217.66982606207,39496.505852061,286669.9195931409,77613.16852694275,332249.2683395604,0,75169.91633619725,25472.76970044245,0,0,0,628162.0908928592,874049.7906015951,1140.26334352816,20430.42010889874,0,BO,0.0,764.3563607056092,optimal,3.1640286233950974,0.41566743253180327,0.036896332076855734
398.0,398.0,ok,optimal,lcom,768.4341724309601,USD/ton,-22179173.05506733,-32890177.96993642,22738.53801054,7093855.405188899,142006705.827554,3617149.509680194,0,0,0,47.8707537651062,01.01.2025 00:00:00,31.12.2025 22:00:00,1,,,1.0,1.0,0.0,34.77613566610648,114.0188785548041,20000,205479.4520547945,1593826.162087983,13367.09103444124,12540038.28734183,193016.0950236436,6.531068862313949,0,231043.0920732183,45946.06944637863,0.0,7.0,122741.6426638972,24323.56678797884,24323.56678797884,113460.1458522182,288,0.0,0,28092322.623675,23117103.58605468,17237350.05768161,1999119.308959896,866973.3178484458,1022318.160660674,5734707.685855009,1917041.649312604,16542467.38205642,0,1786619.961991585,605430.4840580215,0,700000,1195429.232542858,21755654.41352646,18311345.27645782,441653.165087291,681169.5217856169,0,0,198295.8904783385,277341.9085022834,603169.5106371151,83832.3545775171,26003.26136204345,40883.39018751689,286669.9195931409,80390.45722021308,330773.8256103473,0,74921.27032021667,25388.51122297283,0,0,0,652520.6210741942,915358.2302010126,1169.938584383676,20430.42010889874,0,BO,0.0,768.4341724309601,optimal,7.2418403487459955,0.9513811481700299,0.07390868185255911
399.0,399.0,ok,optimal,lcom,841.0354557333856,USD/ton,-23790205.53124366,-37896652.37615606,25918.0821757,9557884.316859746,192965107.1679196,4548562.528052662,0,0,0,49.58514094352722,01.01.2025 00:00:00,31.12.2025 22:00:00,1,,,1.0,1.0,0.0,46.35677207601174,200.0,20000,205479.4520547945,1600130.842413859,13419.9670869642,12540038.28734183,234002.7546039209,10.24340063476292,0,362370.540855373,72062.32346555711,0.0,7.0,192509.3498294169,29488.63735680839,29488.63735680839,113908.9588823596,288,5.0,0,36386168.53974935,39300154.27983114,17237350.05768161,1999119.308959896,869715.8156130811,1025957.017115377,5734707.685855009,2181031.491925786,24803569.98404326,0,2415406.954686226,818507.0316479993,0,700000,1616151.248472862,25015088.80276764,23574147.83093204,442822.9209056342,681169.5217856169,8164038.675947065,0,256839.84155884,471494.1797024125,603169.5106371151,83832.3545775171,26085.51751075125,41028.91121413923,286669.9195931409,91460.77703135305,495958.1628865856,0,101289.2283950818,34323.80018229457,0,0,0,750281.3278583526,1178438.280269992,1173.037265825065,20430.42010889874,106087.2592603631,BO,0.0,841.0354557333856,optimal,79.84312365117148,10.489218070912973,1.1679236902884027
